amount,hour_of_day,is_weekend,payment_method,is_international,merchant_risk_tier,merchant_age_days,is_fraud
264.82,20,0,WALLET,0,LOW,69,0
692.22,23,0,WALLET,0,MEDIUM,472,0
447.85,4,0,WALLET,0,MEDIUM,501,0
514.23,12,0,WALLET,0,LOW,615,0
17786.02,0,1,NETBANKING,0,LOW,288,0
618.88,6,1,NETBANKING,1,LOW,908,0
204.09,6,1,NETBANKING,0,LOW,38,0
492.91,8,1,CARD,0,MEDIUM,718,0
23.13,6,0,UPI,0,HIGH,593,0
781.86,23,0,UPI,0,LOW,185,0
345.14,7,0,CARD,0,LOW,716,0
666.15,2,1,NETBANKING,0,LOW,447,0
742.68,15,1,UPI,1,LOW,887,0
12411.98,5,1,WALLET,0,LOW,627,0
447.5,21,0,NETBANKING,0,LOW,184,0
136477.64,9,0,UPI,0,LOW,554,0
7207.88,22,1,WALLET,0,LOW,718,0
1824.49,6,1,WALLET,0,LOW,426,0
322.84,18,0,CARD,0,MEDIUM,104,0
13413.43,3,0,NETBANKING,0,MEDIUM,658,0
53367.37,14,1,UPI,0,LOW,591,0
365.63,16,1,CARD,0,LOW,797,0
195243.55,23,1,CARD,0,LOW,628,1
468.3,18,1,WALLET,1,MEDIUM,849,0
2950.19,15,1,CARD,0,LOW,921,0
377.27,23,0,CARD,0,MEDIUM,380,0
6487.72,1,1,UPI,0,LOW,70,0
936.49,9,0,CARD,0,MEDIUM,251,0
49023.17,21,1,NETBANKING,0,LOW,742,0
662.23,18,1,WALLET,0,MEDIUM,457,0
879.26,20,0,WALLET,0,LOW,404,0
886.56,15,1,WALLET,1,LOW,378,0
6135.48,19,1,WALLET,0,LOW,544,0
520.84,11,0,UPI,0,LOW,930,0
679.9,22,0,NETBANKING,0,HIGH,439,0
409.28,10,1,NETBANKING,0,LOW,836,0
460.79,19,1,CARD,0,HIGH,679,0
488.87,5,0,CARD,0,HIGH,708,0
339.15,3,0,WALLET,0,LOW,763,0
778.86,12,0,CARD,1,HIGH,334,0
8136.98,5,0,NETBANKING,0,MEDIUM,657,0
18055.16,7,1,NETBANKING,0,MEDIUM,300,0
642.68,6,1,NETBANKING,0,LOW,68,0
115.67,14,0,CARD,0,LOW,109,0
113278.38,21,1,UPI,0,HIGH,797,1
6372.7,11,0,CARD,0,MEDIUM,534,0
611.39,20,0,UPI,0,MEDIUM,155,0
10897.3,0,1,CARD,0,LOW,945,0
641.21,20,1,CARD,0,MEDIUM,27,0
628.37,10,0,CARD,0,HIGH,425,0
7077.9,2,1,NETBANKING,0,LOW,340,0
835.82,12,0,WALLET,0,MEDIUM,214,0
148.79,15,1,WALLET,0,HIGH,886,0
681.05,8,0,UPI,0,MEDIUM,289,0
383.99,20,1,WALLET,0,LOW,399,0
15852.71,0,0,NETBANKING,0,LOW,377,0
207.49,0,0,NETBANKING,0,LOW,914,0
61.22,3,0,UPI,0,LOW,522,0
895.29,11,0,WALLET,0,MEDIUM,374,0
16344.98,23,0,NETBANKING,0,LOW,311,0
284.31,8,0,WALLET,0,MEDIUM,735,0
8315.87,13,1,NETBANKING,0,HIGH,215,0
108.56,10,0,NETBANKING,0,MEDIUM,302,0
13789.04,23,1,WALLET,0,MEDIUM,637,0
639.88,18,1,UPI,0,LOW,686,0
617.99,2,0,CARD,0,MEDIUM,475,0
972.29,17,1,NETBANKING,0,LOW,952,0
6102.41,19,1,NETBANKING,0,LOW,304,0
123064.77,23,0,UPI,0,LOW,651,0
181.46,17,0,NETBANKING,0,LOW,833,0
414.42,4,0,NETBANKING,0,HIGH,452,0
454.19,20,1,UPI,0,LOW,821,0
194.65,0,1,NETBANKING,0,LOW,26,0
810.2,7,1,UPI,0,LOW,499,0
13403.19,3,0,WALLET,0,LOW,56,0
7179.59,18,1,UPI,0,LOW,670,0
4501.92,12,1,CARD,0,LOW,686,0
4337.42,0,1,NETBANKING,0,LOW,788,0
233.96,5,1,NETBANKING,0,LOW,605,0
174003.35,20,1,WALLET,1,LOW,922,1
716.48,14,1,UPI,0,LOW,25,0
505.53,14,1,WALLET,0,MEDIUM,911,0
15265.02,7,0,NETBANKING,0,LOW,65,0
189.49,12,1,UPI,0,LOW,366,0
298.81,1,0,NETBANKING,0,MEDIUM,904,0
923.75,9,0,WALLET,0,HIGH,614,0
724.65,13,1,CARD,0,LOW,80,0
291.21,14,1,UPI,0,MEDIUM,34,0
440.63,4,0,NETBANKING,0,LOW,821,0
18983.59,5,1,UPI,0,LOW,666,0
7186.83,19,1,WALLET,0,LOW,644,0
765.39,21,1,NETBANKING,0,LOW,563,0
934.97,21,1,NETBANKING,0,LOW,371,0
146.05,16,0,NETBANKING,0,HIGH,787,0
994.69,12,0,WALLET,0,LOW,259,0
444.91,23,1,WALLET,1,MEDIUM,940,0
18128.16,14,1,CARD,0,LOW,589,0
296.63,21,0,UPI,0,HIGH,493,0
11749.3,15,1,UPI,0,LOW,606,0
969.16,7,0,UPI,0,LOW,98,0
972.68,8,0,UPI,0,LOW,706,0
193.84,20,1,CARD,0,LOW,616,0
966.4,8,1,WALLET,0,LOW,396,0
857.82,3,0,NETBANKING,0,LOW,773,0
422.04,23,0,NETBANKING,0,MEDIUM,935,0
800.58,6,0,NETBANKING,0,LOW,175,0
598.57,7,1,UPI,0,LOW,288,0
10715.9,4,1,UPI,0,LOW,699,0
17527.0,21,0,UPI,0,HIGH,520,0
661.69,22,0,NETBANKING,0,MEDIUM,492,0
13241.67,16,1,CARD,0,LOW,966,0
353.05,15,1,CARD,1,LOW,221,0
4448.15,0,0,WALLET,0,LOW,738,0
3293.64,23,1,CARD,0,MEDIUM,10,0
434.95,12,0,WALLET,0,LOW,242,0
683.17,1,1,UPI,0,LOW,381,0
599.88,5,0,WALLET,1,MEDIUM,424,0
353.64,8,1,WALLET,0,LOW,620,0
555.76,20,0,CARD,0,LOW,827,0
814.12,22,1,UPI,0,LOW,650,0
86.52,12,0,UPI,1,LOW,587,0
616.27,4,1,CARD,0,LOW,78,0
17712.62,19,1,NETBANKING,0,LOW,767,0
4429.67,14,1,NETBANKING,0,LOW,422,0
11753.36,5,0,NETBANKING,0,LOW,379,0
216.05,3,0,WALLET,0,LOW,498,0
730.49,7,1,WALLET,0,MEDIUM,849,0
488.93,21,1,WALLET,0,MEDIUM,132,0
417.83,11,0,NETBANKING,0,LOW,551,0
126.83,4,1,CARD,0,HIGH,351,0
16297.76,12,1,CARD,0,MEDIUM,443,0
17636.59,14,1,UPI,0,LOW,537,0
181.02,17,1,CARD,0,MEDIUM,253,0
446.34,3,1,WALLET,1,LOW,948,0
572.48,23,1,WALLET,0,LOW,701,0
876.39,4,0,WALLET,0,MEDIUM,290,0
833.23,9,0,UPI,0,LOW,247,0
582.84,4,0,WALLET,0,MEDIUM,151,0
592.37,15,1,NETBANKING,0,LOW,984,0
1668.66,9,0,NETBANKING,1,LOW,752,0
409.17,13,1,WALLET,0,MEDIUM,108,0
589.23,8,1,UPI,0,MEDIUM,651,0
939.7,11,0,NETBANKING,0,LOW,76,0
892.07,6,0,NETBANKING,0,HIGH,413,0
261.02,7,0,CARD,0,MEDIUM,428,0
984.55,21,0,UPI,0,LOW,695,0
86.81,0,1,CARD,0,LOW,732,0
27895.82,21,0,CARD,0,LOW,527,0
693.96,18,0,UPI,0,LOW,258,0
468.75,4,0,WALLET,0,LOW,327,0
11345.77,15,1,WALLET,0,LOW,111,0
619.85,17,1,NETBANKING,0,HIGH,579,0
405.97,1,0,UPI,0,HIGH,699,0
288.04,18,0,CARD,0,MEDIUM,345,0
764.43,23,1,WALLET,0,LOW,447,0
604.1,7,1,CARD,1,LOW,669,0
390.93,14,1,WALLET,0,LOW,876,0
296.62,18,1,NETBANKING,0,LOW,446,0
531.35,20,1,WALLET,1,MEDIUM,87,0
159433.96,5,1,WALLET,0,LOW,746,1
340.36,17,1,NETBANKING,0,LOW,822,0
1536.95,23,1,NETBANKING,0,LOW,703,0
27660.82,5,0,UPI,0,MEDIUM,554,0
15233.88,19,1,CARD,0,HIGH,909,0
705.43,0,0,UPI,0,LOW,961,0
8408.75,8,0,UPI,1,MEDIUM,939,0
16357.92,19,1,UPI,0,MEDIUM,825,0
638.7,6,1,NETBANKING,0,MEDIUM,970,0
318.36,0,0,CARD,0,LOW,443,0
483.21,10,0,CARD,0,LOW,822,0
15229.5,5,1,UPI,0,LOW,392,0
561.0,21,1,CARD,0,LOW,419,0
551.12,2,1,CARD,0,HIGH,746,0
772.33,4,0,UPI,0,LOW,752,0
874.89,12,0,NETBANKING,0,MEDIUM,27,0
582.83,18,1,NETBANKING,0,MEDIUM,883,0
5803.49,16,0,UPI,0,MEDIUM,986,0
14381.8,3,0,NETBANKING,0,LOW,952,0
542.98,2,0,NETBANKING,0,MEDIUM,734,0
149.14,5,0,WALLET,0,LOW,412,0
460.03,17,1,CARD,0,LOW,983,0
530.99,6,1,UPI,0,HIGH,216,0
857.65,22,0,WALLET,0,HIGH,67,0
611.39,1,0,NETBANKING,0,LOW,354,0
411.12,8,0,WALLET,0,HIGH,444,0
381.33,16,1,NETBANKING,0,MEDIUM,558,0
18841.32,18,0,WALLET,0,LOW,642,0
419.22,18,1,NETBANKING,0,LOW,895,0
353.22,23,0,NETBANKING,0,LOW,614,0
51.39,14,0,WALLET,0,LOW,227,0
864.96,9,1,CARD,0,MEDIUM,460,0
77.73,6,1,CARD,0,LOW,458,0
792.67,8,0,WALLET,0,MEDIUM,183,0
252.18,3,0,WALLET,0,LOW,849,0
60.37,8,0,WALLET,0,MEDIUM,291,0
911.7,23,1,CARD,0,LOW,235,0
624.68,18,1,UPI,0,LOW,413,0
115210.39,2,1,NETBANKING,0,MEDIUM,266,1
68088.48,16,0,NETBANKING,0,MEDIUM,763,0
544.77,16,1,WALLET,0,LOW,75,0
939.71,5,0,NETBANKING,0,LOW,907,0
11140.45,1,1,WALLET,0,MEDIUM,166,0
533.0,8,1,UPI,0,LOW,16,0
941.79,19,0,CARD,0,HIGH,205,0
252.77,18,1,NETBANKING,0,LOW,789,0
748.67,3,0,CARD,0,LOW,255,0
862.9,5,1,NETBANKING,0,LOW,632,0
5914.92,7,1,UPI,0,LOW,41,0
652.8,1,0,UPI,0,LOW,50,0
888.27,3,0,WALLET,1,HIGH,859,1
13869.73,11,1,CARD,0,LOW,423,0
6665.24,7,1,NETBANKING,0,LOW,182,0
122.18,7,1,NETBANKING,0,LOW,331,0
951.09,14,0,NETBANKING,1,LOW,165,0
533.07,4,1,UPI,0,LOW,977,0
12202.1,19,1,NETBANKING,1,LOW,849,0
72.59,8,0,WALLET,0,LOW,169,0
275.2,22,0,CARD,0,LOW,575,0
322.27,6,0,NETBANKING,0,LOW,634,0
190.21,8,1,CARD,0,LOW,519,0
885.38,20,0,UPI,0,MEDIUM,243,0
651.65,22,1,UPI,0,LOW,490,0
853.38,1,1,CARD,0,MEDIUM,648,0
984.23,8,0,UPI,0,LOW,200,0
10.23,6,1,CARD,0,LOW,394,0
511.86,8,0,WALLET,0,LOW,926,0
725.5,22,0,CARD,0,MEDIUM,245,0
3241.85,15,0,UPI,0,HIGH,325,0
301.66,20,1,WALLET,0,LOW,972,0
343.45,5,1,NETBANKING,0,LOW,954,0
977.54,5,1,CARD,0,MEDIUM,853,0
663.32,18,0,WALLET,0,LOW,638,0
906.79,14,1,NETBANKING,0,MEDIUM,696,0
637.56,15,1,NETBANKING,0,MEDIUM,132,0
5182.2,2,1,UPI,0,MEDIUM,519,0
200.19,13,1,UPI,0,LOW,491,0
651.68,23,1,NETBANKING,1,LOW,897,0
131095.21,5,0,NETBANKING,0,MEDIUM,724,1
998.68,13,0,NETBANKING,0,MEDIUM,23,0
468.48,20,0,CARD,0,MEDIUM,670,0
472.1,10,0,CARD,0,LOW,820,0
589.27,22,0,CARD,0,HIGH,194,0
979.97,23,1,UPI,1,LOW,589,0
257.37,14,0,UPI,0,LOW,260,0
1007.91,2,0,UPI,0,MEDIUM,501,0
7827.43,0,0,UPI,0,LOW,622,0
19043.82,16,1,WALLET,0,LOW,126,0
533.55,8,1,NETBANKING,0,HIGH,384,0
9348.28,10,1,UPI,0,LOW,676,0
6112.44,23,0,WALLET,0,LOW,248,0
501.72,7,1,UPI,0,LOW,267,0
4823.65,7,0,CARD,1,LOW,762,0
828.7,0,0,UPI,0,LOW,494,0
3596.03,9,1,UPI,0,MEDIUM,339,0
17.31,9,1,CARD,0,LOW,108,0
784.62,0,1,NETBANKING,0,LOW,592,0
961.22,22,1,CARD,0,LOW,478,0
297.31,12,1,CARD,0,HIGH,834,0
225.29,3,1,UPI,1,HIGH,836,1
17234.08,7,0,CARD,0,MEDIUM,835,0
623.38,10,0,CARD,0,LOW,990,0
997.76,10,1,WALLET,1,MEDIUM,435,0
466.0,15,0,NETBANKING,0,MEDIUM,761,0
548.78,20,0,NETBANKING,0,LOW,559,0
118.21,14,1,CARD,0,LOW,13,0
153.86,7,1,WALLET,0,LOW,799,0
540.54,19,0,WALLET,1,LOW,803,0
16030.17,23,1,NETBANKING,0,LOW,269,0
952.52,23,0,UPI,0,MEDIUM,797,0
565.59,2,0,UPI,0,LOW,245,0
988.57,9,1,CARD,0,LOW,381,0
558.68,8,0,CARD,0,MEDIUM,88,0
15.99,3,1,NETBANKING,1,MEDIUM,395,0
118.1,22,1,CARD,0,LOW,235,0
28.75,11,0,NETBANKING,0,MEDIUM,425,0
708.88,9,1,NETBANKING,0,LOW,142,0
404.63,6,0,CARD,0,LOW,487,0
247.75,21,1,WALLET,1,LOW,132,0
126.06,7,0,UPI,0,MEDIUM,501,0
265.1,12,0,NETBANKING,0,LOW,403,0
7512.01,23,1,WALLET,0,LOW,572,0
829.67,16,0,UPI,0,LOW,233,0
207.12,18,1,CARD,0,LOW,313,0
21.13,4,1,CARD,0,MEDIUM,364,0
14149.38,9,0,CARD,1,LOW,359,0
14321.75,16,0,CARD,0,LOW,650,0
144.93,4,1,WALLET,0,LOW,210,0
18784.17,15,0,UPI,0,LOW,308,0
856.41,15,1,NETBANKING,0,LOW,884,0
822.25,0,0,WALLET,1,LOW,91,0
620.72,8,0,UPI,0,MEDIUM,873,0
29.55,8,1,UPI,0,MEDIUM,798,0
13936.91,4,0,CARD,1,LOW,367,1
205.61,4,0,WALLET,1,LOW,475,0
804.08,5,0,WALLET,0,HIGH,888,0
14741.82,8,1,NETBANKING,0,LOW,321,0
822.43,17,0,UPI,0,LOW,953,0
160.72,13,1,CARD,0,LOW,75,0
958.25,12,0,CARD,0,LOW,929,0
1942.73,17,0,WALLET,0,MEDIUM,571,0
5457.22,0,0,UPI,0,LOW,381,0
5777.44,1,0,NETBANKING,1,MEDIUM,908,0
145.63,14,1,WALLET,0,MEDIUM,416,0
61.31,23,1,WALLET,0,LOW,634,0
9940.6,6,1,CARD,0,MEDIUM,568,0
47.53,23,1,NETBANKING,0,LOW,806,0
140421.41,17,1,UPI,0,LOW,9,1
848.61,21,0,CARD,0,MEDIUM,926,0
553.14,10,1,WALLET,0,LOW,330,0
894.22,7,1,UPI,0,LOW,754,0
47.52,19,0,NETBANKING,0,LOW,2,0
16525.3,0,0,CARD,0,LOW,810,0
13211.31,16,1,CARD,0,HIGH,502,0
12765.57,12,1,WALLET,0,HIGH,738,0
940.35,7,1,NETBANKING,0,LOW,672,0
180.58,19,1,NETBANKING,0,MEDIUM,263,0
509.86,9,0,UPI,0,LOW,552,0
142795.95,15,0,CARD,0,LOW,259,1
2512.84,1,0,WALLET,0,LOW,717,0
905.64,10,0,NETBANKING,0,MEDIUM,703,0
972.35,16,1,CARD,0,MEDIUM,643,0
695.49,18,1,NETBANKING,0,LOW,466,0
302.94,6,1,UPI,0,MEDIUM,971,0
538.67,19,1,NETBANKING,0,LOW,881,0
946.77,23,1,CARD,0,MEDIUM,324,0
911.79,7,0,NETBANKING,0,LOW,567,0
17613.82,14,1,NETBANKING,0,MEDIUM,558,0
630.86,1,0,UPI,0,MEDIUM,889,0
11362.92,23,0,NETBANKING,0,MEDIUM,827,0
414.5,0,1,WALLET,0,MEDIUM,208,0
716.5,17,1,CARD,0,LOW,941,0
154480.77,17,1,WALLET,0,MEDIUM,230,0
11649.22,17,0,WALLET,0,LOW,96,0
316.28,19,1,NETBANKING,0,MEDIUM,561,0
49.59,9,0,NETBANKING,0,LOW,600,0
11837.61,20,1,WALLET,0,LOW,970,0
18989.79,22,0,NETBANKING,0,HIGH,156,0
146823.55,7,0,UPI,1,LOW,948,1
239.81,13,1,CARD,0,MEDIUM,761,0
6895.29,18,1,NETBANKING,0,MEDIUM,278,0
207.02,18,1,WALLET,0,HIGH,819,0
959.63,15,0,UPI,1,MEDIUM,445,0
142149.54,1,1,CARD,1,LOW,400,1
14.86,4,0,WALLET,0,LOW,300,0
363.56,14,0,NETBANKING,1,LOW,409,0
14186.99,11,0,NETBANKING,0,LOW,473,0
955.76,2,1,WALLET,0,MEDIUM,220,0
19439.4,10,0,NETBANKING,0,MEDIUM,540,0
510.44,9,0,UPI,0,MEDIUM,293,0
610.92,2,0,UPI,0,MEDIUM,440,0
687.66,14,0,WALLET,0,MEDIUM,380,0
112.49,14,1,UPI,0,LOW,170,0
44.91,15,1,NETBANKING,0,MEDIUM,293,0
16754.68,0,1,WALLET,0,LOW,980,0
59.97,13,0,NETBANKING,0,LOW,784,0
8972.01,11,0,WALLET,0,MEDIUM,655,0
19815.34,20,0,CARD,0,LOW,708,0
374.43,16,1,UPI,0,MEDIUM,985,0
12322.4,18,0,UPI,0,LOW,333,0
4183.86,19,1,UPI,0,MEDIUM,638,0
4483.93,16,1,UPI,0,MEDIUM,990,0
5215.28,0,0,NETBANKING,0,MEDIUM,577,0
162510.69,15,1,CARD,0,MEDIUM,726,1
574.93,4,0,NETBANKING,0,LOW,137,0
175410.11,22,0,CARD,0,MEDIUM,702,1
3576.74,21,0,UPI,0,LOW,611,0
108738.85,3,0,CARD,0,LOW,379,1
552.89,14,1,CARD,0,LOW,291,0
342.06,13,0,WALLET,0,MEDIUM,515,0
747.84,5,0,WALLET,0,LOW,173,0
15461.91,18,1,WALLET,1,MEDIUM,687,0
129.68,10,1,UPI,0,LOW,355,0
7182.45,3,0,WALLET,0,MEDIUM,60,0
690.85,7,0,UPI,0,LOW,689,0
116.79,17,1,WALLET,0,LOW,643,0
555.33,2,0,WALLET,0,LOW,978,0
516.88,9,1,UPI,0,MEDIUM,853,0
180.1,4,0,NETBANKING,0,MEDIUM,896,0
621.27,23,0,CARD,0,MEDIUM,242,0
12.55,6,0,CARD,0,MEDIUM,100,0
164.29,1,0,NETBANKING,0,LOW,185,0
16857.11,8,0,UPI,0,LOW,793,0
13756.35,0,1,CARD,0,HIGH,827,0
9505.18,14,1,UPI,1,MEDIUM,110,0
15787.87,8,0,WALLET,0,MEDIUM,280,0
9527.59,21,1,UPI,1,LOW,363,0
6280.96,20,0,CARD,0,HIGH,815,0
566.59,20,1,CARD,0,HIGH,597,0
818.5,21,1,WALLET,0,LOW,748,0
615.97,8,1,CARD,0,LOW,153,0
3297.86,18,0,WALLET,0,MEDIUM,162,0
346.53,3,0,UPI,0,MEDIUM,868,0
236.45,7,0,NETBANKING,0,LOW,734,0
163656.98,22,0,CARD,0,MEDIUM,400,1
19213.12,19,0,WALLET,0,LOW,655,0
4372.99,7,0,UPI,0,LOW,979,0
296.61,15,0,WALLET,0,MEDIUM,913,0
535.36,13,1,WALLET,0,LOW,778,0
478.31,0,1,UPI,0,LOW,373,0
276.63,21,0,NETBANKING,0,MEDIUM,974,0
776.38,12,0,WALLET,0,MEDIUM,885,0
459.75,11,0,NETBANKING,0,LOW,461,0
256.58,5,0,CARD,0,LOW,53,0
853.85,5,0,WALLET,0,MEDIUM,813,0
966.61,6,0,UPI,0,LOW,10,0
889.39,18,1,UPI,0,LOW,220,0
384.27,9,1,CARD,0,LOW,694,0
115.46,1,1,WALLET,1,LOW,498,1
319.73,0,0,CARD,0,LOW,846,0
7898.08,8,0,UPI,0,LOW,137,0
172.18,22,0,UPI,0,LOW,195,0
943.43,2,1,WALLET,0,MEDIUM,161,0
509.97,2,1,NETBANKING,0,LOW,645,0
5459.41,17,1,UPI,0,LOW,881,0
13426.93,2,1,UPI,0,LOW,48,0
11650.26,12,0,WALLET,1,LOW,94,0
817.9,0,0,UPI,0,LOW,84,0
855.27,12,0,CARD,0,LOW,695,0
144188.26,11,0,NETBANKING,0,LOW,200,0
101.16,19,0,WALLET,0,LOW,484,0
16243.58,9,0,WALLET,0,MEDIUM,391,0
78421.14,22,1,CARD,0,MEDIUM,333,0
765.93,6,0,CARD,0,LOW,916,0
795.72,9,1,WALLET,0,MEDIUM,996,0
12608.63,12,0,UPI,0,HIGH,911,0
163.47,8,0,WALLET,0,LOW,615,0
463.16,14,0,UPI,0,LOW,813,0
106.58,15,1,UPI,1,MEDIUM,161,0
3975.91,19,1,UPI,0,LOW,409,0
64.13,20,0,NETBANKING,0,LOW,953,0
13459.24,2,1,UPI,0,MEDIUM,912,0
15342.16,18,1,NETBANKING,0,LOW,877,0
273.03,19,0,WALLET,0,HIGH,585,0
6220.64,9,1,WALLET,0,LOW,674,0
194.72,5,0,UPI,1,MEDIUM,553,0
431.01,6,0,CARD,0,LOW,747,0
13157.28,12,0,NETBANKING,0,HIGH,371,0
1790.22,1,1,UPI,0,LOW,671,0
32822.18,1,0,WALLET,0,LOW,782,0
986.64,19,1,UPI,0,MEDIUM,922,0
659.24,18,0,WALLET,0,MEDIUM,371,0
8222.67,9,0,UPI,0,HIGH,586,0
301.75,23,0,NETBANKING,0,LOW,380,0
861.58,6,0,CARD,0,HIGH,39,0
15563.07,13,0,CARD,0,LOW,912,0
568.45,1,0,UPI,0,MEDIUM,650,0
976.77,22,1,UPI,0,MEDIUM,354,0
723.79,21,1,CARD,0,LOW,565,0
67.26,22,0,NETBANKING,0,LOW,41,0
392.31,20,1,NETBANKING,0,LOW,823,0
905.57,8,1,CARD,0,LOW,227,0
5274.23,21,0,UPI,0,LOW,10,0
4266.81,9,0,CARD,0,HIGH,808,0
566.78,12,1,UPI,1,LOW,623,0
197.52,3,1,UPI,0,LOW,413,0
19268.07,22,1,CARD,0,LOW,173,0
5561.77,1,0,NETBANKING,0,LOW,844,0
10596.19,16,1,CARD,0,HIGH,239,0
783.23,14,1,UPI,0,LOW,906,0
14428.08,18,1,WALLET,0,MEDIUM,488,0
2694.99,2,0,UPI,0,HIGH,272,0
260.69,5,0,WALLET,1,MEDIUM,546,0
564.05,16,1,CARD,0,LOW,93,0
987.01,4,1,CARD,0,LOW,500,0
631.28,3,0,WALLET,0,LOW,451,0
142.97,0,0,WALLET,0,LOW,176,0
706.71,15,1,WALLET,0,LOW,932,0
483.94,3,0,UPI,0,LOW,533,0
512.93,9,0,WALLET,0,LOW,402,0
917.81,5,1,NETBANKING,0,LOW,562,0
343.16,7,1,WALLET,0,MEDIUM,456,0
2977.52,12,0,NETBANKING,0,LOW,934,0
437.81,4,0,NETBANKING,0,MEDIUM,411,0
11177.6,23,0,NETBANKING,0,MEDIUM,503,0
827.03,6,0,WALLET,0,HIGH,803,0
740.21,3,1,NETBANKING,0,LOW,751,0
311.25,2,1,WALLET,0,LOW,453,0
191.12,10,1,NETBANKING,0,MEDIUM,26,0
176.28,1,0,CARD,0,LOW,437,0
767.54,7,0,WALLET,0,LOW,713,0
178.77,10,0,CARD,0,LOW,817,0
853.75,1,0,WALLET,0,MEDIUM,568,0
13240.18,11,1,WALLET,0,MEDIUM,63,0
527.7,22,1,NETBANKING,0,LOW,269,0
55.16,7,1,UPI,0,HIGH,285,0
345.47,8,0,NETBANKING,0,LOW,517,0
294.42,12,1,UPI,0,LOW,322,0
18258.96,23,0,UPI,1,MEDIUM,428,0
967.79,23,1,CARD,0,MEDIUM,955,0
109.26,3,1,UPI,0,LOW,829,0
193.32,6,1,CARD,0,LOW,580,0
11054.85,7,0,CARD,0,LOW,133,0
438.89,5,0,NETBANKING,0,MEDIUM,459,0
260.25,23,1,CARD,0,LOW,177,0
581.16,12,1,CARD,0,LOW,96,0
991.4,21,1,WALLET,0,MEDIUM,541,0
8562.28,23,0,UPI,0,LOW,458,0
367.02,8,0,UPI,0,LOW,535,0
595.23,5,0,UPI,1,LOW,275,0
911.06,19,1,WALLET,0,HIGH,787,0
669.09,7,0,CARD,1,LOW,561,0
820.98,17,1,UPI,0,LOW,657,0
243.54,20,1,WALLET,0,MEDIUM,672,0
937.22,12,0,WALLET,0,LOW,732,0
129.52,16,1,UPI,0,HIGH,42,0
363.12,21,0,CARD,0,LOW,549,0
15975.08,16,0,CARD,0,MEDIUM,389,0
98.42,13,1,CARD,0,HIGH,474,0
316.98,16,0,UPI,0,LOW,989,0
202.81,10,1,NETBANKING,0,LOW,796,0
279.03,1,1,UPI,0,MEDIUM,256,0
85.31,12,1,CARD,0,MEDIUM,443,0
290.34,20,1,CARD,0,LOW,585,0
10185.46,4,1,WALLET,0,MEDIUM,973,0
134.94,11,0,CARD,0,LOW,161,0
391.51,18,1,NETBANKING,0,LOW,370,0
17805.04,6,0,UPI,1,MEDIUM,501,0
713.23,0,1,WALLET,1,LOW,52,0
868.85,10,0,WALLET,1,LOW,937,0
891.78,16,1,WALLET,0,MEDIUM,930,0
463.97,19,0,CARD,0,LOW,737,0
527.09,20,1,NETBANKING,0,MEDIUM,620,0
926.8,11,0,WALLET,0,MEDIUM,305,0
317.71,23,0,CARD,0,LOW,120,0
1180.62,8,0,UPI,1,LOW,8,1
11496.95,0,1,CARD,0,LOW,550,0
856.92,19,1,UPI,1,LOW,936,0
401.51,23,0,NETBANKING,1,HIGH,148,1
604.2,4,0,UPI,0,MEDIUM,857,0
14177.9,13,1,WALLET,0,LOW,493,0
685.88,3,0,UPI,0,LOW,5,0
956.34,1,0,UPI,0,MEDIUM,402,0
830.51,10,0,WALLET,0,HIGH,428,0
823.04,8,0,CARD,0,MEDIUM,147,0
319.15,19,0,NETBANKING,0,LOW,616,0
603.12,5,1,UPI,0,HIGH,499,0
988.85,16,1,NETBANKING,0,LOW,335,0
12.66,18,0,WALLET,1,LOW,253,0
350.0,5,1,NETBANKING,0,LOW,295,0
492.54,9,1,UPI,0,MEDIUM,574,0
525.01,22,0,NETBANKING,0,LOW,176,0
490.03,6,0,CARD,1,MEDIUM,350,0
151.34,4,1,CARD,0,LOW,667,0
42.03,19,0,UPI,0,LOW,860,0
337.1,8,1,CARD,0,LOW,75,0
199.92,21,0,NETBANKING,0,MEDIUM,106,0
3474.91,7,0,WALLET,0,MEDIUM,805,0
6254.88,11,1,UPI,1,LOW,90,0
469.52,5,0,WALLET,0,LOW,9,0
14837.3,13,0,CARD,0,HIGH,612,0
322.18,12,0,NETBANKING,0,LOW,566,0
5361.41,9,1,UPI,0,HIGH,234,0
11852.99,9,1,CARD,0,LOW,624,0
156.59,18,1,UPI,0,LOW,786,0
482.35,22,1,WALLET,0,MEDIUM,632,0
16794.09,21,1,UPI,0,LOW,505,0
16429.98,5,0,WALLET,0,LOW,921,0
463.41,22,0,UPI,0,LOW,342,0
15560.64,16,0,UPI,0,LOW,481,0
215.26,11,0,CARD,0,LOW,630,0
13568.91,19,1,UPI,0,MEDIUM,218,0
18014.83,8,0,UPI,0,MEDIUM,170,0
923.97,7,0,UPI,0,MEDIUM,583,0
7885.57,15,0,UPI,1,LOW,870,0
283.79,4,0,NETBANKING,0,LOW,316,0
250.04,23,0,NETBANKING,0,LOW,301,0
831.11,1,1,WALLET,0,MEDIUM,895,0
552.58,12,1,UPI,0,LOW,747,0
766.83,23,1,CARD,0,LOW,730,0
485.43,1,0,UPI,0,LOW,58,0
173.06,19,0,UPI,0,HIGH,376,0
856.4,9,0,WALLET,0,MEDIUM,983,0
530.27,10,1,CARD,0,LOW,834,0
394.69,3,1,CARD,0,LOW,194,0
888.28,8,0,NETBANKING,1,LOW,526,0
683.28,17,0,CARD,1,LOW,371,0
369.92,10,1,CARD,0,LOW,223,0
14038.93,19,1,WALLET,0,MEDIUM,103,0
461.73,0,1,WALLET,0,LOW,625,0
971.37,8,0,UPI,0,HIGH,98,0
259.2,14,0,WALLET,0,MEDIUM,269,0
573.64,18,1,UPI,0,LOW,659,0
18350.32,9,0,WALLET,0,LOW,183,0
597.85,14,1,WALLET,0,LOW,877,0
3987.76,2,0,UPI,0,MEDIUM,980,0
105.54,3,0,CARD,0,LOW,93,0
972.16,20,1,UPI,0,MEDIUM,54,0
10787.03,7,0,NETBANKING,0,LOW,416,0
294.86,21,0,NETBANKING,0,LOW,377,0
440.63,11,1,NETBANKING,1,LOW,82,0
772.01,23,0,WALLET,0,LOW,298,0
317.65,13,0,UPI,0,MEDIUM,393,0
5662.64,13,0,UPI,0,MEDIUM,777,0
1435.61,11,0,WALLET,1,MEDIUM,30,0
391.19,3,0,NETBANKING,0,LOW,535,0
15100.12,20,1,CARD,0,MEDIUM,604,0
632.78,10,0,CARD,0,MEDIUM,435,0
713.99,8,0,UPI,0,MEDIUM,381,0
379.23,21,0,CARD,0,LOW,591,0
83809.09,9,0,UPI,0,LOW,482,0
704.81,9,1,CARD,0,HIGH,324,0
10345.89,7,1,NETBANKING,0,LOW,742,0
7536.13,4,0,CARD,0,LOW,451,0
708.4,15,1,CARD,0,MEDIUM,945,0
828.77,8,0,WALLET,0,MEDIUM,708,0
171.28,10,0,UPI,0,MEDIUM,305,0
19834.19,9,1,UPI,0,MEDIUM,568,0
369.68,23,0,UPI,0,MEDIUM,801,0
358.88,14,0,CARD,0,MEDIUM,935,0
309.36,18,0,WALLET,0,MEDIUM,330,0
160.82,20,0,NETBANKING,0,LOW,769,0
838.09,5,0,CARD,0,LOW,508,0
6108.91,1,0,UPI,0,MEDIUM,640,0
690.87,9,0,CARD,0,LOW,414,0
420.97,5,1,CARD,0,LOW,285,0
4221.85,22,1,WALLET,0,MEDIUM,150,0
755.73,9,1,NETBANKING,0,LOW,30,0
368.67,21,1,CARD,1,LOW,503,0
285.52,7,1,CARD,0,LOW,864,0
764.37,17,0,NETBANKING,0,LOW,252,0
7722.24,14,0,WALLET,1,LOW,150,0
127.61,12,1,NETBANKING,0,HIGH,669,0
472.57,2,1,WALLET,0,LOW,78,0
84.62,9,0,NETBANKING,0,LOW,24,0
20.63,14,0,CARD,0,LOW,764,0
1572.05,19,1,NETBANKING,0,LOW,168,0
142117.35,6,0,CARD,0,LOW,909,1
852.38,17,0,CARD,0,LOW,44,0
184.87,9,1,WALLET,0,LOW,768,0
11279.26,13,1,CARD,1,MEDIUM,120,0
650.85,16,1,UPI,0,LOW,236,0
5801.66,12,1,WALLET,0,LOW,865,0
542.39,21,1,CARD,0,MEDIUM,46,0
2066.05,21,1,WALLET,0,MEDIUM,392,0
8147.78,23,1,UPI,1,MEDIUM,400,0
803.77,2,1,CARD,0,LOW,197,0
560.92,18,0,CARD,0,LOW,280,0
449.6,9,0,WALLET,0,LOW,608,0
163.21,6,0,CARD,0,MEDIUM,983,0
308.28,15,0,NETBANKING,0,MEDIUM,545,0
193969.14,5,0,NETBANKING,0,LOW,448,1
274.71,7,0,WALLET,0,LOW,987,0
111.1,11,1,UPI,0,LOW,66,0
441.93,4,0,NETBANKING,0,HIGH,752,0
253.72,12,1,NETBANKING,0,LOW,917,0
312.26,1,0,UPI,0,MEDIUM,729,0
322.18,21,1,UPI,0,LOW,640,0
475.69,20,0,UPI,0,LOW,230,0
707.93,9,1,UPI,0,HIGH,133,0
237.81,2,1,CARD,0,LOW,3,0
600.83,5,1,NETBANKING,0,LOW,599,0
511.96,0,1,NETBANKING,0,HIGH,1000,0
88.94,0,1,WALLET,0,HIGH,720,0
10809.59,17,0,WALLET,0,HIGH,957,0
7393.64,9,0,UPI,0,LOW,623,0
32.26,0,1,UPI,0,LOW,352,0
54.35,14,0,CARD,1,MEDIUM,818,0
3177.85,11,1,UPI,0,LOW,663,0
747.86,17,1,NETBANKING,1,LOW,793,0
322.3,23,0,UPI,0,LOW,641,0
256.6,17,0,WALLET,0,HIGH,568,0
529.49,13,0,CARD,0,MEDIUM,372,0
385.73,3,1,UPI,0,LOW,82,0
2399.35,2,0,NETBANKING,0,HIGH,691,0
82.28,16,1,WALLET,0,LOW,571,0
219.31,4,0,UPI,0,HIGH,369,0
263.61,6,0,NETBANKING,0,HIGH,658,0
923.76,11,0,NETBANKING,0,MEDIUM,320,0
225.45,23,0,WALLET,0,MEDIUM,117,0
728.11,15,1,CARD,0,LOW,102,0
657.99,20,1,CARD,0,MEDIUM,559,0
761.4,1,0,WALLET,0,LOW,969,0
380.42,0,1,UPI,0,LOW,486,0
204.65,17,0,WALLET,0,MEDIUM,290,0
3519.1,15,0,WALLET,0,LOW,411,0
11161.88,14,1,WALLET,0,MEDIUM,112,0
19.76,21,1,WALLET,0,MEDIUM,346,0
3952.64,11,1,WALLET,0,LOW,856,0
741.26,16,0,NETBANKING,0,MEDIUM,612,0
47.56,20,0,WALLET,0,LOW,70,0
384.51,14,1,CARD,0,LOW,497,0
128.89,15,0,NETBANKING,0,MEDIUM,573,0
893.78,12,0,CARD,0,LOW,793,0
898.4,16,0,CARD,0,LOW,37,0
689.3,18,0,UPI,0,LOW,654,0
2948.36,23,0,NETBANKING,0,MEDIUM,512,0
762.68,21,1,CARD,1,LOW,689,0
489.16,12,0,UPI,0,LOW,230,0
500.22,5,0,NETBANKING,0,MEDIUM,295,0
17760.9,18,0,NETBANKING,0,LOW,266,0
284.97,4,1,UPI,0,LOW,92,0
83.76,21,0,CARD,0,LOW,62,0
6847.91,12,0,CARD,0,LOW,385,0
2742.56,7,1,NETBANKING,0,LOW,406,0
96.06,7,1,NETBANKING,0,MEDIUM,729,0
17.7,23,0,UPI,0,MEDIUM,53,0
2147.68,13,0,WALLET,1,MEDIUM,91,0
3485.84,11,0,WALLET,0,LOW,448,0
733.08,1,1,NETBANKING,0,LOW,679,0
181521.71,0,0,NETBANKING,0,LOW,962,1
21391.7,21,1,NETBANKING,0,LOW,371,0
76.93,21,1,CARD,0,LOW,722,0
770.39,22,0,WALLET,0,LOW,386,0
376.39,4,1,UPI,0,LOW,308,0
98.75,22,1,CARD,0,LOW,131,0
6347.37,9,1,NETBANKING,0,LOW,433,0
918.24,7,0,WALLET,0,MEDIUM,775,0
1926.85,0,0,WALLET,1,HIGH,119,1
495.6,14,0,WALLET,0,HIGH,547,0
7879.14,22,1,CARD,0,LOW,606,0
167.59,18,1,UPI,0,MEDIUM,937,0
10806.82,18,1,WALLET,0,HIGH,896,0
696.62,17,0,CARD,0,MEDIUM,483,0
128.11,19,1,UPI,0,LOW,701,0
328.63,12,1,CARD,0,HIGH,994,0
72.66,9,0,NETBANKING,0,LOW,282,0
250.78,22,0,NETBANKING,0,MEDIUM,670,0
493.53,4,1,WALLET,0,MEDIUM,77,0
653.21,5,0,UPI,0,MEDIUM,63,0
642.92,13,0,WALLET,0,HIGH,786,0
6198.94,9,1,WALLET,0,LOW,356,0
960.33,4,1,NETBANKING,0,HIGH,61,0
6737.87,18,1,WALLET,0,LOW,28,0
260.01,14,0,UPI,1,MEDIUM,941,0
11489.51,9,1,WALLET,0,LOW,268,0
437.94,9,0,WALLET,0,MEDIUM,545,0
972.03,13,0,UPI,0,LOW,236,0
4685.89,20,0,WALLET,0,LOW,181,0
941.31,18,1,WALLET,0,LOW,313,0
111.78,17,1,NETBANKING,0,LOW,443,0
999.78,17,0,NETBANKING,1,MEDIUM,529,0
902.71,3,1,NETBANKING,0,MEDIUM,541,0
901.55,10,0,NETBANKING,0,LOW,990,0
3181.64,10,1,UPI,0,LOW,727,0
947.59,0,0,UPI,0,LOW,556,0
849.35,1,1,WALLET,0,MEDIUM,329,0
145.03,4,1,NETBANKING,1,HIGH,958,1
6033.12,16,1,NETBANKING,0,MEDIUM,349,0
539.65,23,0,NETBANKING,0,MEDIUM,25,0
958.35,9,0,CARD,0,LOW,63,0
4545.19,7,1,NETBANKING,0,LOW,197,0
163237.48,14,0,NETBANKING,0,LOW,995,0
194.65,12,1,CARD,0,LOW,368,0
647.84,21,1,CARD,0,MEDIUM,80,0
718.4,23,0,NETBANKING,0,LOW,755,0
189.55,13,0,NETBANKING,0,LOW,897,0
3168.48,2,0,NETBANKING,0,LOW,293,0
402.48,2,0,WALLET,1,LOW,131,1
456.96,5,0,UPI,0,MEDIUM,580,0
13848.14,11,0,NETBANKING,0,MEDIUM,176,0
12696.56,21,1,WALLET,0,LOW,75,0
9205.27,20,1,WALLET,0,LOW,972,0
109.97,2,1,WALLET,0,HIGH,288,0
2538.53,6,0,NETBANKING,0,LOW,829,0
7574.44,16,1,UPI,0,MEDIUM,565,0
7997.55,7,0,CARD,0,LOW,158,0
443.02,13,0,WALLET,0,LOW,880,0
8232.49,0,0,NETBANKING,0,MEDIUM,218,0
528.72,14,1,CARD,0,LOW,162,0
17405.75,8,0,CARD,0,MEDIUM,28,0
937.14,8,0,NETBANKING,0,HIGH,585,0
755.97,6,0,CARD,0,MEDIUM,6,0
70.01,4,0,NETBANKING,0,LOW,825,0
929.26,10,1,NETBANKING,0,LOW,251,0
6142.84,6,1,WALLET,0,LOW,960,0
5081.34,12,0,WALLET,0,LOW,643,0
167.71,19,1,UPI,0,LOW,572,0
705.67,16,1,WALLET,0,MEDIUM,289,0
498.73,1,1,CARD,0,LOW,53,0
971.91,3,0,CARD,0,LOW,949,0
638.06,15,1,CARD,0,LOW,582,0
944.86,7,0,NETBANKING,0,MEDIUM,553,0
970.51,11,1,NETBANKING,0,LOW,24,0
381.64,19,1,UPI,0,LOW,658,0
4264.2,19,0,CARD,0,MEDIUM,923,0
8627.26,13,0,WALLET,0,MEDIUM,726,0
163.54,7,0,CARD,0,MEDIUM,671,0
487.1,3,1,NETBANKING,0,LOW,102,0
12208.85,11,1,WALLET,0,HIGH,803,0
798.63,15,1,WALLET,0,LOW,562,0
5030.14,22,0,NETBANKING,0,LOW,763,0
5308.86,11,1,UPI,0,LOW,980,0
3810.37,4,0,CARD,0,LOW,662,0
14.43,3,1,NETBANKING,0,LOW,476,0
701.33,13,1,WALLET,0,LOW,29,0
24125.36,22,1,WALLET,0,HIGH,465,0
850.16,11,0,NETBANKING,0,MEDIUM,268,0
349.84,3,1,WALLET,0,LOW,758,0
746.64,15,0,NETBANKING,0,LOW,769,0
964.46,1,1,UPI,0,LOW,41,0
411.33,15,0,CARD,1,LOW,907,0
663.55,23,1,NETBANKING,0,LOW,55,0
2522.91,18,1,CARD,0,LOW,891,0
204.19,12,0,WALLET,1,LOW,119,0
947.74,0,0,NETBANKING,0,LOW,572,0
449.2,9,0,UPI,0,LOW,851,0
869.81,9,0,UPI,1,MEDIUM,235,0
19450.43,22,0,UPI,0,LOW,835,0
28153.73,17,1,WALLET,0,MEDIUM,780,0
613.67,16,1,UPI,0,MEDIUM,77,0
638.63,3,1,NETBANKING,0,MEDIUM,583,0
590.7,21,0,NETBANKING,0,LOW,146,0
268.98,2,1,CARD,0,MEDIUM,341,0
172.83,1,0,UPI,0,MEDIUM,360,0
4024.66,14,1,WALLET,1,LOW,633,0
932.0,10,1,UPI,0,LOW,161,0
18434.89,8,0,UPI,0,LOW,594,0
219.73,17,0,NETBANKING,0,LOW,54,0
237.24,4,0,WALLET,0,MEDIUM,429,0
825.73,23,1,NETBANKING,0,LOW,163,0
835.82,4,0,WALLET,0,LOW,959,0
5834.26,8,1,UPI,0,LOW,416,0
374.88,12,0,WALLET,0,LOW,483,0
621.56,13,1,WALLET,0,LOW,583,0
10334.57,16,1,UPI,0,LOW,644,0
29371.95,13,0,WALLET,0,LOW,258,0
1615.22,20,0,WALLET,0,MEDIUM,865,0
153.74,2,0,WALLET,0,LOW,373,0
783.61,20,1,WALLET,0,HIGH,579,0
93.62,21,1,WALLET,1,LOW,188,0
852.51,10,1,CARD,0,MEDIUM,899,0
470.12,2,1,CARD,0,MEDIUM,21,0
713.62,10,1,CARD,0,MEDIUM,299,0
10565.64,15,0,NETBANKING,0,MEDIUM,37,0
186.94,11,1,UPI,0,LOW,37,0
612.57,16,1,UPI,0,MEDIUM,219,0
589.6,18,1,NETBANKING,0,HIGH,598,0
286.66,2,0,NETBANKING,0,LOW,794,0
176.79,21,0,UPI,0,HIGH,738,0
951.58,11,1,UPI,0,HIGH,7,0
196.82,1,1,CARD,0,MEDIUM,164,0
877.48,6,1,NETBANKING,0,LOW,295,0
506.08,16,1,WALLET,0,LOW,174,0
425.03,18,1,NETBANKING,0,MEDIUM,245,0
370.22,22,0,WALLET,0,LOW,697,0
2894.86,2,0,UPI,0,LOW,526,0
904.14,23,0,WALLET,0,MEDIUM,472,0
702.94,3,1,CARD,0,LOW,873,0
9652.91,20,0,WALLET,0,LOW,672,0
246.97,7,0,NETBANKING,0,LOW,499,0
130.92,23,0,WALLET,0,HIGH,251,0
15717.2,16,1,UPI,0,MEDIUM,167,0
19443.14,14,1,WALLET,1,MEDIUM,772,0
689.06,6,0,NETBANKING,0,LOW,598,0
437.31,20,0,UPI,0,MEDIUM,135,0
341.23,2,0,WALLET,0,LOW,890,0
613.64,4,1,NETBANKING,0,MEDIUM,11,0
14777.86,1,1,WALLET,0,LOW,666,0
15373.43,5,1,NETBANKING,0,LOW,943,0
682.38,8,1,WALLET,1,LOW,721,0
809.77,9,1,UPI,0,MEDIUM,159,0
216.81,23,1,WALLET,1,LOW,797,0
972.34,22,1,CARD,0,LOW,531,0
381.32,6,1,WALLET,0,MEDIUM,342,0
3593.41,1,0,CARD,0,MEDIUM,128,0
19566.85,16,0,WALLET,0,LOW,926,0
189.23,4,0,NETBANKING,0,LOW,777,0
367.06,19,0,WALLET,0,LOW,454,0
132.08,19,0,NETBANKING,1,LOW,871,0
16.0,10,1,CARD,0,MEDIUM,187,0
19419.11,23,1,UPI,0,LOW,74,0
107415.09,9,1,WALLET,0,MEDIUM,312,0
884.51,4,0,UPI,0,LOW,678,0
796.18,15,0,UPI,0,HIGH,634,0
779.27,2,1,WALLET,0,MEDIUM,228,0
121.24,13,1,UPI,0,LOW,31,0
4606.95,23,1,CARD,0,LOW,107,0
375.39,17,1,WALLET,0,MEDIUM,514,0
159.11,10,1,UPI,0,LOW,576,0
4747.89,5,1,UPI,0,HIGH,544,0
680.42,19,1,UPI,1,HIGH,990,1
669.77,2,0,CARD,0,MEDIUM,216,0
18782.3,4,1,WALLET,0,MEDIUM,655,0
1639.1,16,1,UPI,0,MEDIUM,388,0
834.6,21,1,NETBANKING,0,LOW,701,0
396.68,19,0,UPI,0,MEDIUM,75,0
303.53,20,1,UPI,0,LOW,551,0
18708.65,8,0,WALLET,0,LOW,506,0
903.85,0,0,NETBANKING,0,LOW,50,0
425.61,22,1,WALLET,0,HIGH,727,0
872.27,5,0,NETBANKING,0,LOW,883,0
5748.76,21,1,UPI,0,LOW,996,0
128.6,8,0,NETBANKING,0,LOW,906,0
14414.35,3,0,CARD,0,LOW,930,0
9271.28,3,0,NETBANKING,0,LOW,362,0
463.14,13,1,NETBANKING,0,MEDIUM,624,0
649.27,8,1,CARD,0,HIGH,986,0
312.84,9,0,UPI,0,LOW,914,0
121.6,2,1,UPI,0,MEDIUM,309,0
806.69,16,1,CARD,0,LOW,1000,0
68.95,12,1,UPI,0,LOW,96,0
538.82,20,0,NETBANKING,0,LOW,431,0
414.41,21,0,WALLET,0,MEDIUM,136,0
506.31,11,1,UPI,0,LOW,148,0
6268.31,17,1,UPI,0,LOW,626,0
368.96,22,1,CARD,0,LOW,571,0
416.61,19,0,WALLET,0,LOW,222,0
5827.68,6,1,UPI,0,LOW,303,0
162673.99,4,1,UPI,0,LOW,848,1
451.55,4,0,CARD,0,LOW,904,0
8417.2,12,1,WALLET,0,LOW,420,0
58.15,7,0,WALLET,0,MEDIUM,693,0
18663.25,7,1,UPI,0,LOW,221,0
378.03,0,1,CARD,0,MEDIUM,56,0
17211.57,8,0,NETBANKING,0,LOW,651,0
780.83,9,1,WALLET,0,LOW,501,0
281.03,22,0,WALLET,0,LOW,173,0
849.54,23,1,NETBANKING,0,LOW,714,0
92754.81,9,1,WALLET,0,LOW,534,0
129110.98,16,0,UPI,0,LOW,38,0
26.7,18,1,CARD,0,MEDIUM,624,0
382.07,6,0,NETBANKING,0,MEDIUM,415,0
427.84,11,0,CARD,0,LOW,837,0
386.0,22,1,WALLET,0,LOW,446,0
125.66,7,1,CARD,0,MEDIUM,952,0
1710.79,9,1,NETBANKING,0,LOW,474,0
776.79,8,0,NETBANKING,0,MEDIUM,707,0
572.07,7,1,NETBANKING,0,LOW,815,0
44.3,3,0,WALLET,0,MEDIUM,376,0
633.19,0,1,CARD,0,MEDIUM,187,0
323.37,7,1,CARD,0,LOW,327,0
252.56,21,0,WALLET,0,LOW,452,0
387.96,5,1,WALLET,1,LOW,436,1
9485.64,1,0,WALLET,0,MEDIUM,966,0
3560.61,11,0,UPI,0,HIGH,263,0
15762.58,5,0,NETBANKING,0,LOW,248,0
801.87,10,0,NETBANKING,1,MEDIUM,915,0
751.34,20,0,UPI,0,LOW,376,0
683.42,20,1,CARD,0,MEDIUM,478,0
931.96,15,0,NETBANKING,0,LOW,655,0
318.94,13,1,UPI,0,LOW,308,0
236.36,12,0,UPI,0,MEDIUM,248,0
774.55,15,0,UPI,0,LOW,608,0
12495.93,13,1,NETBANKING,0,MEDIUM,860,0
778.41,2,1,WALLET,0,LOW,675,0
661.09,18,0,CARD,0,LOW,612,0
78.09,2,1,NETBANKING,0,HIGH,819,0
17277.03,10,1,UPI,0,LOW,531,0
371.57,23,0,NETBANKING,0,LOW,345,0
6668.9,4,0,NETBANKING,1,HIGH,815,1
86.16,20,1,CARD,0,LOW,281,0
18355.48,8,1,WALLET,0,HIGH,313,0
996.0,8,1,CARD,0,LOW,951,0
2732.65,20,0,WALLET,0,LOW,111,0
929.44,12,1,UPI,1,LOW,989,0
11788.91,22,1,CARD,0,LOW,878,0
52333.92,1,0,NETBANKING,0,HIGH,643,1
193.69,13,1,CARD,0,LOW,191,0
10693.05,17,1,UPI,0,LOW,209,0
12782.92,15,0,NETBANKING,0,LOW,234,0
19649.81,5,0,WALLET,0,LOW,583,0
7951.99,22,0,NETBANKING,0,LOW,481,0
921.46,0,1,NETBANKING,0,MEDIUM,361,0
79.34,7,0,NETBANKING,0,LOW,292,0
775.18,19,1,NETBANKING,0,HIGH,461,0
402.59,18,0,UPI,1,LOW,656,0
963.04,19,0,NETBANKING,0,HIGH,263,0
852.64,18,1,NETBANKING,0,LOW,567,0
6473.2,22,0,UPI,0,LOW,578,0
868.76,5,0,NETBANKING,1,LOW,547,0
5937.15,6,0,NETBANKING,0,MEDIUM,742,0
134165.93,14,1,NETBANKING,1,HIGH,655,1
173.15,8,1,WALLET,0,LOW,839,0
894.42,16,1,NETBANKING,0,LOW,720,0
225.54,16,1,UPI,0,LOW,792,0
23.86,8,0,WALLET,0,LOW,216,0
602.44,1,1,UPI,0,MEDIUM,229,0
10761.82,23,1,UPI,0,MEDIUM,885,0
409.51,17,1,WALLET,0,LOW,638,0
312.04,13,0,WALLET,0,LOW,91,0
634.28,1,1,UPI,1,LOW,489,0
191.86,21,0,NETBANKING,0,LOW,843,0
671.38,7,0,NETBANKING,0,LOW,898,0
318.9,18,0,NETBANKING,1,LOW,235,0
355.89,2,1,CARD,0,LOW,8,0
94233.54,1,1,UPI,0,LOW,431,0
17244.98,21,0,CARD,0,MEDIUM,166,0
11.75,20,1,WALLET,0,LOW,371,0
16525.48,21,1,CARD,0,LOW,64,0
66.8,19,0,UPI,0,MEDIUM,168,0
831.23,9,0,WALLET,0,LOW,379,0
8473.61,9,0,CARD,0,LOW,777,0
78.75,5,1,NETBANKING,0,LOW,888,0
10582.83,13,0,UPI,0,HIGH,615,0
461.97,21,0,NETBANKING,0,MEDIUM,274,0
8558.29,14,1,WALLET,0,MEDIUM,162,0
567.79,9,1,UPI,0,MEDIUM,957,0
977.54,17,1,WALLET,0,MEDIUM,715,0
112.89,17,1,UPI,0,LOW,471,0
932.36,22,0,CARD,0,LOW,4,0
949.67,13,1,WALLET,0,LOW,529,0
879.31,3,0,CARD,0,LOW,254,0
189.92,1,0,UPI,0,MEDIUM,617,0
946.03,2,0,NETBANKING,0,HIGH,982,0
197.5,15,0,UPI,0,LOW,986,0
17054.32,5,0,UPI,1,LOW,291,0
723.09,4,0,NETBANKING,0,LOW,66,0
886.79,22,0,UPI,0,MEDIUM,345,0
18423.86,2,1,WALLET,0,LOW,703,0
600.05,17,1,CARD,0,LOW,1000,0
229.92,13,1,UPI,0,HIGH,156,0
860.4,21,1,CARD,0,LOW,620,0
448.26,23,0,CARD,0,LOW,707,0
629.46,3,0,NETBANKING,0,LOW,691,0
484.3,19,1,WALLET,0,LOW,477,0
236.92,19,0,UPI,1,HIGH,487,1
833.85,10,1,NETBANKING,0,LOW,934,0
469.74,13,0,WALLET,0,LOW,154,0
8976.19,0,0,NETBANKING,0,MEDIUM,993,0
509.71,23,1,CARD,1,MEDIUM,942,0
12015.9,1,1,NETBANKING,1,MEDIUM,136,0
670.85,8,0,WALLET,0,MEDIUM,225,0
10868.86,19,0,CARD,0,LOW,946,0
249.27,0,0,WALLET,0,LOW,360,0
743.54,12,1,CARD,1,LOW,620,0
44608.96,7,0,WALLET,0,LOW,939,0
17867.04,2,0,UPI,0,LOW,876,0
133.54,5,0,UPI,0,LOW,948,0
541.01,2,0,WALLET,0,LOW,968,0
5326.68,21,0,NETBANKING,0,LOW,393,0
17.36,5,1,WALLET,1,MEDIUM,343,0
313.18,16,1,CARD,0,LOW,803,0
637.43,8,0,WALLET,0,LOW,808,0
737.29,21,0,UPI,0,MEDIUM,89,0
696.99,19,0,UPI,0,MEDIUM,326,0
870.87,19,1,CARD,1,LOW,714,0
5580.65,21,0,NETBANKING,0,LOW,547,0
270.41,21,0,NETBANKING,0,HIGH,101,0
87.64,21,0,CARD,0,LOW,319,0
583.48,22,1,WALLET,0,HIGH,685,0
355.82,12,0,WALLET,0,MEDIUM,386,0
97.27,10,0,NETBANKING,0,LOW,480,0
9221.07,9,1,NETBANKING,1,MEDIUM,633,0
140806.83,23,0,UPI,0,MEDIUM,538,0
292.04,18,1,NETBANKING,0,LOW,526,0
18810.08,4,1,NETBANKING,0,LOW,174,0
634.99,0,1,NETBANKING,0,MEDIUM,391,0
162.57,7,0,CARD,0,LOW,632,0
5977.71,19,0,UPI,0,LOW,336,0
772.18,16,1,CARD,0,LOW,145,0
427.71,21,1,WALLET,0,MEDIUM,369,0
8949.66,2,1,CARD,0,MEDIUM,946,0
782.33,18,0,WALLET,1,LOW,743,0
289.27,22,0,CARD,0,MEDIUM,447,0
15392.79,23,0,CARD,0,LOW,421,0
372.39,5,1,NETBANKING,1,LOW,781,0
213.12,17,1,NETBANKING,0,LOW,657,0
102117.66,7,1,UPI,0,MEDIUM,2,1
117.33,22,0,UPI,0,HIGH,484,0
2870.87,10,0,NETBANKING,0,LOW,429,0
272.34,7,1,CARD,0,LOW,452,0
595.76,10,1,UPI,0,MEDIUM,892,0
718.49,15,1,NETBANKING,0,MEDIUM,810,0
906.95,12,0,CARD,0,LOW,650,0
464.85,4,0,UPI,0,MEDIUM,481,0
567.97,0,1,UPI,0,MEDIUM,483,0
13256.86,16,1,WALLET,1,LOW,331,0
11383.24,16,1,NETBANKING,0,LOW,91,0
582.87,16,0,NETBANKING,0,LOW,319,0
18596.47,3,0,WALLET,0,HIGH,292,0
552.39,0,1,WALLET,0,MEDIUM,149,0
66.19,21,1,CARD,0,LOW,712,0
203.96,14,1,CARD,0,MEDIUM,535,0
370.47,5,0,CARD,0,LOW,277,0
238.58,14,1,NETBANKING,0,LOW,709,0
419.43,15,0,UPI,0,MEDIUM,742,0
897.77,16,1,CARD,0,MEDIUM,371,0
15103.82,15,0,UPI,0,MEDIUM,368,0
15284.05,15,1,UPI,0,LOW,655,0
207.02,12,0,NETBANKING,0,MEDIUM,911,0
15157.91,18,0,NETBANKING,0,LOW,637,0
809.06,17,0,WALLET,0,LOW,208,0
762.47,22,0,WALLET,0,MEDIUM,644,0
903.19,15,0,CARD,0,LOW,758,0
11454.67,11,1,NETBANKING,1,LOW,797,0
193.01,18,1,NETBANKING,1,LOW,935,0
490.96,7,0,UPI,0,LOW,390,0
170.04,8,1,CARD,0,LOW,174,0
482.06,20,1,NETBANKING,0,LOW,970,0
466.84,2,1,WALLET,0,LOW,967,0
370.35,12,0,CARD,0,LOW,466,0
10409.72,19,1,CARD,0,MEDIUM,492,0
741.71,20,0,CARD,0,LOW,576,0
9588.43,15,1,UPI,0,MEDIUM,211,0
400.87,1,1,NETBANKING,0,MEDIUM,347,0
67.5,15,0,NETBANKING,0,LOW,919,0
11161.38,15,1,UPI,0,LOW,775,0
266.69,18,1,WALLET,0,LOW,863,0
1749.1,2,0,CARD,0,HIGH,928,0
931.31,12,1,NETBANKING,0,LOW,112,0
824.0,21,1,UPI,0,LOW,665,0
148.91,12,1,CARD,0,LOW,697,0
15556.75,20,0,WALLET,0,LOW,833,0
59897.81,14,0,NETBANKING,0,MEDIUM,649,0
299.49,20,0,WALLET,0,LOW,430,0
208.92,21,1,NETBANKING,0,LOW,641,0
258.5,21,1,CARD,0,LOW,334,0
512.02,10,1,CARD,0,HIGH,569,0
144.31,14,0,NETBANKING,0,MEDIUM,505,0
775.93,5,0,CARD,1,HIGH,454,1
731.47,3,0,NETBANKING,0,LOW,654,0
556.19,0,0,CARD,1,LOW,200,0
408.62,0,1,CARD,1,LOW,670,0
263.5,2,0,CARD,0,LOW,145,0
95800.5,19,0,UPI,0,HIGH,125,0
708.83,23,1,UPI,0,LOW,903,0
431.74,12,0,WALLET,0,LOW,269,0
971.79,21,0,NETBANKING,0,LOW,879,0
9658.71,2,0,NETBANKING,0,LOW,406,0
576.21,15,1,WALLET,1,LOW,445,0
248.18,17,0,NETBANKING,1,LOW,507,0
687.14,11,1,NETBANKING,0,HIGH,304,0
592.74,14,0,UPI,0,LOW,122,0
717.7,3,1,CARD,0,LOW,980,0
115.71,9,1,CARD,0,LOW,206,0
648.02,8,1,CARD,1,LOW,500,0
803.33,0,1,WALLET,0,MEDIUM,738,0
742.1,7,1,CARD,0,LOW,788,0
617.13,10,1,UPI,0,LOW,692,0
7361.32,15,1,UPI,0,LOW,307,0
32.2,4,1,NETBANKING,0,LOW,470,0
59.46,22,1,NETBANKING,0,MEDIUM,682,0
12536.98,8,1,NETBANKING,0,LOW,152,0
418.72,22,1,WALLET,0,MEDIUM,960,0
792.48,10,1,WALLET,0,LOW,950,0
825.09,18,1,CARD,0,LOW,59,0
90.19,9,1,UPI,0,LOW,239,0
16147.83,20,0,WALLET,0,LOW,886,0
736.65,4,1,NETBANKING,0,LOW,667,0
772.67,13,1,UPI,0,MEDIUM,816,0
17934.64,6,1,UPI,0,MEDIUM,870,0
14411.4,21,0,NETBANKING,0,MEDIUM,815,0
94.2,16,0,WALLET,0,MEDIUM,785,0
136.03,8,1,WALLET,0,LOW,437,0
668.65,2,0,NETBANKING,0,LOW,514,0
357.7,6,1,CARD,0,HIGH,480,0
768.0,2,1,WALLET,0,HIGH,111,0
2385.85,14,0,WALLET,0,LOW,183,0
231.22,4,1,CARD,0,MEDIUM,259,0
530.17,20,0,UPI,0,MEDIUM,509,0
965.21,9,1,CARD,0,LOW,162,0
37459.01,9,1,CARD,0,MEDIUM,349,0
104.73,11,0,WALLET,0,MEDIUM,284,0
9410.51,4,0,WALLET,1,MEDIUM,974,0
7375.08,23,1,CARD,0,LOW,783,0
853.0,16,1,WALLET,0,MEDIUM,376,0
441.5,4,1,UPI,0,LOW,253,0
497.55,22,0,NETBANKING,0,HIGH,797,0
483.93,4,0,WALLET,0,LOW,539,0
572.16,16,1,CARD,0,HIGH,75,0
34.26,14,0,UPI,0,MEDIUM,824,0
819.72,21,1,CARD,0,HIGH,602,0
126468.44,23,0,WALLET,0,MEDIUM,248,0
18467.65,4,0,UPI,1,LOW,892,0
627.47,1,1,CARD,0,LOW,402,0
962.45,14,1,WALLET,0,LOW,595,0
3343.18,0,0,NETBANKING,0,MEDIUM,684,0
33404.42,5,0,WALLET,1,LOW,271,0
306.18,2,1,NETBANKING,0,LOW,398,0
10.39,6,0,CARD,0,LOW,47,0
274.96,1,1,CARD,0,LOW,983,0
491.7,8,0,CARD,1,MEDIUM,145,0
9685.93,3,0,UPI,0,HIGH,567,0
115.76,15,0,WALLET,0,LOW,110,0
6102.85,2,0,CARD,0,LOW,84,0
672.41,8,0,WALLET,0,LOW,470,0
847.41,10,0,CARD,0,LOW,606,0
312.21,8,1,NETBANKING,0,LOW,505,0
137.34,16,1,UPI,0,HIGH,155,0
17357.04,14,1,CARD,0,LOW,311,0
153465.71,7,1,NETBANKING,0,LOW,431,0
765.8,16,0,NETBANKING,0,MEDIUM,860,0
109.35,19,0,WALLET,0,LOW,897,0
714.18,3,1,WALLET,0,MEDIUM,981,0
766.4,11,0,NETBANKING,1,LOW,452,0
306.51,7,0,CARD,0,HIGH,181,0
139633.11,7,1,NETBANKING,0,LOW,522,0
924.84,11,0,NETBANKING,0,MEDIUM,74,0
539.76,14,0,UPI,0,LOW,983,0
90.07,11,1,NETBANKING,0,LOW,600,0
628.59,3,1,NETBANKING,0,HIGH,242,0
13269.39,16,0,UPI,0,LOW,233,0
69.14,18,1,NETBANKING,0,MEDIUM,269,0
327.97,10,1,WALLET,0,MEDIUM,492,0
218.19,13,1,NETBANKING,0,LOW,165,0
931.74,21,0,CARD,0,HIGH,827,0
360.29,7,1,NETBANKING,1,LOW,215,0
1289.28,12,0,NETBANKING,0,LOW,606,0
19427.88,8,0,CARD,0,LOW,88,0
13378.63,10,0,WALLET,0,LOW,38,0
348.2,14,0,UPI,0,LOW,923,0
420.49,1,1,NETBANKING,0,MEDIUM,12,0
19927.58,20,1,WALLET,0,LOW,42,0
418.98,4,0,CARD,0,HIGH,915,0
236.56,5,0,NETBANKING,0,LOW,757,0
4285.2,22,0,UPI,0,LOW,210,0
742.68,19,1,UPI,0,MEDIUM,178,0
985.94,19,1,CARD,0,MEDIUM,654,0
415.71,10,0,UPI,0,LOW,856,0
37.32,4,1,NETBANKING,1,LOW,555,0
518.91,1,1,CARD,0,LOW,466,0
299.68,17,0,CARD,0,MEDIUM,902,0
782.63,10,1,UPI,0,LOW,371,0
315.1,19,1,WALLET,0,LOW,828,0
19974.16,21,1,WALLET,0,LOW,335,0
891.06,22,0,NETBANKING,1,MEDIUM,629,0
724.82,15,0,WALLET,0,MEDIUM,817,0
10886.49,15,1,WALLET,1,LOW,94,0
333.88,1,1,UPI,0,MEDIUM,783,0
272.38,13,0,WALLET,0,LOW,320,0
905.1,23,0,UPI,0,LOW,850,0
14971.58,6,0,NETBANKING,0,LOW,868,0
19802.21,5,0,WALLET,0,LOW,97,0
75430.79,13,0,CARD,0,LOW,738,0
212.66,3,1,CARD,0,LOW,886,0
810.21,19,0,UPI,0,LOW,966,0
285.09,6,1,UPI,1,LOW,868,0
81.22,4,1,CARD,0,LOW,14,0
253.43,17,1,NETBANKING,0,LOW,762,0
636.95,17,1,NETBANKING,0,LOW,495,0
805.58,2,0,UPI,0,MEDIUM,761,0
19603.49,23,1,NETBANKING,0,LOW,380,0
7763.7,9,1,UPI,0,MEDIUM,188,0
11338.27,4,0,NETBANKING,1,LOW,177,0
6959.49,15,1,WALLET,0,LOW,759,0
532.34,16,1,CARD,0,LOW,502,0
7789.96,18,0,NETBANKING,0,LOW,63,0
916.63,1,0,NETBANKING,0,MEDIUM,657,0
305.68,13,0,UPI,0,LOW,852,0
636.58,10,0,CARD,0,LOW,406,0
251.29,22,0,NETBANKING,0,HIGH,634,0
695.34,5,0,WALLET,0,LOW,802,0
19490.52,6,1,WALLET,0,LOW,976,0
856.2,1,1,CARD,0,LOW,833,0
14783.88,21,0,UPI,0,LOW,320,0
454.78,9,1,WALLET,0,LOW,629,0
7278.73,17,1,NETBANKING,0,LOW,88,0
61.25,16,1,UPI,1,MEDIUM,549,0
309.86,10,1,UPI,0,MEDIUM,132,0
2913.87,7,1,CARD,0,LOW,688,0
736.39,4,0,WALLET,0,LOW,520,0
818.56,12,0,UPI,0,LOW,840,0
618.36,14,0,WALLET,0,LOW,646,0
6961.75,22,1,UPI,0,LOW,583,0
37.4,22,0,NETBANKING,0,MEDIUM,394,0
463.46,16,0,WALLET,0,LOW,785,0
642.57,6,1,UPI,0,MEDIUM,502,0
635.07,21,1,WALLET,0,LOW,838,0
872.71,5,1,CARD,0,MEDIUM,864,0
6685.45,10,1,NETBANKING,0,LOW,340,0
11610.05,17,1,UPI,0,LOW,691,0
147613.98,7,0,WALLET,0,MEDIUM,987,0
4120.24,10,0,NETBANKING,0,LOW,966,0
379.77,3,1,WALLET,1,MEDIUM,138,0
70811.17,4,1,UPI,0,MEDIUM,957,0
16090.0,14,0,UPI,0,LOW,787,0
258.92,11,1,CARD,0,MEDIUM,147,0
112.83,23,0,NETBANKING,0,LOW,420,0
942.54,0,1,CARD,0,LOW,982,0
5190.17,13,0,NETBANKING,0,MEDIUM,24,0
37945.78,2,1,CARD,0,LOW,67,0
312.61,6,0,CARD,0,MEDIUM,324,0
199502.63,3,0,UPI,0,LOW,496,1
281.92,17,1,CARD,0,LOW,190,0
13341.05,2,1,WALLET,0,LOW,30,0
273.61,16,0,UPI,0,LOW,815,0
449.14,0,1,CARD,0,MEDIUM,98,0
132.64,5,0,UPI,1,HIGH,698,1
407.54,20,1,WALLET,0,LOW,531,0
951.71,10,0,UPI,1,MEDIUM,676,0
939.44,9,1,WALLET,0,HIGH,905,0
18781.32,9,0,WALLET,0,LOW,120,0
731.94,17,1,WALLET,0,MEDIUM,657,0
10046.01,7,0,CARD,0,LOW,363,0
208.35,15,1,NETBANKING,0,HIGH,505,0
138411.41,14,1,CARD,0,LOW,298,1
10985.56,22,0,WALLET,0,HIGH,715,0
692.73,7,1,NETBANKING,0,LOW,774,0
9321.69,6,0,UPI,0,MEDIUM,608,0
75.25,3,1,NETBANKING,0,MEDIUM,988,0
689.7,19,1,UPI,1,LOW,699,0
87.34,20,0,NETBANKING,0,MEDIUM,141,0
495.91,6,1,NETBANKING,0,LOW,390,0
582.75,23,1,NETBANKING,0,LOW,627,0
166.25,17,0,NETBANKING,0,MEDIUM,820,0
328.26,20,1,CARD,0,MEDIUM,307,0
442.54,10,0,WALLET,0,LOW,935,0
52.38,6,1,WALLET,0,LOW,48,0
992.18,13,1,UPI,0,MEDIUM,970,0
980.97,0,0,NETBANKING,1,LOW,522,1
978.23,11,1,UPI,0,LOW,401,0
1484.08,12,1,CARD,0,LOW,279,0
57.05,0,0,NETBANKING,0,MEDIUM,696,0
820.33,6,1,UPI,0,MEDIUM,780,0
781.54,12,0,CARD,0,LOW,825,0
876.57,3,1,WALLET,0,HIGH,33,0
791.77,8,0,UPI,0,LOW,21,0
929.63,15,1,NETBANKING,0,MEDIUM,262,0
522.41,3,0,WALLET,1,LOW,470,1
3696.64,8,0,CARD,0,LOW,862,0
552.26,22,1,WALLET,0,LOW,844,0
344.95,10,0,UPI,1,MEDIUM,359,0
854.67,3,0,UPI,0,LOW,554,0
266.97,20,1,WALLET,1,MEDIUM,775,0
891.02,14,1,NETBANKING,0,MEDIUM,621,0
317.8,2,1,NETBANKING,0,HIGH,194,0
616.94,13,0,WALLET,0,LOW,749,0
687.85,13,1,WALLET,0,LOW,815,0
687.06,11,1,NETBANKING,0,LOW,648,0
790.12,11,0,CARD,0,LOW,108,0
3484.71,20,0,UPI,0,LOW,670,0
848.14,22,0,NETBANKING,0,MEDIUM,37,0
373.62,7,1,NETBANKING,0,LOW,381,0
202.84,20,0,CARD,0,MEDIUM,715,0
5147.64,8,0,NETBANKING,0,LOW,280,0
458.95,10,1,NETBANKING,0,LOW,33,0
13711.61,2,0,WALLET,0,LOW,476,0
661.87,4,1,WALLET,0,LOW,95,0
40.82,22,1,CARD,0,LOW,565,0
14.21,7,0,NETBANKING,0,LOW,62,0
727.19,15,0,WALLET,0,LOW,220,0
15165.58,18,0,NETBANKING,0,LOW,731,0
1230.51,1,1,UPI,0,LOW,116,0
126.43,15,0,NETBANKING,0,LOW,386,0
269.78,3,1,WALLET,0,LOW,423,0
361.46,17,1,UPI,0,MEDIUM,543,0
718.34,16,1,NETBANKING,1,HIGH,419,1
19338.05,20,1,CARD,0,LOW,567,0
576.36,7,1,CARD,0,MEDIUM,48,0
366.89,9,0,WALLET,0,LOW,393,0
397.34,16,1,CARD,0,HIGH,32,0
38.53,16,0,CARD,0,LOW,204,0
794.79,8,1,NETBANKING,0,HIGH,88,0
7902.29,12,1,WALLET,0,LOW,784,0
607.47,20,0,UPI,1,MEDIUM,513,0
275.85,4,0,CARD,0,MEDIUM,943,0
661.71,9,1,UPI,1,HIGH,110,0
10.4,21,1,WALLET,0,LOW,458,0
857.54,4,1,NETBANKING,0,LOW,671,0
794.17,10,1,UPI,0,LOW,802,0
751.0,12,0,NETBANKING,0,MEDIUM,676,0
969.94,12,1,UPI,1,MEDIUM,570,0
609.29,3,0,NETBANKING,0,LOW,119,0
33119.47,8,0,WALLET,0,HIGH,241,0
241.57,5,0,CARD,0,LOW,741,0
14632.43,16,0,NETBANKING,0,LOW,396,0
155.54,2,0,UPI,0,MEDIUM,90,0
900.78,10,0,CARD,0,MEDIUM,385,0
140.24,15,1,WALLET,0,MEDIUM,397,0
451.71,5,1,NETBANKING,0,MEDIUM,858,0
15053.26,23,0,CARD,1,MEDIUM,490,0
461.15,11,1,WALLET,0,LOW,381,0
876.88,18,0,UPI,0,LOW,679,0
787.64,22,0,WALLET,0,MEDIUM,973,0
339.59,15,1,WALLET,0,MEDIUM,262,0
186538.95,14,0,NETBANKING,0,LOW,777,0
9028.82,10,0,UPI,0,LOW,435,0
834.62,10,0,WALLET,0,MEDIUM,858,0
15226.46,20,0,UPI,0,HIGH,826,0
154.45,7,1,NETBANKING,0,HIGH,842,0
479.32,19,1,NETBANKING,0,LOW,238,0
220.16,1,1,WALLET,1,MEDIUM,864,0
15835.86,16,1,UPI,0,LOW,714,0
805.17,14,1,CARD,0,LOW,328,0
846.48,13,1,WALLET,1,LOW,759,0
815.65,19,1,NETBANKING,0,LOW,988,0
23.47,23,1,UPI,0,LOW,133,0
512.16,1,1,WALLET,1,MEDIUM,620,0
596.8,22,0,WALLET,1,LOW,602,0
664.04,19,1,NETBANKING,0,LOW,256,0
766.01,0,1,UPI,0,LOW,179,0
202.65,13,1,UPI,0,MEDIUM,259,0
564.69,21,0,WALLET,0,HIGH,860,0
728.49,23,0,NETBANKING,0,MEDIUM,307,0
16016.39,1,0,UPI,0,LOW,945,0
1985.37,13,0,CARD,0,LOW,27,0
236.59,11,0,NETBANKING,0,LOW,827,0
63.44,22,0,CARD,0,LOW,636,0
794.1,21,1,NETBANKING,0,LOW,462,0
10764.73,2,0,UPI,0,LOW,244,0
878.54,9,1,CARD,0,MEDIUM,230,0
570.8,14,0,UPI,0,MEDIUM,568,0
9034.54,2,0,WALLET,0,LOW,461,0
738.0,21,0,WALLET,1,MEDIUM,810,0
102430.12,4,1,CARD,1,MEDIUM,584,1
886.69,15,0,UPI,0,LOW,318,0
128.78,7,0,CARD,0,HIGH,24,1
18116.06,20,1,NETBANKING,0,MEDIUM,345,0
791.02,21,1,CARD,0,HIGH,130,0
107888.02,22,1,CARD,0,LOW,644,1
477.09,5,1,NETBANKING,0,LOW,523,0
1913.78,17,1,CARD,0,LOW,527,0
868.56,1,0,UPI,0,MEDIUM,65,0
47.75,20,0,WALLET,0,MEDIUM,110,0
14882.95,14,0,UPI,0,LOW,520,0
9381.39,14,0,NETBANKING,0,MEDIUM,658,0
670.1,12,0,WALLET,0,LOW,292,0
356.93,4,0,NETBANKING,0,MEDIUM,403,0
281.71,7,0,WALLET,0,HIGH,432,0
939.08,8,1,UPI,0,LOW,435,0
786.51,0,0,CARD,0,LOW,930,0
745.46,19,0,CARD,0,HIGH,403,0
18704.77,13,0,WALLET,1,MEDIUM,539,0
791.7,9,0,CARD,0,LOW,89,0
1397.28,9,1,WALLET,0,LOW,603,0
16139.97,2,0,UPI,0,MEDIUM,149,0
936.41,3,0,WALLET,0,LOW,464,0
792.86,19,0,CARD,0,LOW,483,0
843.56,15,1,CARD,0,LOW,93,0
383.36,23,1,CARD,0,LOW,172,0
650.43,9,1,UPI,0,LOW,128,0
1845.76,10,0,WALLET,0,HIGH,65,0
373.17,8,0,CARD,0,HIGH,238,0
156.39,0,0,NETBANKING,0,MEDIUM,841,0
3104.88,6,0,CARD,0,LOW,920,0
19440.38,2,0,WALLET,1,LOW,696,0
904.13,17,0,CARD,0,MEDIUM,852,0
635.29,2,0,CARD,0,MEDIUM,73,0
262.98,17,0,WALLET,0,HIGH,496,0
3614.39,9,1,CARD,0,LOW,631,0
745.34,1,0,NETBANKING,0,LOW,635,0
237.06,23,1,WALLET,0,LOW,859,0
27.64,0,0,WALLET,0,MEDIUM,406,0
17302.84,1,1,WALLET,1,MEDIUM,490,1
6753.35,5,0,NETBANKING,1,MEDIUM,822,0
16181.62,13,1,CARD,0,LOW,11,0
595.55,5,1,WALLET,0,MEDIUM,762,0
84390.23,3,1,UPI,0,LOW,960,0
119.4,16,0,WALLET,0,LOW,600,0
461.35,3,1,CARD,1,LOW,647,0
454.16,20,0,UPI,0,LOW,36,0
196.76,12,1,UPI,0,MEDIUM,246,0
265.3,10,1,NETBANKING,0,LOW,858,0
697.31,18,0,UPI,0,LOW,67,0
5015.59,4,1,WALLET,0,LOW,334,0
38521.03,18,1,CARD,0,HIGH,500,0
933.64,8,0,UPI,0,LOW,314,0
15208.64,11,1,CARD,0,MEDIUM,542,0
2962.39,1,0,WALLET,0,MEDIUM,256,0
302.89,7,1,WALLET,0,MEDIUM,848,0
792.29,10,1,UPI,0,LOW,539,0
77.0,13,0,WALLET,0,LOW,490,0
369.64,19,0,NETBANKING,0,LOW,483,0
514.9,13,0,UPI,0,LOW,404,0
783.02,7,0,WALLET,0,LOW,613,0
320.2,19,1,NETBANKING,1,HIGH,283,1
691.04,5,1,WALLET,1,LOW,546,0
114.35,2,1,UPI,0,LOW,814,0
7100.87,15,1,UPI,0,MEDIUM,51,0
202.67,14,1,NETBANKING,0,LOW,584,0
16390.55,12,1,CARD,0,MEDIUM,303,0
8126.55,7,1,CARD,0,MEDIUM,998,0
276.9,9,0,CARD,1,LOW,64,0
578.22,9,0,CARD,0,LOW,883,0
704.23,20,1,WALLET,0,HIGH,729,0
1708.55,0,0,NETBANKING,0,LOW,312,0
797.06,5,1,NETBANKING,0,LOW,456,0
475.99,14,1,CARD,0,MEDIUM,708,0
865.39,19,1,WALLET,0,LOW,332,0
513.87,8,0,NETBANKING,0,LOW,623,0
137647.75,3,1,NETBANKING,0,LOW,423,1
156890.2,7,0,NETBANKING,0,LOW,618,0
561.03,20,0,NETBANKING,0,LOW,738,0
906.13,17,0,CARD,0,LOW,560,0
289.42,16,0,NETBANKING,0,MEDIUM,71,0
32.79,12,0,NETBANKING,0,MEDIUM,445,0
305.12,8,0,NETBANKING,0,HIGH,463,0
321.69,3,0,CARD,1,LOW,845,0
56.55,19,0,WALLET,0,LOW,554,0
790.73,15,0,NETBANKING,0,HIGH,185,0
4449.87,3,0,NETBANKING,0,MEDIUM,598,0
710.66,14,0,NETBANKING,0,MEDIUM,902,0
256.05,11,0,CARD,0,LOW,730,0
358.67,19,0,CARD,0,LOW,945,0
576.15,17,0,WALLET,0,LOW,248,0
89.75,16,0,NETBANKING,0,MEDIUM,202,0
522.24,0,1,CARD,0,HIGH,540,0
458.84,8,0,UPI,0,LOW,916,0
982.7,17,1,UPI,0,MEDIUM,921,0
92.63,13,0,CARD,0,LOW,778,0
737.13,21,1,WALLET,0,LOW,579,0
12252.0,4,1,WALLET,0,LOW,867,0
936.38,1,1,UPI,0,MEDIUM,289,0
791.65,20,0,CARD,1,MEDIUM,501,0
17844.04,3,1,UPI,0,HIGH,722,0
809.06,16,1,UPI,0,LOW,688,0
737.27,21,1,NETBANKING,0,LOW,183,0
269.94,4,1,NETBANKING,0,MEDIUM,481,0
12664.48,4,1,UPI,0,LOW,695,0
16384.52,17,0,NETBANKING,0,LOW,643,0
627.75,23,1,WALLET,0,HIGH,486,0
151044.04,9,0,UPI,0,MEDIUM,336,0
201.96,11,1,CARD,0,LOW,203,0
461.7,19,0,CARD,0,LOW,919,0
7347.66,11,0,UPI,0,MEDIUM,176,0
804.27,9,1,CARD,0,LOW,141,0
436.8,15,0,NETBANKING,0,MEDIUM,110,0
38398.34,0,0,UPI,0,HIGH,518,0
446.25,11,0,WALLET,0,MEDIUM,571,0
64.16,6,0,WALLET,0,HIGH,35,0
604.81,17,0,WALLET,0,LOW,320,0
843.78,11,1,CARD,0,HIGH,345,0
587.02,4,0,UPI,0,MEDIUM,652,0
80.69,20,0,CARD,0,LOW,948,0
6960.21,11,0,NETBANKING,0,MEDIUM,151,0
40.01,14,1,CARD,0,LOW,39,0
53.15,15,1,CARD,1,MEDIUM,189,0
386.48,11,1,WALLET,0,LOW,24,0
988.59,23,0,NETBANKING,1,LOW,859,0
8642.09,5,0,UPI,0,LOW,860,0
12417.92,6,1,CARD,0,HIGH,591,0
217.8,12,0,NETBANKING,0,MEDIUM,441,0
8229.86,11,0,NETBANKING,0,HIGH,862,0
82.57,19,0,WALLET,0,LOW,716,0
39.03,12,1,CARD,1,MEDIUM,601,0
205.01,18,1,UPI,0,LOW,255,0
889.98,17,1,NETBANKING,0,HIGH,395,0
37.13,6,0,WALLET,0,LOW,67,0
360.75,13,1,UPI,0,HIGH,101,0
921.05,16,0,UPI,0,LOW,120,0
331.45,15,0,WALLET,0,MEDIUM,591,0
227.76,5,0,CARD,0,LOW,95,0
54.82,1,0,UPI,0,MEDIUM,324,0
1173.97,21,1,CARD,0,LOW,156,0
1489.8,9,0,WALLET,0,LOW,283,0
1549.83,8,0,NETBANKING,0,LOW,307,0
593.09,8,0,UPI,1,HIGH,812,0
459.29,7,0,WALLET,0,MEDIUM,74,0
17374.74,9,0,CARD,0,MEDIUM,316,0
15135.11,22,1,NETBANKING,0,MEDIUM,138,0
340.07,1,0,CARD,0,MEDIUM,627,0
544.68,1,0,UPI,0,MEDIUM,774,0
673.76,15,1,NETBANKING,0,LOW,477,0
265.28,15,0,WALLET,0,LOW,904,0
604.41,15,1,NETBANKING,0,LOW,628,0
156.09,11,0,WALLET,0,LOW,396,0
187011.5,5,1,UPI,0,LOW,482,1
308.28,13,0,CARD,0,LOW,208,0
430.92,20,1,WALLET,0,LOW,884,0
598.42,19,0,CARD,0,LOW,156,0
17863.53,15,1,UPI,0,MEDIUM,288,0
9530.07,18,1,NETBANKING,0,MEDIUM,945,0
414.8,8,0,NETBANKING,1,LOW,714,0
268.5,13,1,WALLET,0,LOW,754,0
1801.88,22,1,UPI,0,MEDIUM,94,0
4205.74,11,0,NETBANKING,0,MEDIUM,414,0
550.26,0,1,UPI,0,LOW,99,0
25616.03,3,1,NETBANKING,0,LOW,144,0
549.35,17,0,CARD,0,MEDIUM,82,0
601.35,5,0,CARD,0,MEDIUM,429,0
6317.75,8,0,CARD,0,MEDIUM,857,0
632.1,9,1,WALLET,0,LOW,358,0
10726.83,11,1,UPI,0,MEDIUM,250,0
840.6,5,1,UPI,0,LOW,117,0
5457.51,11,0,UPI,0,MEDIUM,176,0
38036.72,3,0,NETBANKING,0,MEDIUM,899,0
776.6,16,0,WALLET,0,LOW,472,0
793.43,5,0,NETBANKING,0,LOW,287,0
498.22,13,0,UPI,0,MEDIUM,237,0
861.83,6,0,CARD,0,LOW,62,0
468.37,8,0,NETBANKING,0,LOW,987,0
754.3,13,1,CARD,0,LOW,861,0
992.79,6,0,WALLET,0,MEDIUM,119,0
622.82,21,0,CARD,0,LOW,291,0
763.4,10,1,WALLET,0,MEDIUM,677,0
49.19,22,1,UPI,0,LOW,938,0
925.09,3,0,UPI,0,LOW,435,0
451.28,17,0,UPI,0,LOW,636,0
16107.95,7,1,CARD,0,MEDIUM,577,0
936.62,4,1,WALLET,0,LOW,304,0
164.14,22,0,UPI,0,HIGH,820,0
17108.16,6,1,WALLET,0,MEDIUM,660,0
634.09,0,1,WALLET,0,MEDIUM,573,0
47.06,10,1,NETBANKING,0,LOW,502,0
181.57,14,1,UPI,0,LOW,432,0
397.13,2,1,UPI,0,MEDIUM,813,0
16898.67,1,1,UPI,0,MEDIUM,928,0
814.92,8,0,NETBANKING,0,LOW,317,0
785.95,19,1,NETBANKING,0,LOW,802,0
3258.17,8,0,WALLET,0,HIGH,993,0
8089.48,0,0,UPI,1,LOW,404,0
16949.89,12,1,CARD,0,LOW,137,0
264.49,16,0,NETBANKING,0,LOW,748,0
771.36,15,0,WALLET,0,MEDIUM,461,0
80.74,14,0,CARD,0,LOW,947,0
37.82,16,1,NETBANKING,0,MEDIUM,698,0
7080.0,20,1,NETBANKING,0,LOW,251,0
127.34,11,0,WALLET,0,LOW,436,0
341.33,4,1,WALLET,0,HIGH,414,0
412.59,15,1,CARD,0,HIGH,366,0
7313.04,18,0,NETBANKING,0,HIGH,109,0
1747.42,10,0,UPI,0,LOW,190,0
310.7,4,0,UPI,0,LOW,234,0
718.45,17,0,WALLET,1,LOW,710,0
674.66,22,1,NETBANKING,0,MEDIUM,214,0
79.62,20,1,UPI,0,LOW,46,0
67.85,1,0,UPI,0,HIGH,55,0
13.18,13,0,CARD,0,MEDIUM,680,0
695.59,14,0,UPI,0,LOW,916,0
611.97,15,1,WALLET,0,LOW,3,0
580.92,15,0,UPI,0,LOW,772,0
922.03,7,0,NETBANKING,0,LOW,552,0
880.1,12,1,WALLET,0,LOW,193,0
186.1,13,0,NETBANKING,0,LOW,674,0
963.21,7,0,CARD,1,LOW,591,0
923.86,15,1,UPI,0,HIGH,699,0
534.55,13,0,UPI,0,LOW,660,0
149818.0,3,1,CARD,0,HIGH,117,1
174706.58,7,1,WALLET,0,LOW,778,0
15022.66,19,1,UPI,0,HIGH,347,0
10084.65,12,0,CARD,1,HIGH,838,1
846.52,1,0,NETBANKING,0,LOW,307,0
620.73,14,0,WALLET,0,MEDIUM,92,0
960.47,19,0,UPI,1,LOW,179,0
217.38,3,1,WALLET,0,LOW,119,0
118.89,17,1,UPI,0,LOW,932,0
670.21,17,1,CARD,0,LOW,975,0
872.6,8,0,CARD,0,LOW,426,0
415.63,14,0,NETBANKING,0,MEDIUM,508,0
813.18,8,0,CARD,0,MEDIUM,546,0
17722.34,11,1,WALLET,0,LOW,960,0
93.2,9,1,NETBANKING,0,LOW,779,0
13458.36,7,1,CARD,0,MEDIUM,278,0
56.65,1,0,WALLET,0,LOW,243,0
901.86,2,1,CARD,0,LOW,852,0
496.84,15,0,CARD,0,LOW,307,0
421.06,16,1,CARD,0,LOW,306,0
14662.17,17,1,NETBANKING,0,HIGH,328,0
554.23,1,1,UPI,1,MEDIUM,970,0
300.55,4,1,UPI,0,LOW,78,0
19061.83,3,0,WALLET,0,LOW,17,0
587.29,19,0,WALLET,0,LOW,935,0
588.12,15,1,CARD,0,HIGH,496,0
19123.51,23,1,CARD,0,HIGH,784,0
9809.36,18,1,WALLET,0,MEDIUM,384,0
16008.3,10,0,UPI,0,LOW,214,0
6840.31,15,0,CARD,1,MEDIUM,643,0
629.93,23,0,CARD,0,LOW,837,0
134791.99,5,0,WALLET,0,LOW,292,1
723.2,6,0,UPI,0,LOW,252,0
600.23,4,1,UPI,0,LOW,305,0
78.17,10,0,WALLET,0,MEDIUM,498,0
14204.55,3,0,NETBANKING,0,MEDIUM,470,0
3033.75,10,1,CARD,0,MEDIUM,658,0
141.78,3,1,UPI,0,LOW,800,0
6653.13,9,1,CARD,0,LOW,517,0
947.9,20,1,UPI,0,LOW,125,0
19517.8,22,0,NETBANKING,0,LOW,175,0
844.31,20,0,WALLET,0,LOW,55,0
362.32,11,0,UPI,0,MEDIUM,437,0
456.59,15,1,NETBANKING,0,MEDIUM,843,0
17090.92,18,1,NETBANKING,0,LOW,400,0
318.83,17,1,CARD,0,MEDIUM,696,0
941.02,8,0,WALLET,0,LOW,266,0
19814.77,22,0,UPI,0,MEDIUM,44,0
453.27,17,1,WALLET,0,LOW,690,0
19729.04,14,0,NETBANKING,1,LOW,448,0
1542.97,14,0,WALLET,0,MEDIUM,944,0
278.97,4,0,NETBANKING,0,MEDIUM,958,0
376.87,15,0,UPI,0,LOW,697,0
541.55,11,0,UPI,0,LOW,867,0
230.19,5,0,NETBANKING,0,MEDIUM,733,0
69702.03,5,0,NETBANKING,0,LOW,582,0
3589.28,19,0,WALLET,0,LOW,918,0
993.08,20,0,WALLET,0,LOW,571,0
485.83,20,0,CARD,0,MEDIUM,172,0
973.62,10,1,WALLET,1,LOW,682,0
143.74,3,1,WALLET,0,LOW,998,0
179677.3,2,0,WALLET,0,LOW,716,1
353.98,12,1,CARD,0,MEDIUM,619,0
139821.47,13,0,UPI,0,MEDIUM,514,0
6941.67,10,0,NETBANKING,1,LOW,148,0
171176.95,3,0,UPI,0,HIGH,140,1
769.58,4,1,NETBANKING,0,HIGH,814,0
203.73,5,1,CARD,0,MEDIUM,425,0
788.45,17,1,UPI,0,LOW,301,0
719.5,8,0,CARD,0,LOW,412,0
518.34,2,1,NETBANKING,0,LOW,27,0
367.21,11,0,UPI,0,LOW,34,0
654.81,9,0,NETBANKING,0,LOW,184,0
76.77,20,0,UPI,1,LOW,761,0
12765.44,1,0,WALLET,0,LOW,822,0
239.77,12,1,WALLET,0,MEDIUM,565,0
17027.51,20,1,NETBANKING,0,LOW,559,0
610.57,7,1,UPI,0,LOW,670,0
15631.66,8,1,WALLET,0,MEDIUM,157,0
333.3,14,0,NETBANKING,0,LOW,85,0
13175.3,20,1,NETBANKING,0,MEDIUM,400,0
882.0,20,1,WALLET,0,MEDIUM,98,0
982.65,0,1,WALLET,0,LOW,938,0
956.62,1,0,NETBANKING,0,MEDIUM,12,0
186.96,11,1,NETBANKING,0,LOW,240,0
14516.65,10,1,WALLET,0,LOW,329,0
112.85,11,0,CARD,0,LOW,872,0
117.09,12,1,CARD,0,LOW,2,0
608.96,9,1,WALLET,0,LOW,62,0
110.34,12,1,UPI,0,MEDIUM,217,0
728.3,11,0,CARD,1,MEDIUM,821,0
176.11,3,1,NETBANKING,0,MEDIUM,635,0
14183.56,4,0,NETBANKING,0,LOW,34,0
3836.09,4,0,WALLET,0,MEDIUM,131,0
15681.51,11,0,WALLET,0,LOW,573,0
883.65,11,1,UPI,0,LOW,139,0
10564.52,4,1,WALLET,0,HIGH,194,0
18351.92,9,0,CARD,0,LOW,747,0
736.4,2,1,UPI,0,LOW,233,0
223.16,6,1,NETBANKING,1,LOW,23,0
48.59,22,1,CARD,0,LOW,542,0
342.55,20,1,UPI,0,LOW,632,0
995.91,13,1,WALLET,0,LOW,64,0
415.78,1,0,UPI,1,LOW,110,0
10605.63,19,1,CARD,0,MEDIUM,447,0
725.01,18,0,WALLET,0,LOW,195,0
9225.04,17,1,UPI,0,LOW,936,0
13520.15,16,1,NETBANKING,0,MEDIUM,742,0
10940.59,12,0,UPI,0,LOW,514,0
129.81,4,0,WALLET,0,LOW,900,0
20.07,6,1,UPI,0,MEDIUM,616,0
2436.43,11,1,CARD,0,LOW,93,0
424.55,14,1,WALLET,1,MEDIUM,852,0
307.84,13,0,WALLET,0,LOW,250,0
750.68,19,1,NETBANKING,0,LOW,333,0
274.39,21,0,CARD,0,LOW,296,0
882.79,3,1,WALLET,0,LOW,814,0
869.12,22,1,WALLET,0,LOW,250,0
4288.89,9,1,NETBANKING,0,LOW,140,0
477.05,12,0,CARD,0,MEDIUM,567,0
618.28,2,0,CARD,0,MEDIUM,924,0
244.38,11,0,NETBANKING,0,LOW,956,0
448.62,14,0,CARD,0,LOW,106,0
5154.93,9,0,NETBANKING,0,LOW,132,0
689.99,0,0,NETBANKING,0,MEDIUM,312,0
59.4,11,1,NETBANKING,0,LOW,264,0
358.42,7,0,WALLET,0,LOW,759,0
6713.99,22,0,WALLET,0,LOW,992,0
451.88,22,0,UPI,0,LOW,411,0
312.66,2,0,NETBANKING,1,LOW,445,0
77.65,18,0,CARD,0,HIGH,176,0
48.8,18,0,UPI,0,HIGH,530,0
800.86,2,1,UPI,0,LOW,44,0
661.96,2,0,CARD,0,MEDIUM,105,0
908.21,12,1,WALLET,0,MEDIUM,634,0
641.55,5,1,CARD,0,LOW,545,0
983.21,1,1,NETBANKING,0,MEDIUM,600,0
180.63,13,0,CARD,0,MEDIUM,60,0
3823.05,4,0,CARD,0,MEDIUM,863,0
9515.46,16,1,UPI,1,MEDIUM,506,0
505.3,2,0,UPI,0,MEDIUM,223,0
18457.7,22,0,NETBANKING,0,LOW,502,0
957.07,11,0,WALLET,0,LOW,914,0
4927.41,8,0,NETBANKING,0,LOW,652,0
147644.33,20,1,WALLET,0,MEDIUM,951,0
423.38,18,0,NETBANKING,0,LOW,663,0
969.19,22,0,NETBANKING,0,MEDIUM,812,0
978.22,8,1,NETBANKING,0,MEDIUM,231,0
2683.97,8,0,WALLET,0,LOW,6,0
635.05,8,1,NETBANKING,0,LOW,234,0
385.93,13,1,NETBANKING,0,MEDIUM,622,0
251.72,23,0,CARD,0,LOW,931,0
891.28,18,0,CARD,0,LOW,475,0
631.07,6,1,CARD,0,MEDIUM,84,0
625.5,6,1,UPI,0,LOW,284,0
318.62,0,1,CARD,1,LOW,435,0
14086.23,15,0,NETBANKING,0,MEDIUM,983,0
17402.83,4,1,UPI,0,LOW,448,0
919.66,9,1,CARD,0,LOW,253,0
841.14,19,1,CARD,0,HIGH,363,0
159.47,7,1,UPI,0,LOW,91,0
725.31,17,1,WALLET,0,LOW,420,0
144938.38,21,1,CARD,0,LOW,504,1
604.19,15,1,UPI,0,HIGH,772,0
836.19,18,1,WALLET,0,MEDIUM,294,0
9834.49,7,1,NETBANKING,1,MEDIUM,147,0
632.65,9,0,UPI,0,LOW,86,0
16523.85,0,1,NETBANKING,0,MEDIUM,539,0
286.65,4,1,UPI,0,LOW,745,0
13219.32,13,0,CARD,0,LOW,981,0
82.05,2,1,WALLET,0,LOW,189,0
922.03,11,0,NETBANKING,0,LOW,138,0
618.37,18,1,NETBANKING,0,LOW,826,0
732.48,18,1,NETBANKING,0,LOW,195,0
14450.98,19,1,NETBANKING,0,LOW,589,0
122.82,0,1,UPI,0,MEDIUM,972,0
210.64,8,1,WALLET,0,LOW,991,0
12016.74,13,1,NETBANKING,0,MEDIUM,977,0
270.47,4,1,WALLET,0,LOW,398,0
6201.13,4,0,NETBANKING,0,LOW,84,0
128.61,8,1,WALLET,0,LOW,729,0
5655.87,17,0,UPI,0,MEDIUM,670,0
799.61,15,0,CARD,0,HIGH,750,0
752.63,21,1,WALLET,0,LOW,909,0
308.09,14,1,CARD,0,MEDIUM,326,0
648.36,17,0,CARD,0,HIGH,505,0
16385.78,8,0,CARD,0,MEDIUM,536,0
691.74,16,0,WALLET,0,LOW,681,0
130305.39,0,1,NETBANKING,0,HIGH,139,1
697.62,9,1,CARD,0,HIGH,629,0
913.16,21,1,UPI,0,LOW,57,0
823.64,7,1,NETBANKING,1,HIGH,201,1
12807.64,21,1,NETBANKING,0,HIGH,424,0
648.19,13,0,CARD,0,LOW,86,0
518.64,7,1,CARD,0,LOW,820,0
19989.46,7,1,WALLET,0,LOW,365,0
829.49,9,1,NETBANKING,0,LOW,369,0
2786.7,21,1,NETBANKING,0,MEDIUM,439,0
989.12,12,0,NETBANKING,0,LOW,418,0
17937.6,4,0,CARD,1,LOW,255,0
140.79,8,0,CARD,0,HIGH,965,0
755.23,18,0,NETBANKING,0,MEDIUM,786,0
614.17,16,1,UPI,0,LOW,498,0
15719.9,5,0,WALLET,0,LOW,98,0
180.38,12,1,UPI,1,LOW,955,0
515.43,2,1,CARD,0,MEDIUM,897,0
24.42,11,0,UPI,0,MEDIUM,401,0
16750.74,10,1,WALLET,0,LOW,897,0
2443.04,4,0,WALLET,0,LOW,250,0
367.22,10,0,UPI,0,MEDIUM,650,0
951.97,15,0,NETBANKING,0,MEDIUM,576,0
2253.77,18,0,NETBANKING,0,LOW,161,0
405.39,13,1,UPI,1,LOW,174,0
513.07,19,0,WALLET,0,LOW,484,0
344.27,10,0,CARD,0,LOW,833,0
96.37,21,1,WALLET,0,HIGH,929,0
107.02,15,1,CARD,0,MEDIUM,138,0
163.75,8,1,CARD,0,LOW,706,0
1992.14,10,0,CARD,0,MEDIUM,852,0
5084.62,19,1,WALLET,0,LOW,175,0
518.45,5,1,CARD,0,MEDIUM,263,0
629.14,15,1,UPI,0,LOW,955,0
19795.08,4,0,CARD,0,MEDIUM,363,0
605.12,16,0,UPI,0,LOW,452,0
665.34,6,0,CARD,0,LOW,289,0
75.21,12,0,NETBANKING,0,HIGH,103,0
270.49,5,1,UPI,0,LOW,169,0
926.18,3,1,NETBANKING,0,LOW,441,0
540.37,13,0,CARD,1,MEDIUM,797,0
327.04,3,0,WALLET,0,LOW,953,0
6948.16,18,1,CARD,0,MEDIUM,392,0
359.04,8,0,CARD,0,LOW,306,0
703.42,19,1,CARD,0,LOW,268,0
483.85,16,0,UPI,0,LOW,500,0
488.45,9,1,NETBANKING,0,LOW,282,0
260.38,10,1,UPI,0,MEDIUM,849,0
115297.81,18,0,CARD,0,MEDIUM,273,1
19492.64,9,1,WALLET,1,LOW,748,0
123.86,11,1,NETBANKING,0,LOW,774,0
832.06,3,1,NETBANKING,0,HIGH,805,0
813.43,3,1,WALLET,0,LOW,445,0
4222.72,21,0,CARD,0,MEDIUM,579,0
18115.3,13,0,CARD,0,MEDIUM,140,0
5768.79,7,0,NETBANKING,0,LOW,662,0
999.35,18,1,NETBANKING,0,LOW,474,0
648.7,3,1,CARD,0,LOW,324,0
82.95,12,1,WALLET,0,MEDIUM,917,0
600.81,5,1,UPI,0,MEDIUM,468,0
89.62,18,0,WALLET,0,MEDIUM,482,0
395.77,4,1,CARD,0,LOW,345,0
178.86,16,0,CARD,1,LOW,462,0
694.68,19,0,WALLET,0,LOW,283,0
23.6,10,1,NETBANKING,0,MEDIUM,607,0
6502.26,1,1,WALLET,0,MEDIUM,765,0
853.13,20,1,WALLET,0,MEDIUM,698,0
7227.51,7,1,UPI,0,HIGH,319,0
5134.53,11,0,CARD,0,HIGH,796,0
799.56,0,1,UPI,0,LOW,819,0
628.66,9,0,NETBANKING,0,LOW,243,0
8350.93,4,0,CARD,0,MEDIUM,492,0
264.85,19,0,CARD,0,MEDIUM,256,0
814.46,8,1,UPI,0,MEDIUM,71,0
65465.11,12,1,UPI,1,LOW,639,1
8965.57,0,0,CARD,1,LOW,458,0
250.41,9,1,CARD,0,MEDIUM,668,0
810.16,20,1,CARD,0,MEDIUM,319,0
661.22,4,1,CARD,0,LOW,359,0
50.38,20,1,NETBANKING,0,LOW,143,0
441.47,9,1,UPI,0,LOW,296,0
383.64,16,1,WALLET,0,MEDIUM,383,0
875.24,14,1,CARD,0,LOW,153,0
314.23,9,0,NETBANKING,0,MEDIUM,636,0
826.0,17,1,NETBANKING,0,LOW,787,0
645.01,19,1,CARD,0,LOW,984,0
1698.75,14,0,CARD,0,MEDIUM,628,0
322.8,9,0,CARD,0,MEDIUM,389,0
762.15,15,0,CARD,0,MEDIUM,335,0
516.14,0,1,NETBANKING,0,LOW,188,0
200.49,12,1,UPI,0,LOW,487,0
159.82,16,0,UPI,0,LOW,777,0
14.21,4,1,WALLET,0,LOW,518,0
15777.27,21,1,NETBANKING,0,LOW,696,0
707.55,15,0,NETBANKING,0,LOW,771,0
568.0,14,0,WALLET,0,LOW,284,0
798.19,4,1,UPI,0,LOW,485,0
404.93,12,1,UPI,0,LOW,455,0
691.88,3,0,UPI,0,LOW,351,0
929.1,18,1,CARD,0,LOW,407,0
245.93,20,1,CARD,0,MEDIUM,439,0
338.37,16,1,CARD,0,HIGH,214,0
11436.33,13,0,WALLET,0,MEDIUM,41,0
903.16,20,0,WALLET,0,LOW,983,0
51.57,22,1,CARD,0,LOW,162,0
506.89,2,1,CARD,0,LOW,149,0
537.27,8,1,CARD,0,LOW,646,0
451.61,8,0,NETBANKING,0,LOW,760,0
682.83,2,1,UPI,0,LOW,128,0
579.14,8,0,UPI,0,LOW,54,0
540.24,9,0,UPI,0,LOW,16,0
868.16,1,1,UPI,1,MEDIUM,535,1
277.73,0,1,CARD,1,MEDIUM,288,0
983.34,8,0,CARD,1,HIGH,368,1
949.47,17,0,CARD,0,LOW,896,0
202.94,18,1,NETBANKING,1,LOW,260,0
199.58,10,1,NETBANKING,0,MEDIUM,322,0
230.84,17,1,UPI,0,MEDIUM,989,0
10800.9,20,0,UPI,1,LOW,995,0
567.59,20,1,NETBANKING,0,LOW,11,0
549.29,20,1,UPI,0,MEDIUM,217,0
359.85,21,0,NETBANKING,0,LOW,236,0
807.21,1,0,CARD,0,LOW,685,0
986.91,1,0,NETBANKING,0,LOW,347,0
359.84,9,0,NETBANKING,0,LOW,65,0
473.24,18,1,WALLET,0,MEDIUM,597,0
203.75,9,1,CARD,0,LOW,577,0
741.68,9,1,WALLET,0,LOW,585,0
39.75,8,1,NETBANKING,0,LOW,792,0
15873.65,2,1,NETBANKING,1,LOW,833,0
9135.66,1,1,WALLET,0,LOW,616,0
558.03,10,1,UPI,0,LOW,969,0
947.48,17,0,NETBANKING,0,HIGH,672,0
3885.08,14,0,NETBANKING,0,LOW,121,0
8061.68,5,1,UPI,0,LOW,639,0
569.32,15,1,CARD,0,HIGH,1,0
732.11,14,0,NETBANKING,0,MEDIUM,222,0
897.28,14,1,WALLET,0,LOW,935,0
393.33,18,1,NETBANKING,0,LOW,760,0
408.88,6,0,UPI,0,MEDIUM,311,0
990.4,16,1,WALLET,0,HIGH,473,0
174.11,9,0,WALLET,0,LOW,737,0
642.3,3,0,CARD,0,LOW,247,0
170492.56,4,0,UPI,0,LOW,297,1
451.07,0,1,CARD,0,MEDIUM,386,0
900.68,18,1,WALLET,0,LOW,999,0
374.97,0,0,NETBANKING,0,LOW,161,0
311.96,21,0,NETBANKING,0,LOW,966,0
187.06,18,0,WALLET,0,LOW,35,0
886.21,10,1,CARD,0,LOW,587,0
75.98,20,0,CARD,0,LOW,348,0
280.3,20,1,WALLET,0,HIGH,722,0
676.57,0,0,CARD,0,MEDIUM,864,0
625.91,13,0,CARD,1,LOW,786,0
46.01,13,0,NETBANKING,0,LOW,929,0
960.23,5,0,CARD,0,LOW,381,0
16.74,4,0,NETBANKING,0,LOW,467,0
187.89,16,1,NETBANKING,1,LOW,287,0
221.02,8,0,NETBANKING,0,MEDIUM,379,0
735.37,21,1,CARD,0,MEDIUM,174,0
339.87,4,0,NETBANKING,0,LOW,647,0
126.27,11,0,CARD,0,LOW,85,0
318.89,21,0,WALLET,0,LOW,683,0
758.72,23,1,WALLET,0,MEDIUM,782,0
551.27,5,0,UPI,0,MEDIUM,357,0
750.83,16,0,UPI,0,HIGH,918,0
965.02,20,1,NETBANKING,0,LOW,863,0
793.7,3,1,NETBANKING,0,LOW,657,0
572.05,16,1,WALLET,0,LOW,85,0
414.79,17,0,WALLET,0,LOW,917,0
908.82,5,0,NETBANKING,1,LOW,665,1
710.18,20,1,CARD,0,MEDIUM,231,0
813.19,1,0,CARD,0,MEDIUM,226,0
2493.67,17,1,CARD,0,MEDIUM,360,0
750.12,18,1,WALLET,1,MEDIUM,528,0
157.68,17,1,CARD,0,LOW,473,0
17487.26,21,1,NETBANKING,0,LOW,572,0
234.44,18,0,CARD,0,LOW,643,0
388.01,20,0,UPI,0,MEDIUM,247,0
399.49,4,0,CARD,0,LOW,337,0
149.04,3,1,UPI,0,LOW,419,0
15568.08,13,0,NETBANKING,0,MEDIUM,964,0
19445.74,8,0,CARD,0,LOW,6,0
710.69,1,0,UPI,0,LOW,85,0
457.02,22,0,UPI,0,HIGH,595,0
656.06,20,1,UPI,0,LOW,967,0
901.15,14,0,NETBANKING,1,HIGH,365,1
68.28,20,0,CARD,0,MEDIUM,228,0
245.03,5,0,WALLET,0,LOW,44,0
6448.12,19,0,WALLET,0,MEDIUM,682,0
8210.43,16,1,UPI,0,LOW,293,0
15383.23,9,0,NETBANKING,0,MEDIUM,121,0
955.08,8,0,WALLET,0,HIGH,950,0
13430.64,2,0,CARD,0,MEDIUM,62,0
19366.44,0,1,NETBANKING,0,HIGH,154,0
11569.41,23,1,WALLET,0,MEDIUM,17,0
107.97,10,1,NETBANKING,0,MEDIUM,417,0
13934.17,22,1,WALLET,0,LOW,572,0
647.45,16,1,CARD,0,MEDIUM,581,0
804.52,22,1,WALLET,0,LOW,317,0
592.29,0,1,NETBANKING,0,LOW,268,0
823.31,3,0,CARD,0,HIGH,669,0
92.81,16,1,CARD,0,LOW,505,0
279.43,20,1,WALLET,0,MEDIUM,37,0
740.95,2,0,CARD,0,HIGH,963,0
53.32,12,1,CARD,0,MEDIUM,624,0
10189.6,19,0,NETBANKING,0,LOW,213,0
353.82,2,0,WALLET,0,LOW,618,0
662.16,20,0,UPI,0,LOW,250,0
676.84,15,1,NETBANKING,0,LOW,211,0
106.64,17,0,WALLET,0,LOW,799,0
332.81,13,0,WALLET,0,MEDIUM,924,0
128.44,9,0,UPI,0,LOW,984,0
608.26,15,0,CARD,1,MEDIUM,59,0
759.9,11,0,NETBANKING,0,MEDIUM,371,0
377.15,6,1,NETBANKING,0,LOW,805,0
451.63,22,1,CARD,1,LOW,678,0
602.8,17,0,CARD,0,MEDIUM,845,0
875.74,2,1,UPI,1,HIGH,857,1
713.48,9,0,WALLET,0,HIGH,397,0
330.15,22,1,UPI,0,HIGH,765,0
16589.23,18,1,UPI,1,LOW,151,0
635.86,18,0,CARD,0,MEDIUM,627,0
177937.89,16,0,WALLET,0,LOW,592,0
5090.11,22,1,CARD,0,LOW,807,0
1181.29,15,0,CARD,1,LOW,922,0
117.47,2,1,NETBANKING,0,LOW,580,0
773.02,3,0,WALLET,0,MEDIUM,38,0
140.92,17,0,CARD,0,LOW,953,0
145.21,14,0,CARD,0,MEDIUM,19,0
265.75,8,1,NETBANKING,0,LOW,686,0
21.67,23,1,UPI,0,HIGH,49,0
565.58,7,0,NETBANKING,0,MEDIUM,583,0
950.26,12,1,UPI,0,HIGH,580,0
111.15,3,1,WALLET,0,MEDIUM,558,0
414.43,9,1,WALLET,0,MEDIUM,478,0
421.73,13,1,NETBANKING,0,LOW,798,0
140.71,6,0,UPI,0,MEDIUM,232,0
350.35,9,1,CARD,0,LOW,173,0
4358.8,16,1,WALLET,1,LOW,65,0
282.1,17,1,CARD,0,LOW,792,0
687.73,0,1,NETBANKING,0,LOW,713,0
744.05,19,1,CARD,0,LOW,153,0
828.29,13,1,UPI,0,LOW,5,0
36.8,2,0,NETBANKING,0,LOW,418,0
695.46,16,1,WALLET,0,HIGH,990,0
864.02,5,1,CARD,0,MEDIUM,383,0
270.22,13,0,UPI,0,MEDIUM,845,0
16378.44,13,1,UPI,0,MEDIUM,598,0
11756.15,22,0,UPI,0,LOW,511,0
33.39,21,0,CARD,1,HIGH,467,0
610.64,7,1,CARD,0,LOW,84,0
996.4,9,1,CARD,0,MEDIUM,463,0
3680.21,20,0,UPI,0,MEDIUM,520,0
164.28,3,0,CARD,0,LOW,789,0
969.88,17,0,WALLET,0,LOW,661,0
565.9,14,1,UPI,0,LOW,173,0
331.79,12,1,WALLET,1,MEDIUM,221,0
598.8,14,1,CARD,0,HIGH,253,0
438.19,20,0,UPI,0,LOW,441,0
3873.09,19,0,WALLET,0,LOW,247,0
826.08,3,0,UPI,1,LOW,844,0
9913.71,23,0,UPI,0,LOW,144,0
568.26,16,0,WALLET,0,HIGH,576,0
884.99,12,0,WALLET,0,MEDIUM,561,0
9210.22,9,1,CARD,0,LOW,666,0
561.44,22,1,NETBANKING,0,MEDIUM,368,0
247.49,17,1,NETBANKING,0,MEDIUM,893,0
38098.61,21,1,CARD,0,LOW,428,0
321.92,8,0,WALLET,0,MEDIUM,982,0
135.13,10,1,UPI,0,LOW,599,0
110.79,15,1,UPI,0,MEDIUM,641,0
1159.01,17,1,WALLET,0,MEDIUM,447,0
14212.28,18,0,UPI,0,LOW,537,0
724.99,15,1,CARD,1,HIGH,257,0
797.08,8,0,WALLET,0,LOW,834,0
154812.97,17,0,WALLET,0,LOW,181,0
808.6,6,1,CARD,0,HIGH,974,0
577.78,13,0,WALLET,0,MEDIUM,52,0
840.75,22,0,UPI,0,HIGH,456,0
113.54,3,1,NETBANKING,0,MEDIUM,712,0
758.81,2,0,CARD,0,LOW,575,0
634.33,22,1,NETBANKING,1,MEDIUM,463,0
322.67,15,0,NETBANKING,0,LOW,684,0
6921.64,9,0,NETBANKING,0,LOW,172,0
738.42,15,0,CARD,0,MEDIUM,682,0
355.13,4,0,NETBANKING,0,MEDIUM,48,0
442.37,4,0,CARD,0,LOW,467,0
71685.74,5,0,UPI,0,MEDIUM,565,0
17537.95,16,0,NETBANKING,0,LOW,736,0
739.95,2,0,CARD,0,LOW,94,0
8833.74,15,1,WALLET,0,MEDIUM,939,0
19930.13,8,0,UPI,0,LOW,127,0
865.14,2,0,CARD,0,LOW,218,0
538.91,9,0,UPI,0,MEDIUM,18,0
6412.41,12,1,WALLET,0,MEDIUM,455,0
8986.78,2,0,CARD,1,LOW,446,0
227.2,3,0,UPI,0,MEDIUM,848,0
597.17,18,0,WALLET,0,LOW,286,0
9815.65,1,0,WALLET,0,LOW,68,0
527.48,19,1,UPI,0,LOW,437,0
800.66,14,0,UPI,0,LOW,174,0
7946.58,15,0,NETBANKING,0,LOW,458,0
134.28,9,0,NETBANKING,0,LOW,254,0
157.04,17,0,CARD,0,LOW,645,0
73334.21,22,0,CARD,0,MEDIUM,817,0
14957.1,4,1,WALLET,0,LOW,282,0
97955.94,0,0,NETBANKING,0,LOW,960,0
518.18,19,1,UPI,0,MEDIUM,747,0
13835.59,12,1,CARD,0,LOW,405,0
682.46,6,1,WALLET,0,MEDIUM,109,0
388.55,15,1,CARD,0,LOW,374,0
646.14,17,1,UPI,0,LOW,827,0
74.45,9,1,NETBANKING,0,LOW,981,0
999.66,14,0,CARD,0,LOW,724,0
945.21,0,1,NETBANKING,0,LOW,759,0
4161.62,21,0,WALLET,1,LOW,627,0
390.19,12,1,WALLET,0,MEDIUM,120,0
1324.39,14,0,NETBANKING,0,LOW,80,0
4686.31,21,1,WALLET,0,MEDIUM,515,0
3354.11,19,1,CARD,1,MEDIUM,316,0
342.97,10,1,UPI,0,MEDIUM,75,0
18339.76,17,1,NETBANKING,0,MEDIUM,137,0
19777.17,6,1,UPI,0,MEDIUM,184,0
163.01,13,1,NETBANKING,0,MEDIUM,735,0
29.33,0,1,UPI,0,LOW,643,0
16532.56,23,0,CARD,0,LOW,924,0
35918.45,5,0,NETBANKING,0,MEDIUM,840,0
5136.85,6,1,CARD,0,LOW,642,0
11497.87,9,1,CARD,0,MEDIUM,391,0
185.18,1,1,UPI,0,LOW,37,0
450.51,14,0,CARD,0,MEDIUM,652,0
584.35,5,1,CARD,0,LOW,181,0
328.86,15,1,WALLET,0,LOW,721,0
795.52,2,1,CARD,0,LOW,301,0
13273.11,19,0,NETBANKING,0,LOW,756,0
18782.02,4,1,NETBANKING,0,LOW,623,0
263.08,14,0,NETBANKING,0,MEDIUM,830,0
11336.61,22,1,CARD,0,LOW,223,0
619.54,19,0,NETBANKING,0,MEDIUM,775,0
94.05,16,0,CARD,0,LOW,679,0
641.37,17,0,WALLET,1,HIGH,284,1
293.14,5,0,WALLET,0,LOW,729,0
261.27,8,1,CARD,0,MEDIUM,452,0
804.64,18,1,WALLET,0,LOW,730,0
989.38,22,0,WALLET,0,MEDIUM,537,0
1247.58,15,0,UPI,0,LOW,555,0
16567.49,14,0,UPI,0,LOW,420,0
56134.04,20,1,WALLET,0,LOW,444,0
12144.86,10,1,NETBANKING,1,HIGH,749,1
135.97,3,1,UPI,0,LOW,480,0
790.8,4,0,CARD,0,LOW,665,0
523.24,5,0,WALLET,1,MEDIUM,881,0
932.37,6,1,WALLET,0,LOW,8,0
975.79,2,0,WALLET,0,MEDIUM,524,0
6618.13,17,1,NETBANKING,0,LOW,289,0
369.81,5,1,NETBANKING,0,LOW,487,0
206.4,14,1,UPI,0,LOW,302,0
416.01,8,0,NETBANKING,1,LOW,255,0
678.46,7,1,UPI,0,LOW,593,0
317.78,0,1,CARD,0,LOW,619,0
219.14,9,1,WALLET,0,MEDIUM,423,0
112.69,13,1,WALLET,0,MEDIUM,190,0
199496.25,2,0,WALLET,0,HIGH,567,1
992.63,16,0,CARD,0,LOW,647,0
252.86,6,1,NETBANKING,0,LOW,10,0
465.08,18,1,NETBANKING,0,HIGH,165,0
66187.32,6,0,NETBANKING,0,LOW,490,0
15648.23,23,0,CARD,0,LOW,107,0
790.87,16,0,WALLET,1,HIGH,136,0
331.08,23,0,NETBANKING,0,HIGH,117,0
18633.07,7,0,WALLET,0,MEDIUM,226,0
366.65,7,1,WALLET,0,LOW,858,0
949.65,13,0,NETBANKING,1,LOW,63,0
748.49,1,0,NETBANKING,0,LOW,806,0
298.22,13,1,NETBANKING,0,LOW,759,0
15963.78,9,0,CARD,0,LOW,225,0
504.91,15,0,WALLET,0,LOW,863,0
578.23,22,1,UPI,0,MEDIUM,44,0
729.8,5,0,NETBANKING,0,LOW,477,0
250.77,0,1,WALLET,0,MEDIUM,449,0
11390.14,9,1,WALLET,0,MEDIUM,248,0
730.07,15,1,NETBANKING,0,LOW,867,0
458.94,18,0,CARD,0,LOW,17,0
15417.86,11,0,CARD,0,LOW,141,0
34045.36,5,0,NETBANKING,0,MEDIUM,412,0
819.44,18,0,NETBANKING,1,LOW,419,0
822.44,19,0,UPI,0,LOW,683,0
411.23,7,1,CARD,0,MEDIUM,482,0
39.86,3,0,UPI,0,MEDIUM,828,0
127.91,0,1,NETBANKING,1,LOW,466,0
373.91,2,1,WALLET,0,LOW,815,0
480.47,19,0,CARD,0,LOW,665,0
401.69,6,0,UPI,0,LOW,220,0
1580.11,21,1,UPI,0,HIGH,420,0
885.75,20,1,WALLET,0,LOW,824,0
490.73,19,1,UPI,0,LOW,634,0
760.09,2,0,CARD,1,LOW,892,0
281.06,10,0,UPI,0,LOW,865,0
378.34,4,1,CARD,0,LOW,727,0
5230.23,8,1,NETBANKING,1,LOW,522,0
65.09,15,1,NETBANKING,0,MEDIUM,191,0
83.36,7,0,WALLET,0,LOW,149,0
201.85,7,0,UPI,0,MEDIUM,484,0
1818.03,4,1,NETBANKING,1,LOW,578,0
433.89,19,0,CARD,0,MEDIUM,584,0
575.16,12,0,NETBANKING,0,LOW,302,0
339.52,10,1,WALLET,0,HIGH,180,0
597.14,5,0,UPI,0,LOW,228,0
684.17,15,1,UPI,1,LOW,431,0
246.96,3,0,UPI,0,LOW,110,0
457.94,5,0,CARD,0,LOW,671,0
6082.79,22,0,WALLET,0,MEDIUM,671,0
563.32,13,0,CARD,0,LOW,249,0
224.77,1,0,CARD,0,MEDIUM,633,0
3363.18,4,0,UPI,0,LOW,42,0
11964.61,16,0,NETBANKING,0,MEDIUM,666,0
977.68,22,1,UPI,0,LOW,674,0
16713.18,4,1,WALLET,0,LOW,783,0
10332.82,16,1,NETBANKING,0,LOW,51,0
603.12,9,1,WALLET,0,LOW,641,0
781.54,5,1,WALLET,0,LOW,249,0
720.77,6,0,WALLET,0,LOW,636,0
568.65,11,1,NETBANKING,0,MEDIUM,556,0
918.35,18,0,CARD,0,LOW,591,0
138.1,3,0,WALLET,0,LOW,863,0
176322.38,0,0,UPI,0,LOW,233,1
758.18,8,1,NETBANKING,1,LOW,841,0
690.13,9,1,WALLET,0,LOW,464,0
161894.5,0,0,UPI,0,MEDIUM,738,1
338.16,8,0,CARD,0,MEDIUM,106,0
924.65,22,0,UPI,0,LOW,319,0
686.29,7,1,NETBANKING,0,MEDIUM,207,0
128.83,0,1,UPI,1,LOW,887,0
835.73,9,1,CARD,1,LOW,396,0
969.91,16,0,NETBANKING,0,LOW,199,0
451.24,20,0,NETBANKING,0,MEDIUM,583,0
606.24,2,0,WALLET,0,LOW,427,0
1984.5,9,1,WALLET,0,MEDIUM,136,0
18656.62,15,0,CARD,0,LOW,161,0
2499.53,17,0,CARD,0,LOW,137,0
533.0,5,0,WALLET,0,MEDIUM,302,0
596.5,0,1,UPI,0,LOW,298,0
260.78,20,1,CARD,0,LOW,683,0
1521.44,8,1,WALLET,0,MEDIUM,753,0
5434.08,21,0,UPI,0,LOW,318,0
19315.05,5,1,UPI,0,LOW,574,0
754.1,0,1,WALLET,0,LOW,252,0
354.73,22,1,CARD,0,MEDIUM,612,0
927.93,5,1,NETBANKING,0,LOW,335,0
758.94,1,1,UPI,0,MEDIUM,741,0
521.11,12,1,WALLET,0,LOW,896,0
539.49,9,1,CARD,0,LOW,701,0
900.68,7,1,CARD,0,LOW,995,0
269.76,5,1,CARD,1,LOW,935,0
643.17,3,1,WALLET,0,HIGH,960,0
524.72,17,0,NETBANKING,0,HIGH,943,0
537.98,21,1,NETBANKING,0,LOW,401,0
633.61,6,1,UPI,0,LOW,599,0
111106.7,11,0,WALLET,0,MEDIUM,255,0
485.61,13,1,NETBANKING,0,LOW,293,0
473.1,14,0,CARD,0,MEDIUM,732,0
846.69,22,1,UPI,0,LOW,809,0
5640.86,4,1,WALLET,0,HIGH,45,0
19105.59,15,1,WALLET,0,LOW,208,0
866.34,12,1,CARD,0,MEDIUM,431,0
339.99,18,1,UPI,0,LOW,114,0
603.47,4,1,WALLET,1,LOW,316,0
19604.16,8,0,UPI,0,LOW,592,0
871.03,17,1,WALLET,0,LOW,9,0
327.48,22,1,NETBANKING,0,HIGH,283,0
939.73,13,1,NETBANKING,0,LOW,732,0
258.5,7,1,WALLET,0,LOW,253,0
288.7,14,1,WALLET,0,LOW,161,0
443.65,14,0,WALLET,0,MEDIUM,391,0
61.6,12,1,NETBANKING,0,LOW,922,0
840.69,23,1,UPI,0,MEDIUM,480,0
6118.03,17,1,NETBANKING,0,LOW,675,0
6259.47,9,0,UPI,0,LOW,509,0
15441.62,9,0,WALLET,0,LOW,562,0
26.11,13,1,UPI,0,LOW,76,0
171.66,8,0,CARD,0,LOW,899,0
182.99,4,1,WALLET,0,LOW,465,0
403.86,14,0,WALLET,0,HIGH,346,0
983.05,5,1,CARD,0,MEDIUM,142,0
473.1,22,0,CARD,0,HIGH,462,0
160.5,6,1,NETBANKING,0,LOW,367,0
853.77,2,1,NETBANKING,1,MEDIUM,543,0
2347.88,17,1,UPI,0,HIGH,538,0
231.15,18,1,WALLET,0,LOW,663,0
460.69,18,1,CARD,1,LOW,779,0
347.23,5,1,UPI,0,MEDIUM,745,0
184.21,16,1,NETBANKING,0,MEDIUM,459,0
289.53,9,1,CARD,0,MEDIUM,144,0
258.26,16,0,UPI,0,LOW,420,0
245.95,22,0,WALLET,0,MEDIUM,990,0
249.58,11,0,UPI,0,LOW,226,0
608.26,3,0,UPI,0,MEDIUM,649,0
695.59,11,1,WALLET,0,MEDIUM,115,0
188.69,8,0,UPI,0,MEDIUM,126,0
337.39,14,0,CARD,1,LOW,193,0
769.78,4,0,UPI,1,LOW,380,0
401.66,23,0,WALLET,0,MEDIUM,51,0
212.94,14,1,WALLET,0,LOW,610,0
13886.27,17,0,NETBANKING,0,LOW,710,0
254.45,13,1,UPI,0,LOW,210,0
5746.48,13,1,UPI,0,LOW,591,0
631.11,19,1,UPI,0,LOW,624,0
37366.18,8,0,WALLET,0,LOW,309,0
234.41,3,1,CARD,0,HIGH,642,0
911.18,7,1,UPI,0,MEDIUM,483,0
687.24,5,0,WALLET,0,MEDIUM,913,0
361.05,15,1,WALLET,0,LOW,832,0
376.66,10,1,WALLET,0,LOW,894,0
47393.8,4,0,WALLET,0,LOW,274,0
54678.87,20,1,UPI,0,LOW,132,0
137722.05,18,1,WALLET,1,LOW,212,1
61.71,20,1,CARD,0,LOW,154,0
10660.35,18,0,CARD,0,LOW,217,0
535.73,20,0,UPI,0,LOW,484,0
16263.17,6,0,UPI,0,HIGH,182,0
283.18,22,0,WALLET,0,LOW,975,0
597.6,4,1,NETBANKING,0,MEDIUM,608,0
665.7,0,0,CARD,0,HIGH,360,0
650.87,19,1,NETBANKING,0,LOW,345,0
791.07,18,1,UPI,0,LOW,457,0
38.21,11,1,WALLET,0,MEDIUM,80,0
265.69,4,0,CARD,0,LOW,994,0
258.15,9,1,UPI,0,LOW,676,0
282.14,10,0,CARD,0,LOW,235,0
8784.29,6,0,UPI,0,LOW,148,0
133663.79,20,0,WALLET,0,HIGH,988,1
667.32,11,1,NETBANKING,0,MEDIUM,339,0
660.95,21,0,WALLET,0,LOW,967,0
6034.11,17,0,CARD,0,MEDIUM,945,0
589.34,15,1,UPI,0,MEDIUM,464,0
282.35,14,0,UPI,0,HIGH,682,0
489.37,15,0,WALLET,0,LOW,709,0
11235.65,20,1,UPI,0,MEDIUM,976,0
11036.07,18,1,CARD,0,LOW,435,0
8463.56,9,0,WALLET,1,LOW,988,0
4241.56,19,0,UPI,0,MEDIUM,853,0
749.38,17,0,WALLET,0,LOW,696,0
982.04,1,1,WALLET,0,MEDIUM,1,0
3573.53,13,0,WALLET,0,MEDIUM,436,0
624.93,5,1,UPI,1,MEDIUM,803,1
510.62,11,0,NETBANKING,0,LOW,898,0
321.44,6,0,UPI,0,LOW,787,0
228.2,21,0,CARD,1,LOW,80,0
508.04,5,1,NETBANKING,0,LOW,687,0
13646.34,17,1,UPI,0,LOW,559,0
14382.19,0,1,CARD,0,LOW,593,0
796.56,15,1,WALLET,1,LOW,936,0
717.07,20,1,CARD,0,MEDIUM,525,0
732.68,8,0,WALLET,0,MEDIUM,281,0
44.92,10,1,UPI,0,MEDIUM,198,0
8968.19,10,1,NETBANKING,0,LOW,681,0
5330.17,10,1,WALLET,1,HIGH,757,1
448.19,19,1,UPI,0,LOW,902,0
590.57,22,1,CARD,0,MEDIUM,960,0
742.1,1,1,NETBANKING,0,LOW,385,0
11842.14,16,0,NETBANKING,0,LOW,689,0
477.88,19,1,NETBANKING,0,MEDIUM,615,0
11668.26,3,1,UPI,0,LOW,789,0
1696.63,17,0,CARD,0,LOW,812,0
11812.72,17,1,WALLET,0,LOW,562,0
4871.59,17,0,NETBANKING,0,LOW,655,0
439.97,1,1,UPI,0,MEDIUM,800,0
227.85,9,1,NETBANKING,0,MEDIUM,372,0
11863.47,19,1,NETBANKING,0,LOW,911,0
253.07,1,0,NETBANKING,0,MEDIUM,405,0
18753.11,22,0,UPI,1,LOW,137,0
14356.37,19,1,NETBANKING,0,MEDIUM,281,0
92706.33,8,1,UPI,0,HIGH,404,0
276.18,2,0,CARD,0,LOW,897,0
181.67,15,0,UPI,0,LOW,398,0
322.13,7,0,NETBANKING,0,MEDIUM,509,0
92.59,0,0,NETBANKING,0,LOW,79,0
176.31,6,0,UPI,0,MEDIUM,14,0
879.82,13,0,UPI,0,LOW,307,0
478.4,15,0,UPI,0,LOW,197,0
707.82,17,0,CARD,0,LOW,117,0
985.66,19,1,CARD,0,MEDIUM,22,0
114503.64,1,1,UPI,0,MEDIUM,729,1
105.5,20,0,NETBANKING,0,MEDIUM,557,0
304.02,18,0,UPI,0,LOW,320,0
122.08,3,1,NETBANKING,0,MEDIUM,779,0
112.43,1,1,NETBANKING,1,LOW,435,1
599.86,1,0,UPI,0,LOW,163,0
9477.14,7,0,UPI,0,LOW,154,0
968.95,20,1,NETBANKING,1,MEDIUM,603,0
387.27,6,1,UPI,0,MEDIUM,476,0
174108.14,16,0,CARD,1,LOW,49,1
17156.33,1,0,WALLET,0,LOW,942,0
817.05,9,1,UPI,0,LOW,430,0
667.01,10,1,WALLET,0,MEDIUM,443,0
569.72,18,1,UPI,0,LOW,799,0
13582.82,16,0,CARD,0,LOW,334,0
83162.1,16,0,UPI,0,LOW,935,0
13707.48,15,1,CARD,0,MEDIUM,251,0
228.04,3,1,WALLET,0,MEDIUM,170,0
1771.32,18,0,CARD,0,LOW,568,0
541.66,5,0,WALLET,0,LOW,664,0
341.38,2,0,NETBANKING,0,LOW,490,0
366.18,23,1,UPI,0,LOW,497,0
221.59,3,0,UPI,0,LOW,696,0
109913.45,11,0,UPI,0,LOW,407,0
561.24,21,0,NETBANKING,0,LOW,162,0
478.99,19,0,NETBANKING,0,LOW,812,0
364.87,13,1,WALLET,0,MEDIUM,588,0
269.86,11,0,UPI,0,MEDIUM,217,0
227.54,16,1,WALLET,0,MEDIUM,117,0
740.76,11,1,WALLET,0,LOW,38,0
755.64,19,1,CARD,0,LOW,4,0
449.05,13,0,CARD,0,LOW,547,0
163.7,3,1,CARD,0,LOW,278,0
5214.86,1,0,CARD,0,LOW,712,0
728.16,2,1,CARD,0,MEDIUM,616,0
566.73,18,0,WALLET,0,LOW,378,0
5345.18,0,1,WALLET,0,HIGH,68,0
978.07,1,1,UPI,0,LOW,742,0
868.07,12,0,UPI,0,MEDIUM,560,0
616.77,17,0,WALLET,0,MEDIUM,757,0
723.77,11,0,WALLET,0,MEDIUM,900,0
997.09,18,0,UPI,0,LOW,581,0
16894.29,22,1,UPI,0,MEDIUM,874,0
379.43,21,1,UPI,0,MEDIUM,949,0
463.24,0,0,NETBANKING,0,LOW,781,0
50.45,0,0,WALLET,0,LOW,162,0
14152.39,14,0,CARD,1,MEDIUM,726,0
174757.34,15,0,WALLET,0,LOW,423,0
17414.76,8,1,CARD,0,MEDIUM,159,0
575.85,7,0,NETBANKING,0,MEDIUM,153,0
231.57,13,1,NETBANKING,0,LOW,220,0
857.88,23,0,CARD,0,LOW,1,0
15265.79,9,0,WALLET,0,LOW,686,0
19262.95,14,0,UPI,0,LOW,499,0
2318.27,7,1,CARD,0,HIGH,59,0
912.81,22,1,CARD,1,HIGH,171,0
677.28,11,0,UPI,0,LOW,283,0
934.12,2,1,UPI,0,MEDIUM,167,0
167686.06,10,0,CARD,0,LOW,846,1
19624.65,7,1,CARD,0,HIGH,521,0
778.18,12,1,NETBANKING,0,LOW,319,0
120562.83,6,1,UPI,0,MEDIUM,533,0
87691.17,18,0,NETBANKING,0,LOW,243,0
189.95,9,0,CARD,0,LOW,861,0
43.29,22,0,NETBANKING,0,LOW,458,0
1060.87,23,0,WALLET,1,MEDIUM,609,0
14356.97,21,0,NETBANKING,0,MEDIUM,457,0
423.06,9,0,CARD,1,MEDIUM,148,0
731.39,16,1,WALLET,0,MEDIUM,210,0
6643.29,21,0,WALLET,0,MEDIUM,219,0
114.81,23,1,WALLET,0,LOW,109,0
382.28,3,0,NETBANKING,0,LOW,312,0
586.33,7,1,NETBANKING,1,LOW,940,0
85.04,8,0,UPI,0,LOW,269,0
625.35,13,1,CARD,0,LOW,929,0
55651.34,20,0,CARD,0,MEDIUM,525,0
55753.89,15,0,CARD,0,HIGH,441,1
448.47,3,0,CARD,1,MEDIUM,677,1
6568.24,7,1,CARD,0,HIGH,237,0
452.96,13,1,NETBANKING,0,MEDIUM,209,0
474.32,11,1,WALLET,0,LOW,221,0
445.59,6,0,UPI,0,LOW,267,0
322.38,9,1,WALLET,0,MEDIUM,365,0
7918.73,9,1,NETBANKING,0,LOW,609,0
657.29,7,1,UPI,0,LOW,803,0
506.82,21,0,CARD,0,LOW,762,0
355.03,10,0,NETBANKING,1,MEDIUM,163,0
891.74,15,1,UPI,0,LOW,689,0
20.68,19,0,WALLET,1,MEDIUM,865,0
17452.18,9,1,CARD,1,LOW,555,0
851.23,21,0,CARD,0,MEDIUM,744,0
369.1,11,0,CARD,1,LOW,613,0
8936.61,14,1,WALLET,1,HIGH,626,1
7937.94,10,1,NETBANKING,0,LOW,400,0
16760.54,12,1,WALLET,0,LOW,724,0
10308.62,8,0,NETBANKING,0,LOW,917,0
554.11,8,0,WALLET,0,LOW,629,0
1846.62,20,1,WALLET,0,MEDIUM,40,0
6971.73,18,1,WALLET,0,MEDIUM,521,0
751.03,15,1,WALLET,0,HIGH,527,0
321.05,7,0,WALLET,0,MEDIUM,344,0
31.82,7,1,WALLET,0,MEDIUM,806,0
10109.71,11,1,CARD,0,LOW,12,0
6411.55,7,1,WALLET,0,HIGH,499,0
663.56,2,0,CARD,0,HIGH,652,0
618.45,13,0,CARD,0,LOW,963,0
869.63,15,0,WALLET,1,LOW,666,0
595.09,20,0,UPI,1,LOW,15,0
721.22,4,0,NETBANKING,0,LOW,754,0
145.37,19,1,WALLET,0,LOW,707,0
91727.02,4,1,WALLET,0,LOW,267,0
717.98,23,1,UPI,0,MEDIUM,539,0
15537.89,11,0,CARD,0,MEDIUM,948,0
86920.37,9,0,UPI,0,LOW,531,0
193.19,17,1,NETBANKING,1,MEDIUM,606,0
41.12,13,1,NETBANKING,0,LOW,479,0
278.41,16,1,CARD,1,MEDIUM,210,0
766.32,12,1,WALLET,0,LOW,63,0
131.39,7,1,UPI,0,LOW,325,0
892.91,6,1,CARD,0,LOW,926,0
665.51,1,1,WALLET,0,LOW,396,0
892.27,18,0,WALLET,1,LOW,346,0
630.0,12,0,CARD,0,LOW,898,0
787.5,4,0,NETBANKING,0,MEDIUM,936,0
76.22,10,1,WALLET,0,LOW,866,0
754.33,15,1,CARD,0,HIGH,947,0
126.38,6,1,CARD,0,MEDIUM,671,0
12639.59,7,1,WALLET,0,LOW,588,0
451.99,13,0,CARD,0,LOW,268,0
13268.55,13,1,CARD,0,LOW,139,0
835.11,21,1,CARD,0,LOW,279,0
144.94,23,1,NETBANKING,0,MEDIUM,665,0
717.8,3,0,UPI,0,LOW,151,0
419.19,18,1,UPI,0,MEDIUM,728,0
1256.76,22,0,CARD,0,HIGH,270,0
75.84,7,1,UPI,0,HIGH,804,0
683.34,16,1,NETBANKING,0,LOW,376,0
7270.35,15,0,WALLET,1,MEDIUM,797,0
288.33,10,0,CARD,0,LOW,531,0
389.1,16,0,WALLET,0,MEDIUM,855,0
275.07,10,0,NETBANKING,1,LOW,30,0
11758.97,0,0,NETBANKING,0,MEDIUM,465,0
9909.03,20,1,UPI,0,MEDIUM,383,0
110.49,16,0,WALLET,1,LOW,510,0
7750.02,18,1,UPI,0,MEDIUM,257,0
808.21,22,1,CARD,0,LOW,89,0
289.59,22,0,UPI,0,HIGH,633,0
19179.98,10,1,NETBANKING,0,LOW,175,0
548.98,9,0,WALLET,0,MEDIUM,197,0
738.85,5,1,CARD,1,LOW,407,0
17354.99,8,0,WALLET,0,LOW,324,0
893.69,11,0,CARD,0,LOW,928,0
222.11,19,1,WALLET,0,LOW,632,0
703.63,12,0,WALLET,0,MEDIUM,360,0
846.86,19,0,CARD,0,LOW,834,0
6266.11,22,0,NETBANKING,0,MEDIUM,552,0
999.9,17,0,WALLET,0,LOW,863,0
506.2,17,1,CARD,0,LOW,823,0
343.44,10,0,UPI,1,HIGH,973,1
159.38,16,0,UPI,0,HIGH,126,0
818.96,7,1,WALLET,0,MEDIUM,386,0
710.58,11,0,NETBANKING,0,LOW,257,0
805.11,14,1,NETBANKING,0,LOW,112,0
76.99,0,1,CARD,0,LOW,173,0
943.02,5,1,CARD,1,LOW,998,0
745.46,2,0,NETBANKING,0,LOW,544,0
802.26,11,0,CARD,0,LOW,170,0
1158.48,2,1,NETBANKING,0,LOW,573,0
998.89,0,0,CARD,0,LOW,32,0
17563.87,23,0,WALLET,0,HIGH,757,0
72.76,1,0,NETBANKING,1,LOW,774,0
803.55,7,1,WALLET,0,MEDIUM,190,0
3869.15,3,0,CARD,0,LOW,26,0
759.85,15,0,UPI,1,MEDIUM,977,0
130577.09,23,0,WALLET,0,MEDIUM,23,1
14600.48,15,0,CARD,0,LOW,816,0
420.96,12,1,WALLET,0,HIGH,330,0
415.4,1,1,CARD,0,HIGH,753,0
685.04,10,1,WALLET,0,LOW,139,0
832.56,16,1,UPI,0,MEDIUM,439,0
178.4,10,0,CARD,0,MEDIUM,222,0
608.03,12,1,NETBANKING,0,LOW,226,0
49.47,14,0,NETBANKING,0,LOW,673,0
855.95,18,0,NETBANKING,0,LOW,237,0
773.1,17,1,WALLET,0,MEDIUM,177,0
701.1,21,1,WALLET,0,HIGH,120,0
138.51,4,0,UPI,0,MEDIUM,290,0
446.44,6,1,NETBANKING,0,LOW,590,0
719.66,2,0,WALLET,0,LOW,617,0
7988.02,6,0,UPI,0,MEDIUM,501,0
672.9,15,0,CARD,0,MEDIUM,331,0
326.51,18,0,CARD,0,HIGH,880,0
7471.42,17,0,CARD,0,LOW,753,0
75.38,13,1,CARD,1,LOW,59,0
514.61,3,0,NETBANKING,0,LOW,988,0
703.73,12,1,UPI,0,LOW,731,0
1571.27,5,1,NETBANKING,0,HIGH,773,0
442.26,5,1,NETBANKING,1,LOW,931,0
894.65,12,0,NETBANKING,0,LOW,280,0
936.77,17,1,NETBANKING,0,HIGH,868,0
923.79,10,1,UPI,1,LOW,237,0
2991.14,5,1,NETBANKING,0,LOW,397,0
639.63,14,1,CARD,0,LOW,78,0
145.04,12,0,CARD,0,HIGH,796,0
770.35,6,1,CARD,0,MEDIUM,401,0
645.52,17,1,WALLET,0,LOW,620,0
73.97,15,0,CARD,1,HIGH,961,0
691.56,16,0,WALLET,0,LOW,357,0
104424.65,0,0,UPI,0,MEDIUM,772,1
914.35,5,1,WALLET,0,LOW,892,0
332.71,18,0,CARD,0,MEDIUM,100,0
17634.21,3,1,UPI,0,LOW,732,0
464.16,11,1,NETBANKING,0,MEDIUM,878,0
14.04,2,0,WALLET,0,MEDIUM,942,0
183395.68,9,1,CARD,0,LOW,55,1
950.84,23,1,UPI,0,LOW,591,0
6346.93,17,1,WALLET,0,LOW,623,0
168712.09,10,1,WALLET,0,LOW,764,0
738.96,21,0,UPI,0,LOW,230,0
9750.41,3,1,WALLET,0,MEDIUM,813,0
37.02,1,0,UPI,1,LOW,669,1
935.45,1,1,WALLET,0,MEDIUM,900,0
162158.09,0,0,WALLET,0,MEDIUM,7,1
129.02,7,0,NETBANKING,0,LOW,334,0
843.85,11,1,UPI,0,HIGH,558,0
15318.73,19,1,WALLET,0,LOW,385,0
5850.11,22,0,NETBANKING,0,LOW,61,0
272.53,1,1,NETBANKING,0,MEDIUM,868,0
562.99,12,0,CARD,0,HIGH,349,0
955.64,19,0,WALLET,0,HIGH,751,0
179.12,3,0,WALLET,0,LOW,468,0
496.65,13,0,CARD,0,LOW,437,0
794.56,20,1,UPI,0,LOW,3,0
218.6,5,1,UPI,0,LOW,607,0
8414.42,10,0,NETBANKING,0,MEDIUM,598,0
895.83,20,1,NETBANKING,0,LOW,882,0
191644.47,2,0,CARD,1,LOW,764,1
9016.52,13,0,CARD,0,LOW,881,0
145464.05,17,0,WALLET,0,HIGH,35,1
553.69,16,1,NETBANKING,0,MEDIUM,199,0
942.78,12,1,WALLET,0,MEDIUM,775,0
813.77,20,1,WALLET,1,LOW,582,0
209.39,22,0,UPI,0,LOW,394,0
153369.39,16,0,CARD,0,LOW,553,0
336.38,7,0,WALLET,1,LOW,649,0
58341.02,2,1,WALLET,0,MEDIUM,988,0
833.03,19,0,WALLET,1,LOW,737,0
76.87,12,0,WALLET,0,LOW,709,0
73.92,16,1,UPI,0,LOW,32,0
15019.97,3,1,WALLET,0,LOW,14,0
7880.54,20,0,CARD,0,LOW,113,0
1131.81,8,0,WALLET,1,LOW,525,0
544.9,21,0,CARD,0,MEDIUM,869,0
530.89,21,0,UPI,1,LOW,229,0
249.55,17,1,CARD,0,LOW,57,0
907.2,19,1,NETBANKING,0,LOW,324,0
664.9,12,0,CARD,0,LOW,888,0
270.66,1,1,NETBANKING,1,HIGH,514,1
292.56,18,1,UPI,0,HIGH,584,0
305.46,14,1,UPI,0,HIGH,106,0
65653.65,21,0,UPI,0,LOW,193,0
345.67,6,1,CARD,0,LOW,187,0
126.47,4,0,NETBANKING,0,HIGH,574,0
774.4,2,1,NETBANKING,0,MEDIUM,532,0
562.79,5,0,WALLET,0,LOW,821,0
442.53,8,1,WALLET,0,LOW,606,0
9671.15,11,0,NETBANKING,0,LOW,712,0
832.06,10,1,WALLET,0,MEDIUM,738,0
324.8,7,0,WALLET,0,LOW,541,0
57963.21,15,0,UPI,0,LOW,436,0
876.0,20,1,NETBANKING,0,HIGH,560,0
845.5,13,0,NETBANKING,0,LOW,722,0
389.04,20,0,CARD,0,LOW,469,0
104.36,18,0,NETBANKING,0,LOW,767,0
515.85,3,1,CARD,0,LOW,503,0
792.2,7,1,UPI,0,LOW,61,0
532.53,3,0,WALLET,0,MEDIUM,434,0
149.82,20,0,CARD,1,LOW,121,0
610.33,20,0,UPI,0,MEDIUM,878,0
500.97,19,0,UPI,0,MEDIUM,607,0
974.04,9,0,NETBANKING,0,LOW,490,0
677.62,4,1,UPI,0,LOW,953,0
10440.24,12,1,UPI,0,LOW,721,0
530.35,23,1,NETBANKING,0,LOW,731,0
522.54,18,0,NETBANKING,0,HIGH,599,0
808.26,0,1,WALLET,0,HIGH,546,0
52.03,22,1,UPI,0,LOW,504,0
219.29,15,0,UPI,1,LOW,260,0
232.21,6,0,WALLET,0,MEDIUM,14,0
521.01,18,0,UPI,0,LOW,71,0
693.42,14,1,CARD,0,MEDIUM,809,0
546.1,2,0,WALLET,0,MEDIUM,751,0
7747.82,8,0,WALLET,0,LOW,862,0
967.93,9,1,CARD,0,HIGH,619,0
704.95,7,0,WALLET,0,LOW,887,0
138.87,1,1,NETBANKING,1,HIGH,604,1
696.87,20,0,WALLET,0,LOW,571,0
468.83,19,0,NETBANKING,0,MEDIUM,492,0
706.29,20,0,WALLET,0,LOW,614,0
678.71,21,0,WALLET,0,MEDIUM,929,0
9985.62,4,0,CARD,0,LOW,240,0
17432.96,7,1,NETBANKING,0,LOW,933,0
288.96,5,0,UPI,0,LOW,823,0
696.27,17,0,CARD,0,LOW,675,0
917.36,4,1,WALLET,0,MEDIUM,833,0
16264.16,8,0,NETBANKING,0,HIGH,354,0
6449.89,17,1,CARD,0,LOW,352,0
16436.12,6,0,WALLET,0,LOW,412,0
7185.19,9,0,CARD,0,LOW,417,0
61573.68,16,1,WALLET,0,HIGH,601,0
208.75,3,1,WALLET,0,LOW,7,0
110.26,7,1,WALLET,0,LOW,735,0
6814.51,9,0,NETBANKING,0,HIGH,875,0
5825.56,5,1,NETBANKING,0,LOW,499,0
885.18,8,1,CARD,0,HIGH,195,0
220.8,8,0,WALLET,0,MEDIUM,541,0
10230.2,14,1,NETBANKING,0,LOW,59,0
71.69,14,0,NETBANKING,0,MEDIUM,532,0
8073.47,8,0,CARD,1,LOW,190,0
240.09,9,0,WALLET,0,LOW,674,0
698.99,7,1,CARD,1,LOW,478,0
7482.77,13,1,CARD,1,LOW,213,0
225.7,16,0,CARD,0,LOW,707,0
495.26,1,1,NETBANKING,0,MEDIUM,972,0
900.93,11,0,WALLET,0,HIGH,417,0
844.68,2,0,UPI,1,LOW,725,0
18965.77,22,0,NETBANKING,0,LOW,916,0
6260.94,5,1,NETBANKING,0,LOW,195,0
44669.36,2,1,UPI,0,LOW,112,0
879.25,20,0,CARD,0,LOW,34,0
12305.84,18,1,WALLET,0,MEDIUM,717,0
689.53,15,0,CARD,0,MEDIUM,930,0
375.39,17,1,WALLET,1,MEDIUM,52,0
624.82,21,1,CARD,0,MEDIUM,584,0
856.46,21,0,WALLET,0,LOW,331,0
796.13,5,1,WALLET,0,MEDIUM,551,0
16973.15,9,1,WALLET,0,LOW,366,0
2342.45,0,1,CARD,0,LOW,56,0
942.62,0,0,UPI,0,MEDIUM,560,0
868.89,2,1,UPI,0,LOW,236,0
190.92,11,1,UPI,0,LOW,602,0
15818.36,21,0,CARD,1,LOW,598,0
30.39,13,1,WALLET,0,LOW,618,0
118965.69,14,1,WALLET,0,LOW,304,0
825.56,12,0,UPI,0,LOW,209,0
17079.47,21,1,UPI,1,LOW,291,0
764.73,2,1,NETBANKING,0,LOW,352,0
909.11,7,1,CARD,0,LOW,122,0
18354.85,8,1,NETBANKING,0,LOW,567,0
89086.96,10,0,WALLET,0,LOW,807,0
2345.43,19,0,NETBANKING,0,MEDIUM,823,0
137.25,0,0,UPI,0,LOW,378,0
147470.48,22,1,UPI,0,LOW,219,0
747.57,0,1,NETBANKING,1,MEDIUM,4,1
40.21,20,0,UPI,0,MEDIUM,644,0
189.26,22,1,NETBANKING,0,LOW,859,0
12761.27,15,1,WALLET,0,LOW,577,0
387.64,6,1,UPI,0,MEDIUM,444,0
15293.27,22,0,CARD,0,MEDIUM,516,0
742.09,8,1,UPI,1,LOW,403,0
51.49,1,0,UPI,0,LOW,745,0
68.99,11,0,UPI,0,MEDIUM,491,0
48457.71,4,1,CARD,0,HIGH,903,0
8875.99,17,0,WALLET,0,LOW,410,0
124.98,21,0,UPI,1,LOW,42,0
174.53,8,0,WALLET,1,LOW,538,0
165701.42,12,0,CARD,1,LOW,283,1
4068.78,8,0,NETBANKING,0,LOW,300,0
109.36,14,0,WALLET,1,LOW,892,0
6118.14,10,1,CARD,0,LOW,611,0
156.11,8,1,UPI,0,MEDIUM,614,0
596.44,15,1,UPI,0,MEDIUM,707,0
628.12,12,0,CARD,1,MEDIUM,371,0
989.04,17,1,CARD,0,LOW,198,0
479.65,13,0,NETBANKING,0,LOW,278,0
397.6,14,0,CARD,0,LOW,985,0
187.42,0,0,WALLET,0,LOW,645,0
317.98,23,1,NETBANKING,0,LOW,814,0
288.99,12,1,CARD,0,LOW,656,0
274.29,19,1,WALLET,0,LOW,824,0
4530.56,9,1,UPI,0,MEDIUM,858,0
20.77,3,0,CARD,1,LOW,29,1
18176.19,10,1,UPI,0,LOW,330,0
11.71,13,0,UPI,0,LOW,948,0
928.68,6,0,WALLET,0,MEDIUM,268,0
165.87,3,1,CARD,0,LOW,588,0
313.19,15,1,WALLET,0,LOW,363,0
5523.92,11,0,CARD,0,LOW,350,0
15810.91,18,1,NETBANKING,0,LOW,862,0
350.15,4,1,WALLET,1,MEDIUM,259,0
564.85,5,0,CARD,0,MEDIUM,966,0
394.39,1,0,NETBANKING,0,LOW,548,0
755.19,4,1,NETBANKING,0,LOW,336,0
12320.95,17,1,UPI,0,LOW,606,0
14957.89,23,0,WALLET,0,LOW,631,0
557.06,4,0,CARD,0,LOW,879,0
781.76,3,1,CARD,0,LOW,740,0
504.62,9,1,WALLET,0,LOW,282,0
57.33,2,0,UPI,0,HIGH,277,0
958.35,12,0,UPI,0,HIGH,741,0
5437.56,14,0,WALLET,0,LOW,267,0
544.97,3,0,NETBANKING,0,LOW,92,0
756.6,18,1,UPI,0,MEDIUM,836,0
52229.96,15,1,UPI,0,MEDIUM,518,0
238.29,14,1,CARD,0,MEDIUM,174,0
430.58,22,1,UPI,0,LOW,5,0
267.23,11,1,UPI,0,LOW,227,0
284.7,23,0,UPI,0,LOW,311,0
922.84,14,0,CARD,0,LOW,935,0
10239.15,7,0,CARD,1,MEDIUM,104,0
1611.54,3,1,NETBANKING,0,LOW,582,0
173.75,15,1,CARD,0,LOW,520,0
636.23,20,0,UPI,0,LOW,507,0
482.83,17,0,UPI,0,LOW,390,0
14143.72,20,1,UPI,0,LOW,473,0
38531.17,21,0,NETBANKING,0,LOW,11,0
296.3,10,0,CARD,0,HIGH,899,0
271.55,17,1,WALLET,0,MEDIUM,353,0
1469.41,16,1,WALLET,0,LOW,668,0
960.17,12,0,WALLET,0,LOW,383,0
846.52,10,0,NETBANKING,0,MEDIUM,852,0
770.87,4,0,UPI,0,MEDIUM,357,0
644.32,21,0,CARD,1,LOW,96,0
2610.37,23,0,WALLET,0,MEDIUM,658,0
613.46,4,0,WALLET,0,LOW,376,0
74.67,8,1,UPI,0,HIGH,326,0
432.36,5,1,WALLET,1,MEDIUM,580,0
13472.45,11,0,CARD,0,LOW,804,0
72470.52,2,1,WALLET,0,LOW,106,0
156.33,21,1,WALLET,0,HIGH,628,0
13.01,11,0,WALLET,1,HIGH,766,1
171.13,5,1,WALLET,0,LOW,344,0
754.4,22,1,UPI,0,LOW,871,0
372.17,4,1,CARD,0,MEDIUM,579,0
844.96,20,1,NETBANKING,1,HIGH,580,0
151746.13,11,0,UPI,0,LOW,962,0
186751.42,10,1,NETBANKING,0,LOW,466,0
609.95,1,0,WALLET,0,LOW,542,0
822.66,7,1,CARD,0,LOW,918,0
323.93,17,0,WALLET,0,LOW,54,0
580.94,10,1,NETBANKING,0,LOW,676,0
820.91,20,0,UPI,1,LOW,108,0
13130.48,9,1,WALLET,0,LOW,4,0
62.25,23,0,WALLET,0,LOW,388,0
118.53,23,1,NETBANKING,0,MEDIUM,757,0
12.91,0,0,CARD,1,MEDIUM,415,0
492.38,22,0,CARD,0,LOW,779,0
507.95,0,0,UPI,0,LOW,554,0
544.48,12,0,WALLET,0,LOW,674,0
267.71,22,0,WALLET,0,LOW,790,0
9026.3,15,1,CARD,0,LOW,847,0
376.24,17,0,NETBANKING,0,HIGH,940,0
574.83,20,0,NETBANKING,0,HIGH,216,0
694.69,13,0,CARD,0,HIGH,345,0
254.81,0,0,CARD,0,MEDIUM,578,0
15679.64,17,0,WALLET,0,LOW,875,0
13376.76,22,0,WALLET,0,MEDIUM,156,0
228.87,12,0,WALLET,0,MEDIUM,684,0
509.45,17,0,WALLET,0,MEDIUM,9,0
642.61,2,0,WALLET,0,HIGH,428,0
428.42,4,1,UPI,0,MEDIUM,221,0
44.6,9,1,UPI,0,MEDIUM,486,0
6201.81,7,0,CARD,0,HIGH,618,0
725.33,14,0,NETBANKING,0,LOW,658,0
650.17,15,1,NETBANKING,1,LOW,39,0
192.39,22,0,WALLET,1,HIGH,944,0
711.83,15,1,WALLET,0,LOW,933,0
128.21,21,0,CARD,0,LOW,48,0
7950.55,7,1,CARD,0,LOW,407,0
293.29,5,0,NETBANKING,0,LOW,977,0
805.43,22,0,UPI,0,LOW,543,0
11400.03,1,1,WALLET,0,MEDIUM,242,0
370.16,1,1,CARD,0,LOW,625,0
356.08,20,1,WALLET,0,LOW,342,0
322.88,19,0,WALLET,0,LOW,176,0
80711.83,16,1,UPI,1,LOW,465,1
2200.04,21,0,UPI,0,MEDIUM,112,0
518.94,3,0,CARD,0,LOW,937,0
565.6,11,0,WALLET,0,LOW,159,0
255.54,1,0,UPI,0,LOW,835,0
238.59,19,1,UPI,0,LOW,661,0
776.82,20,1,UPI,0,LOW,491,0
448.24,12,1,WALLET,0,HIGH,234,0
15324.32,21,1,UPI,0,LOW,725,0
546.0,14,0,WALLET,0,MEDIUM,373,0
259.69,4,1,WALLET,0,LOW,399,0
19000.04,7,0,WALLET,0,HIGH,291,0
2346.04,10,1,UPI,0,LOW,251,0
487.93,11,0,CARD,0,LOW,889,0
584.28,2,1,NETBANKING,0,MEDIUM,446,0
131.71,13,0,NETBANKING,0,HIGH,379,0
142.75,21,0,NETBANKING,0,HIGH,679,0
749.84,11,0,NETBANKING,0,MEDIUM,107,0
416.37,9,1,WALLET,0,MEDIUM,364,0
912.26,1,0,UPI,0,MEDIUM,574,0
324.66,5,1,WALLET,0,HIGH,6,1
1093.83,6,0,WALLET,0,HIGH,18,0
926.22,16,0,NETBANKING,0,LOW,467,0
512.99,13,0,NETBANKING,0,LOW,78,0
16.94,22,0,UPI,0,LOW,310,0
388.44,4,0,UPI,0,LOW,979,0
800.16,23,0,WALLET,0,HIGH,547,0
389.52,5,0,CARD,0,LOW,860,0
76.29,13,1,CARD,0,LOW,687,0
970.24,3,0,CARD,0,MEDIUM,53,0
544.58,14,0,UPI,0,MEDIUM,619,0
526.36,19,1,UPI,0,MEDIUM,998,0
899.16,21,0,UPI,0,LOW,318,0
429.01,5,0,NETBANKING,0,LOW,608,0
296.77,17,0,CARD,0,LOW,202,0
741.09,8,0,CARD,0,LOW,659,0
36.13,0,1,NETBANKING,0,LOW,712,0
8440.33,20,1,UPI,1,MEDIUM,855,0
18071.05,13,1,UPI,0,LOW,140,0
647.53,8,1,UPI,0,MEDIUM,143,0
512.78,18,0,UPI,0,LOW,125,0
12435.36,5,1,CARD,0,HIGH,518,0
784.04,6,0,WALLET,0,LOW,757,0
513.21,12,1,CARD,0,LOW,100,0
620.09,13,0,WALLET,0,LOW,449,0
1406.12,19,0,NETBANKING,0,LOW,147,0
10848.55,4,1,NETBANKING,0,MEDIUM,819,0
97.36,12,1,UPI,0,LOW,889,0
595.61,8,0,NETBANKING,0,HIGH,499,0
861.7,22,0,NETBANKING,1,MEDIUM,516,0
989.45,8,0,WALLET,0,LOW,720,0
242.56,5,1,NETBANKING,0,LOW,761,0
11851.57,20,1,WALLET,0,LOW,20,0
3755.72,3,0,UPI,0,HIGH,800,0
676.28,5,1,CARD,0,LOW,384,0
190.88,21,1,WALLET,0,LOW,95,0
391.46,7,0,WALLET,0,LOW,240,0
862.08,22,0,UPI,0,LOW,700,0
549.49,7,1,NETBANKING,0,LOW,826,0
801.56,4,0,CARD,1,LOW,157,0
189.17,5,0,CARD,0,LOW,639,0
652.59,21,0,UPI,0,LOW,894,0
159.8,3,1,NETBANKING,0,LOW,29,0
36675.66,11,0,WALLET,0,MEDIUM,93,0
3735.26,14,0,CARD,1,MEDIUM,49,0
889.01,16,0,WALLET,0,LOW,720,0
212.75,6,0,NETBANKING,0,LOW,825,0
2963.68,15,0,CARD,0,MEDIUM,924,0
512.5,10,0,CARD,0,LOW,290,0
11920.36,0,0,NETBANKING,0,MEDIUM,410,0
156985.8,9,1,NETBANKING,0,MEDIUM,893,0
2490.33,1,1,UPI,0,LOW,585,0
635.52,21,1,WALLET,0,LOW,418,0
14917.64,11,1,UPI,1,LOW,513,0
6158.45,2,1,CARD,0,MEDIUM,310,0
118172.96,8,1,UPI,0,LOW,771,0
199407.33,13,0,WALLET,1,LOW,111,1
6292.3,17,0,WALLET,0,MEDIUM,589,0
16813.83,20,0,UPI,0,LOW,594,0
5144.35,14,1,NETBANKING,0,LOW,864,0
481.84,0,0,CARD,0,LOW,143,0
6575.85,11,0,WALLET,0,LOW,742,0
666.56,12,1,CARD,0,LOW,523,0
6907.95,1,0,CARD,0,LOW,380,0
501.54,0,1,CARD,0,MEDIUM,246,0
3823.56,17,1,NETBANKING,1,LOW,318,0
1257.54,21,1,CARD,1,HIGH,478,1
189.86,18,1,WALLET,0,MEDIUM,840,0
619.88,8,0,CARD,0,LOW,505,0
778.83,6,1,NETBANKING,0,MEDIUM,90,0
923.47,8,0,WALLET,0,MEDIUM,790,0
14799.56,22,0,NETBANKING,0,MEDIUM,416,0
304.13,20,0,CARD,0,HIGH,159,0
682.84,7,0,UPI,0,MEDIUM,811,0
253.29,23,0,UPI,0,MEDIUM,83,0
4181.83,12,0,UPI,1,LOW,100,0
881.31,17,0,CARD,1,MEDIUM,501,0
196.12,6,1,UPI,0,MEDIUM,380,0
9819.03,17,1,WALLET,0,LOW,164,0
781.29,4,1,WALLET,0,LOW,962,0
11563.19,4,0,WALLET,1,MEDIUM,926,0
673.11,9,0,CARD,0,MEDIUM,832,0
630.74,15,1,CARD,0,LOW,100,0
680.37,23,0,NETBANKING,1,LOW,278,0
14910.58,19,1,CARD,0,LOW,579,0
790.23,3,0,WALLET,0,MEDIUM,867,0
863.25,4,0,CARD,0,LOW,871,0
146.92,9,1,UPI,0,LOW,911,0
442.3,15,1,CARD,0,MEDIUM,485,0
920.46,17,1,CARD,0,LOW,7,0
594.83,6,1,CARD,0,LOW,532,0
17742.1,22,1,WALLET,0,MEDIUM,749,0
922.07,17,1,CARD,0,LOW,614,0
865.61,2,1,WALLET,0,HIGH,757,0
408.55,11,1,CARD,1,LOW,450,0
698.55,0,1,WALLET,0,MEDIUM,703,0
192.74,16,0,UPI,0,LOW,574,0
212.53,14,0,NETBANKING,0,MEDIUM,130,0
661.7,21,1,UPI,0,LOW,709,0
965.8,20,1,CARD,0,MEDIUM,910,0
853.66,22,0,WALLET,0,HIGH,148,0
12927.63,3,0,CARD,0,MEDIUM,630,0
570.53,14,0,UPI,0,LOW,89,0
18604.74,18,1,UPI,0,LOW,712,0
381.7,23,0,UPI,0,HIGH,915,0
365.97,5,1,UPI,0,LOW,358,0
31.83,2,0,NETBANKING,1,HIGH,116,1
872.83,18,0,CARD,0,HIGH,319,0
677.0,7,1,WALLET,0,MEDIUM,566,0
19502.02,2,1,UPI,1,LOW,569,0
8015.42,22,0,WALLET,0,LOW,765,0
953.15,2,1,NETBANKING,0,MEDIUM,503,0
1946.53,4,0,NETBANKING,1,LOW,765,1
9744.08,21,1,NETBANKING,0,HIGH,851,0
15692.21,5,0,UPI,0,LOW,488,0
587.91,23,0,CARD,0,HIGH,595,0
975.77,23,0,UPI,0,LOW,958,0
4649.86,9,0,NETBANKING,0,LOW,58,0
577.06,20,1,WALLET,0,MEDIUM,851,0
6175.45,16,0,CARD,0,LOW,35,0
298.25,16,1,WALLET,0,LOW,909,0
584.31,16,0,CARD,0,LOW,400,0
520.06,14,1,WALLET,0,LOW,878,0
910.86,17,1,NETBANKING,0,LOW,730,0
102362.39,5,1,CARD,0,LOW,525,1
57.46,14,1,WALLET,0,MEDIUM,501,0
40.75,2,0,WALLET,0,MEDIUM,631,0
929.23,5,0,CARD,0,LOW,111,0
538.77,14,1,NETBANKING,0,LOW,236,0
15434.27,15,0,UPI,0,MEDIUM,573,0
2624.45,13,0,CARD,0,MEDIUM,399,0
517.52,20,1,UPI,0,LOW,137,0
729.15,1,0,CARD,1,MEDIUM,297,0
849.09,23,0,NETBANKING,0,LOW,658,0
740.42,2,1,UPI,0,LOW,696,0
5757.06,10,0,WALLET,0,LOW,777,0
537.62,21,0,NETBANKING,0,HIGH,190,0
349.98,20,0,CARD,0,LOW,121,0
12807.72,9,0,WALLET,0,MEDIUM,234,0
10453.24,23,1,UPI,0,MEDIUM,299,0
936.33,23,0,UPI,0,LOW,269,0
11577.93,16,0,CARD,0,MEDIUM,623,0
2050.85,14,1,UPI,0,LOW,966,0
39.13,4,1,WALLET,0,MEDIUM,950,0
731.65,7,1,CARD,0,LOW,696,0
185.64,18,0,WALLET,0,MEDIUM,147,0
382.54,7,0,CARD,0,MEDIUM,602,0
965.56,13,1,NETBANKING,0,LOW,135,0
296.79,8,0,NETBANKING,0,HIGH,977,0
221.47,0,0,WALLET,0,LOW,535,0
950.89,17,0,UPI,0,LOW,815,0
800.11,0,0,UPI,1,LOW,928,1
300.58,6,0,WALLET,0,MEDIUM,477,0
983.47,3,0,WALLET,0,LOW,831,0
476.95,4,1,CARD,0,HIGH,976,0
3203.89,5,1,WALLET,0,LOW,972,0
11296.14,16,0,WALLET,1,LOW,719,0
391.46,15,1,WALLET,0,HIGH,75,0
839.28,8,0,NETBANKING,1,LOW,875,0
254.96,7,0,NETBANKING,0,LOW,388,0
1140.9,12,1,NETBANKING,0,MEDIUM,327,0
135.11,14,1,WALLET,0,HIGH,758,0
2601.24,23,0,WALLET,0,LOW,182,0
382.22,6,1,WALLET,0,LOW,190,0
166.62,21,0,CARD,0,MEDIUM,14,0
16604.31,6,1,NETBANKING,0,MEDIUM,934,0
226.84,3,0,UPI,0,LOW,677,0
24.36,21,0,CARD,0,LOW,384,0
816.4,22,1,CARD,1,LOW,365,0
548.41,15,0,NETBANKING,0,LOW,225,0
425.39,9,0,NETBANKING,0,LOW,628,0
224.0,22,0,UPI,0,LOW,54,0
137.54,11,1,CARD,0,LOW,584,0
6056.66,16,1,WALLET,0,HIGH,546,0
662.12,16,1,WALLET,0,LOW,491,0
341.95,14,0,UPI,0,LOW,97,0
892.91,7,0,UPI,0,MEDIUM,512,0
14853.73,23,1,WALLET,1,MEDIUM,16,0
621.21,20,1,UPI,0,LOW,871,0
613.23,21,1,CARD,1,MEDIUM,608,0
15287.4,17,0,CARD,0,LOW,47,0
18373.24,0,0,UPI,0,HIGH,914,0
4110.19,7,1,UPI,0,LOW,158,0
586.64,14,1,CARD,1,LOW,653,0
337.45,10,1,NETBANKING,0,MEDIUM,288,0
551.07,0,0,CARD,0,MEDIUM,454,0
63.99,17,1,UPI,0,LOW,66,0
121597.09,20,1,NETBANKING,0,MEDIUM,638,0
425.0,23,1,UPI,0,MEDIUM,45,0
5898.85,20,0,UPI,0,HIGH,28,0
15479.69,12,1,CARD,0,LOW,703,0
992.46,12,0,WALLET,0,LOW,276,0
330.18,18,0,NETBANKING,0,LOW,141,0
11969.69,22,0,UPI,0,MEDIUM,82,0
3692.67,14,0,CARD,0,LOW,69,0
321.1,5,0,UPI,0,LOW,992,0
7305.28,23,1,CARD,0,MEDIUM,20,0
314.17,13,1,CARD,0,LOW,345,0
446.29,7,1,WALLET,0,LOW,778,0
14530.23,6,1,CARD,1,LOW,555,0
312.02,11,1,NETBANKING,0,HIGH,456,0
261.72,19,0,UPI,0,MEDIUM,271,0
97.91,10,1,NETBANKING,0,LOW,736,0
8722.21,21,1,WALLET,0,MEDIUM,31,0
688.64,11,0,CARD,0,LOW,385,0
16951.23,4,0,CARD,0,LOW,220,0
8463.61,19,0,UPI,0,LOW,509,0
250.64,23,0,UPI,1,LOW,971,0
191.73,12,0,NETBANKING,0,LOW,728,0
15434.59,3,1,UPI,1,HIGH,571,1
39873.0,17,0,WALLET,0,MEDIUM,359,0
588.53,22,0,NETBANKING,0,LOW,603,0
1282.97,22,1,NETBANKING,0,LOW,731,0
515.3,12,1,UPI,0,LOW,146,0
1266.17,16,0,CARD,1,MEDIUM,900,0
507.59,9,0,NETBANKING,0,LOW,821,0
821.91,21,1,CARD,0,LOW,169,0
13.76,16,1,CARD,0,LOW,245,0
756.04,12,0,CARD,0,MEDIUM,374,0
239.41,23,1,NETBANKING,0,LOW,508,0
962.29,18,0,NETBANKING,0,MEDIUM,180,0
454.57,5,1,NETBANKING,0,MEDIUM,949,0
637.88,9,1,UPI,1,MEDIUM,461,0
52.05,14,1,NETBANKING,0,HIGH,614,0
46.6,14,1,NETBANKING,0,MEDIUM,745,0
455.28,1,1,UPI,0,LOW,493,0
371.48,11,0,WALLET,0,LOW,58,0
946.63,18,1,CARD,0,LOW,120,0
281.93,14,0,NETBANKING,0,LOW,822,0
10804.88,16,1,WALLET,1,LOW,418,0
704.63,23,1,CARD,0,MEDIUM,291,0
12142.57,5,0,CARD,0,LOW,533,0
182.75,19,0,CARD,0,LOW,701,0
345.05,21,1,UPI,0,LOW,539,0
13.93,2,1,CARD,0,LOW,395,0
3354.72,8,0,NETBANKING,0,LOW,983,0
868.9,1,0,CARD,1,LOW,384,0
988.58,9,0,WALLET,0,LOW,23,0
9408.41,19,0,WALLET,0,LOW,866,0
36066.17,21,1,CARD,0,LOW,727,0
390.74,17,1,UPI,0,LOW,450,0
17126.44,9,0,WALLET,0,MEDIUM,745,0
576.1,0,0,WALLET,0,HIGH,202,0
537.53,9,1,NETBANKING,0,HIGH,829,0
39.43,20,1,CARD,0,HIGH,982,0
450.64,9,1,CARD,1,LOW,836,0
844.32,15,1,UPI,0,LOW,984,0
927.18,13,0,NETBANKING,0,LOW,144,0
867.86,1,1,UPI,0,MEDIUM,327,0
2051.74,18,1,WALLET,1,MEDIUM,199,0
51.64,19,1,UPI,0,LOW,578,0
24.84,5,0,UPI,0,LOW,807,0
405.23,1,0,WALLET,0,HIGH,669,0
251.17,1,0,CARD,0,LOW,228,0
16467.14,0,0,WALLET,0,LOW,714,0
773.41,8,1,UPI,0,LOW,205,0
183725.69,15,1,WALLET,0,MEDIUM,629,0
262.35,21,1,NETBANKING,1,LOW,546,0
409.62,11,1,NETBANKING,1,LOW,30,0
17904.93,23,0,WALLET,0,LOW,191,0
882.34,15,1,CARD,0,LOW,296,0
488.07,12,1,UPI,0,LOW,340,0
65.67,5,1,NETBANKING,0,HIGH,299,0
509.25,17,1,CARD,0,HIGH,316,0
11178.52,5,0,CARD,0,LOW,345,0
8311.16,14,0,UPI,0,MEDIUM,97,0
488.2,17,0,NETBANKING,0,LOW,872,0
970.56,13,1,CARD,0,HIGH,355,0
288.16,7,0,WALLET,0,LOW,115,0
356.27,5,0,WALLET,0,LOW,307,0
189.07,17,0,CARD,0,MEDIUM,510,0
393.23,5,0,WALLET,0,MEDIUM,780,0
977.41,23,1,CARD,0,LOW,588,0
566.63,1,0,NETBANKING,0,LOW,142,0
18760.48,21,0,WALLET,0,MEDIUM,840,0
292.86,19,1,CARD,0,MEDIUM,1000,0
39.39,6,1,CARD,0,LOW,179,0
300.19,15,1,UPI,0,LOW,196,0
753.63,19,0,NETBANKING,0,LOW,31,0
952.9,10,1,CARD,0,MEDIUM,644,0
851.61,9,0,NETBANKING,0,LOW,863,0
867.04,14,0,UPI,0,LOW,594,0
750.49,14,1,CARD,0,LOW,445,0
171.38,12,0,NETBANKING,0,MEDIUM,527,0
945.48,10,1,UPI,0,LOW,890,0
814.13,3,0,WALLET,0,HIGH,403,0
960.67,4,1,CARD,0,MEDIUM,946,0
9854.08,23,1,NETBANKING,0,LOW,424,0
744.02,7,0,WALLET,0,LOW,65,0
143.3,10,1,NETBANKING,0,LOW,900,0
157.06,20,1,CARD,0,LOW,347,0
12180.13,13,1,UPI,0,HIGH,284,0
671.79,14,0,UPI,0,HIGH,531,0
6397.04,18,1,WALLET,0,LOW,995,0
161178.88,18,0,UPI,0,MEDIUM,182,0
7342.04,21,0,CARD,0,HIGH,854,0
2760.5,12,0,CARD,0,LOW,19,0
176.56,3,0,NETBANKING,0,MEDIUM,809,0
360.18,2,0,UPI,0,LOW,283,0
10879.88,7,1,NETBANKING,0,MEDIUM,533,0
128.43,23,1,NETBANKING,0,LOW,426,0
59.31,15,0,UPI,0,LOW,531,0
11743.04,2,0,WALLET,0,MEDIUM,310,0
280.12,11,0,CARD,0,MEDIUM,287,0
234.66,23,0,WALLET,0,LOW,566,0
3123.45,4,0,WALLET,0,LOW,17,0
394.91,7,1,UPI,0,MEDIUM,315,0
2221.62,18,1,NETBANKING,0,HIGH,544,0
272.35,8,1,NETBANKING,0,MEDIUM,779,0
606.5,11,1,UPI,1,MEDIUM,56,0
79563.97,22,1,WALLET,0,MEDIUM,431,0
19.69,20,1,WALLET,0,LOW,793,0
3441.9,4,0,WALLET,0,LOW,596,0
13785.4,3,0,NETBANKING,0,LOW,770,0
16628.8,7,1,UPI,0,MEDIUM,507,0
719.7,13,1,WALLET,0,MEDIUM,649,0
2638.14,19,0,NETBANKING,0,HIGH,656,0
311.73,10,1,WALLET,0,MEDIUM,111,0
697.05,1,1,WALLET,0,LOW,304,0
165.31,6,0,CARD,0,HIGH,251,0
739.31,10,1,NETBANKING,0,MEDIUM,680,0
459.81,20,1,CARD,0,LOW,198,0
94.02,0,1,WALLET,0,LOW,919,0
854.23,8,0,CARD,0,HIGH,627,0
417.93,12,1,CARD,0,HIGH,537,0
410.65,4,1,WALLET,0,MEDIUM,122,0
428.63,1,0,WALLET,0,MEDIUM,576,0
19302.46,21,1,NETBANKING,1,LOW,136,0
12664.16,3,1,UPI,0,MEDIUM,562,0
320.82,1,1,WALLET,0,LOW,485,0
977.79,20,1,UPI,0,MEDIUM,351,0
637.21,0,1,UPI,0,LOW,805,0
16762.01,20,1,UPI,1,MEDIUM,574,0
425.25,5,0,WALLET,0,HIGH,939,0
15561.98,0,0,NETBANKING,0,LOW,809,0
1810.41,16,1,NETBANKING,0,LOW,251,0
12325.37,23,1,UPI,0,MEDIUM,402,0
2086.14,18,1,CARD,1,LOW,872,0
3918.21,11,0,WALLET,1,MEDIUM,641,0
277.12,8,1,WALLET,0,HIGH,539,0
468.56,1,1,UPI,0,HIGH,833,0
10278.19,11,1,CARD,0,LOW,211,0
284.56,3,1,CARD,0,MEDIUM,440,0
2779.81,14,1,UPI,0,MEDIUM,446,0
14847.4,5,1,WALLET,0,LOW,449,0
59.24,17,0,UPI,0,MEDIUM,779,0
10869.42,9,1,CARD,0,MEDIUM,536,0
263.16,18,0,CARD,0,LOW,142,0
780.73,5,0,WALLET,0,HIGH,281,0
63.8,19,1,UPI,0,MEDIUM,536,0
719.44,13,0,CARD,0,LOW,940,0
18657.28,16,1,UPI,0,LOW,897,0
165522.93,4,0,WALLET,1,MEDIUM,207,1
7544.99,9,1,UPI,0,LOW,601,0
801.78,7,1,CARD,0,LOW,968,0
674.53,14,0,WALLET,0,LOW,971,0
18993.47,8,1,WALLET,0,MEDIUM,373,0
611.08,9,0,WALLET,0,LOW,82,0
564.29,17,0,CARD,0,MEDIUM,819,0
247.32,18,0,CARD,0,HIGH,615,0
14563.08,9,0,WALLET,0,LOW,939,0
13.59,23,1,NETBANKING,0,HIGH,69,0
6397.19,19,1,CARD,0,MEDIUM,462,0
886.26,18,1,NETBANKING,0,LOW,750,0
339.74,18,0,WALLET,0,LOW,41,0
705.45,7,0,NETBANKING,0,LOW,428,0
11623.16,18,1,NETBANKING,0,LOW,621,0
884.46,3,1,CARD,0,LOW,935,0
473.03,8,1,WALLET,0,MEDIUM,80,0
302.05,5,1,UPI,0,LOW,833,0
837.08,18,1,WALLET,0,MEDIUM,213,0
161.3,19,1,UPI,1,HIGH,684,1
120.36,16,0,UPI,0,MEDIUM,331,0
1618.12,7,0,NETBANKING,0,LOW,460,0
959.02,20,1,UPI,0,LOW,205,0
517.12,13,1,CARD,0,LOW,595,0
642.31,23,1,CARD,0,MEDIUM,517,0
159.36,22,1,UPI,0,MEDIUM,57,0
533.38,17,0,WALLET,0,MEDIUM,364,0
6218.5,9,0,UPI,1,MEDIUM,906,0
687.85,6,0,UPI,1,LOW,651,0
17124.27,8,0,CARD,0,MEDIUM,668,0
947.17,22,1,CARD,0,LOW,165,0
225.65,13,0,WALLET,0,MEDIUM,346,0
213.85,16,0,CARD,0,HIGH,453,0
275.16,15,0,NETBANKING,0,MEDIUM,908,0
15225.8,22,0,CARD,0,LOW,44,0
41788.02,3,0,UPI,0,HIGH,267,0
718.43,6,0,CARD,0,MEDIUM,212,0
932.06,11,1,NETBANKING,0,LOW,71,0
989.21,2,1,WALLET,1,HIGH,316,1
754.4,20,0,WALLET,0,HIGH,64,0
4590.91,7,0,CARD,0,LOW,392,0
25.25,14,1,NETBANKING,0,LOW,719,0
124.86,15,0,WALLET,0,MEDIUM,497,0
918.69,15,0,CARD,0,LOW,688,0
796.25,7,1,CARD,0,LOW,4,0
372.83,8,1,UPI,0,MEDIUM,499,0
625.43,17,0,NETBANKING,0,LOW,35,0
6832.47,21,1,WALLET,1,LOW,828,0
848.79,22,0,NETBANKING,0,LOW,315,0
460.05,13,1,CARD,0,LOW,120,0
1269.25,17,0,UPI,0,MEDIUM,887,0
10060.13,7,0,UPI,1,MEDIUM,279,0
438.01,7,1,NETBANKING,0,MEDIUM,722,0
17065.26,17,0,UPI,0,LOW,950,0
540.37,23,0,UPI,0,MEDIUM,941,0
126.31,23,1,NETBANKING,0,MEDIUM,432,0
50.48,6,0,NETBANKING,0,MEDIUM,757,0
11708.74,0,0,UPI,0,MEDIUM,272,0
625.87,23,0,NETBANKING,0,LOW,454,0
104.27,7,0,NETBANKING,0,LOW,197,0
172901.2,8,0,WALLET,0,HIGH,681,1
235.1,14,0,NETBANKING,0,MEDIUM,324,0
428.96,20,1,WALLET,0,MEDIUM,347,0
39.09,7,0,WALLET,0,MEDIUM,282,0
470.04,0,0,UPI,0,LOW,343,0
252.6,19,1,CARD,0,HIGH,513,0
790.86,17,1,WALLET,0,LOW,704,0
774.12,5,1,CARD,0,MEDIUM,450,0
365.34,22,1,UPI,0,LOW,794,0
16451.15,7,0,CARD,0,LOW,420,0
24.59,19,0,NETBANKING,1,MEDIUM,785,0
194339.84,18,1,UPI,0,MEDIUM,885,0
813.79,0,1,CARD,1,LOW,391,0
216.4,5,0,UPI,0,HIGH,624,0
636.44,9,1,UPI,0,LOW,565,0
98.34,5,1,NETBANKING,0,HIGH,782,0
310.18,1,1,CARD,0,MEDIUM,476,0
617.22,16,1,WALLET,0,MEDIUM,530,0
283.5,23,1,UPI,0,LOW,401,0
361.12,2,0,WALLET,0,MEDIUM,69,0
306.95,12,1,CARD,0,LOW,561,0
206.84,0,1,UPI,0,LOW,476,0
855.65,23,0,NETBANKING,0,LOW,235,0
3778.14,19,0,UPI,0,LOW,555,0
14166.83,5,0,CARD,0,LOW,222,0
55.86,16,1,UPI,0,LOW,38,0
311.75,20,0,NETBANKING,0,LOW,796,0
18812.87,13,0,WALLET,0,LOW,593,0
138891.13,12,0,CARD,0,LOW,142,1
608.9,0,1,UPI,0,MEDIUM,164,0
472.41,7,0,WALLET,1,LOW,906,0
671.0,3,0,NETBANKING,0,HIGH,574,0
66849.94,21,1,WALLET,0,MEDIUM,868,0
909.61,19,1,UPI,0,LOW,737,0
612.62,22,1,CARD,0,LOW,480,0
120.39,6,1,UPI,0,LOW,219,0
228.02,22,1,WALLET,0,MEDIUM,779,0
844.38,16,0,CARD,0,LOW,587,0
52.15,12,0,WALLET,0,LOW,251,0
682.64,20,1,NETBANKING,1,LOW,491,0
154.96,11,0,WALLET,0,LOW,287,0
370.26,9,1,WALLET,0,MEDIUM,54,0
334.23,19,0,NETBANKING,0,MEDIUM,367,0
8894.36,21,1,CARD,1,MEDIUM,515,0
838.94,20,0,CARD,0,LOW,294,0
985.55,0,0,WALLET,0,LOW,98,0
357.92,11,0,NETBANKING,1,MEDIUM,393,0
40.75,21,0,UPI,0,LOW,432,0
774.09,22,1,NETBANKING,0,LOW,668,0
18989.05,20,0,UPI,0,MEDIUM,787,0
15431.44,19,0,UPI,1,MEDIUM,563,0
884.37,23,1,WALLET,0,LOW,770,0
80.78,14,0,CARD,0,LOW,469,0
68.67,15,0,NETBANKING,0,LOW,28,0
881.82,7,1,CARD,0,LOW,292,0
936.01,0,0,CARD,0,LOW,189,0
377.82,22,1,NETBANKING,0,LOW,352,0
618.18,9,0,WALLET,0,LOW,695,0
350.07,0,0,WALLET,0,LOW,752,0
4463.47,19,0,CARD,0,LOW,284,0
376.68,9,0,WALLET,0,LOW,982,0
9025.0,8,1,UPI,0,MEDIUM,650,0
11251.03,3,1,UPI,0,LOW,140,0
244.09,3,0,WALLET,0,MEDIUM,73,0
459.56,18,0,WALLET,0,HIGH,782,0
90.16,3,0,NETBANKING,0,LOW,218,0
309.2,6,0,NETBANKING,0,LOW,58,0
5544.36,10,1,CARD,0,LOW,893,0
18393.52,9,1,UPI,0,LOW,317,0
9867.38,0,0,UPI,0,LOW,206,0
103605.8,11,0,CARD,0,HIGH,67,1
184985.79,4,1,NETBANKING,0,LOW,526,1
463.43,14,1,UPI,0,MEDIUM,849,0
725.61,6,1,WALLET,0,MEDIUM,356,0
598.68,12,0,CARD,0,LOW,836,0
165.46,14,0,NETBANKING,0,LOW,773,0
763.88,23,1,CARD,0,LOW,172,0
427.5,21,1,WALLET,0,HIGH,934,0
373.1,15,0,CARD,0,LOW,282,0
267.3,8,1,NETBANKING,0,LOW,603,0
467.02,12,1,WALLET,0,LOW,769,0
3729.74,16,1,WALLET,0,LOW,960,0
164.72,2,1,UPI,1,MEDIUM,538,1
119.84,20,0,CARD,0,LOW,98,0
636.04,9,1,NETBANKING,0,LOW,629,0
994.78,9,1,WALLET,0,LOW,970,0
604.31,23,1,UPI,0,LOW,549,0
55.84,21,0,NETBANKING,1,MEDIUM,462,0
673.85,12,0,UPI,0,LOW,543,0
938.32,17,0,NETBANKING,0,LOW,5,0
546.52,16,0,WALLET,0,LOW,398,0
5716.96,4,0,NETBANKING,0,MEDIUM,41,0
816.28,11,0,NETBANKING,1,MEDIUM,377,0
10578.69,0,1,NETBANKING,0,HIGH,244,0
818.68,7,1,NETBANKING,0,MEDIUM,879,0
6499.5,3,0,WALLET,0,LOW,390,0
1760.95,20,0,NETBANKING,0,MEDIUM,523,0
538.45,11,1,CARD,0,LOW,375,0
932.16,13,0,NETBANKING,0,LOW,472,0
854.7,22,0,UPI,0,LOW,731,0
299.24,4,0,NETBANKING,0,MEDIUM,532,0
565.35,22,0,WALLET,0,LOW,833,0
6226.45,14,1,NETBANKING,0,MEDIUM,133,0
353.05,10,0,WALLET,0,LOW,440,0
15991.41,17,0,CARD,1,LOW,73,0
168.71,14,1,CARD,0,LOW,373,0
128.46,17,0,WALLET,1,MEDIUM,542,0
855.68,9,0,WALLET,0,LOW,21,0
943.2,4,1,CARD,0,HIGH,64,0
799.77,14,0,WALLET,0,LOW,669,0
55.25,14,1,WALLET,0,HIGH,89,0
503.62,21,0,UPI,0,HIGH,375,0
10093.53,19,1,CARD,0,LOW,612,0
814.73,15,1,WALLET,0,LOW,888,0
957.06,17,1,UPI,0,MEDIUM,964,0
796.05,8,0,NETBANKING,0,LOW,384,0
244.06,0,1,UPI,0,MEDIUM,5,0
326.36,23,1,CARD,1,LOW,79,0
298.53,13,0,UPI,0,MEDIUM,89,0
18807.32,17,0,CARD,0,LOW,886,0
244.73,2,1,UPI,0,HIGH,348,0
152.73,19,1,UPI,0,MEDIUM,812,0
8799.68,0,1,CARD,0,MEDIUM,111,0
125.96,4,0,UPI,0,LOW,483,0
5074.17,4,1,UPI,0,LOW,413,0
906.04,23,1,CARD,0,MEDIUM,998,0
19011.83,17,1,WALLET,0,LOW,595,0
990.54,23,1,UPI,0,MEDIUM,792,0
1320.29,12,1,UPI,0,LOW,152,0
3777.78,23,1,NETBANKING,1,MEDIUM,238,0
734.21,7,1,UPI,0,MEDIUM,901,0
734.01,17,0,UPI,0,MEDIUM,285,0
585.37,13,0,UPI,0,LOW,10,0
990.38,9,0,CARD,0,LOW,581,0
748.5,6,1,UPI,1,LOW,940,0
958.15,3,0,WALLET,0,HIGH,657,0
203.21,22,0,CARD,0,LOW,83,0
4288.69,21,1,NETBANKING,0,LOW,333,0
17909.51,0,0,WALLET,0,LOW,22,0
19012.25,12,0,NETBANKING,0,MEDIUM,76,0
197168.06,23,0,WALLET,0,LOW,538,0
966.75,13,1,WALLET,0,MEDIUM,889,0
55316.45,22,1,CARD,0,HIGH,232,1
9545.81,14,1,NETBANKING,0,LOW,724,0
4016.32,19,0,NETBANKING,1,HIGH,464,0
143.5,7,0,UPI,0,LOW,650,0
6776.34,5,0,UPI,0,MEDIUM,659,0
918.08,0,1,NETBANKING,0,MEDIUM,90,0
8255.3,23,0,NETBANKING,1,LOW,548,0
834.3,4,0,NETBANKING,0,MEDIUM,433,0
130.1,18,0,CARD,0,HIGH,265,0
28.05,4,1,CARD,0,LOW,223,0
1371.11,18,1,WALLET,1,LOW,772,0
277.86,3,0,NETBANKING,0,LOW,11,0
2344.9,15,1,WALLET,0,MEDIUM,226,0
730.8,8,0,UPI,1,LOW,652,0
3442.34,4,0,CARD,0,MEDIUM,183,0
816.19,19,0,WALLET,0,MEDIUM,345,0
777.33,1,0,UPI,0,LOW,567,0
1138.8,19,1,UPI,0,LOW,9,0
232.47,19,1,CARD,0,LOW,400,0
610.05,15,0,UPI,0,LOW,702,0
181942.16,11,1,WALLET,0,LOW,591,0
4668.95,11,1,UPI,0,MEDIUM,776,0
839.41,18,0,NETBANKING,0,MEDIUM,14,0
17961.26,17,1,NETBANKING,0,LOW,589,0
592.31,12,0,NETBANKING,0,LOW,762,0
56.46,4,0,WALLET,0,LOW,971,0
2000.51,18,0,UPI,0,LOW,568,0
7864.21,7,1,NETBANKING,1,MEDIUM,749,0
1551.76,14,0,NETBANKING,0,LOW,339,0
69.33,23,0,WALLET,0,MEDIUM,326,0
795.56,11,0,CARD,0,LOW,638,0
938.53,14,1,CARD,0,MEDIUM,583,0
475.77,10,1,NETBANKING,0,LOW,143,0
747.23,8,1,WALLET,0,MEDIUM,420,0
11779.17,1,0,CARD,0,MEDIUM,530,0
719.34,7,1,WALLET,0,LOW,25,0
128.49,2,0,WALLET,0,MEDIUM,255,0
176.16,4,0,CARD,0,LOW,223,0
8003.56,0,1,WALLET,0,LOW,268,0
363.27,10,1,WALLET,0,LOW,279,0
462.78,8,1,CARD,0,LOW,136,0
720.0,19,0,UPI,0,LOW,225,0
899.94,18,1,WALLET,0,LOW,578,0
136.15,2,0,UPI,0,MEDIUM,720,0
76.67,11,0,NETBANKING,0,MEDIUM,301,0
10993.47,9,0,CARD,0,MEDIUM,294,0
842.03,12,0,UPI,0,LOW,396,0
3273.38,11,1,NETBANKING,0,MEDIUM,129,0
739.53,23,0,NETBANKING,0,MEDIUM,872,0
951.74,14,1,CARD,0,MEDIUM,556,0
656.8,2,1,WALLET,0,LOW,416,0
939.53,3,0,CARD,0,LOW,16,0
698.82,4,1,UPI,0,LOW,56,0
41.96,21,1,NETBANKING,0,LOW,924,0
352.69,12,1,WALLET,0,LOW,299,0
17763.84,4,0,UPI,0,LOW,410,0
11707.52,0,0,NETBANKING,0,LOW,798,0
694.3,9,0,WALLET,1,LOW,192,0
807.1,5,0,NETBANKING,0,MEDIUM,642,0
419.43,0,0,NETBANKING,0,HIGH,182,0
871.78,16,1,NETBANKING,0,MEDIUM,406,0
617.81,22,0,CARD,0,LOW,409,0
2499.86,3,1,CARD,0,HIGH,929,0
943.62,1,0,CARD,0,MEDIUM,743,0
795.02,1,0,UPI,0,MEDIUM,389,0
19108.65,4,0,NETBANKING,0,HIGH,709,0
562.59,20,0,UPI,0,LOW,894,0
13.39,1,1,UPI,0,MEDIUM,37,0
940.15,14,1,CARD,0,LOW,978,0
398.74,21,0,NETBANKING,0,LOW,707,0
217.01,8,1,CARD,0,HIGH,755,0
16454.03,16,1,CARD,0,LOW,767,0
656.01,8,0,CARD,0,HIGH,475,0
9082.88,22,1,NETBANKING,0,LOW,691,0
876.29,13,0,WALLET,0,HIGH,157,0
972.86,20,0,NETBANKING,0,MEDIUM,352,0
868.71,16,0,CARD,0,LOW,47,0
628.0,17,0,CARD,0,HIGH,615,0
825.08,13,1,WALLET,0,MEDIUM,700,0
570.12,15,0,CARD,0,MEDIUM,23,0
324.17,5,0,WALLET,0,MEDIUM,841,0
646.25,1,0,NETBANKING,0,MEDIUM,742,0
139011.34,16,0,WALLET,0,MEDIUM,904,0
13.22,6,0,CARD,0,LOW,542,0
834.76,18,0,WALLET,0,MEDIUM,281,0
51.11,12,0,WALLET,0,LOW,133,0
19602.21,4,1,WALLET,0,HIGH,99,0
16855.46,16,0,UPI,0,MEDIUM,15,0
23.78,3,0,UPI,0,HIGH,598,0
112.83,16,0,CARD,0,LOW,572,0
3869.73,5,0,UPI,1,LOW,278,0
10338.11,4,1,WALLET,0,LOW,692,0
655.43,7,0,UPI,0,HIGH,677,0
752.27,20,1,UPI,0,LOW,641,0
541.09,13,1,CARD,0,MEDIUM,519,0
109350.16,11,0,CARD,0,HIGH,735,1
638.68,4,0,WALLET,0,LOW,773,0
6061.93,13,1,UPI,0,LOW,224,0
99.12,4,0,WALLET,0,LOW,565,0
394.98,5,0,UPI,0,LOW,450,0
643.97,1,0,NETBANKING,0,LOW,70,0
519.51,19,0,WALLET,1,MEDIUM,605,0
103632.0,9,0,WALLET,1,HIGH,483,1
488.01,1,0,UPI,0,LOW,73,0
14475.17,3,0,NETBANKING,1,LOW,762,0
131.39,3,1,WALLET,0,LOW,639,0
277.22,22,1,WALLET,1,HIGH,321,1
115.97,17,0,NETBANKING,0,LOW,352,0
534.81,13,1,WALLET,0,LOW,555,0
7373.77,9,1,NETBANKING,0,LOW,116,0
11935.41,0,1,WALLET,0,HIGH,687,0
172.46,18,1,UPI,0,MEDIUM,249,0
6571.97,9,1,NETBANKING,0,LOW,979,0
9338.65,2,1,UPI,0,MEDIUM,254,0
13848.8,1,1,WALLET,0,LOW,210,0
337.62,18,0,UPI,0,LOW,684,0
10367.25,12,1,NETBANKING,0,LOW,127,0
219.76,23,1,UPI,0,LOW,27,0
377.76,21,0,WALLET,1,MEDIUM,575,0
6071.31,22,0,WALLET,0,LOW,760,0
243.36,18,0,CARD,0,MEDIUM,8,0
4146.24,5,1,NETBANKING,0,LOW,121,0
597.44,19,0,NETBANKING,0,LOW,873,0
524.96,18,0,WALLET,0,LOW,207,0
5936.44,23,1,CARD,1,LOW,127,0
935.6,8,0,NETBANKING,0,MEDIUM,545,0
2642.7,1,0,UPI,0,MEDIUM,603,0
30.6,12,0,UPI,1,LOW,205,0
563.14,21,1,UPI,0,MEDIUM,447,0
20970.39,23,0,UPI,0,LOW,769,0
5010.3,2,1,UPI,0,LOW,405,0
138.82,4,0,CARD,0,LOW,808,0
13747.88,9,0,WALLET,0,LOW,246,0
262.78,11,1,WALLET,0,MEDIUM,530,0
72.18,22,1,UPI,0,LOW,585,0
183.93,12,1,CARD,0,MEDIUM,41,0
498.55,4,1,NETBANKING,0,LOW,819,0
796.76,15,1,WALLET,0,LOW,761,0
509.59,22,0,NETBANKING,0,MEDIUM,920,0
369.54,3,1,WALLET,0,LOW,775,0
14372.86,23,1,UPI,0,MEDIUM,520,0
730.38,10,0,CARD,0,LOW,352,0
189.92,15,0,NETBANKING,1,LOW,717,0
791.54,19,1,UPI,0,LOW,679,0
983.46,20,0,UPI,0,LOW,596,0
908.0,1,0,UPI,0,LOW,241,0
9465.32,1,0,UPI,0,MEDIUM,491,0
875.04,17,1,WALLET,0,MEDIUM,953,0
319.92,2,0,CARD,1,MEDIUM,517,0
76.87,6,0,NETBANKING,0,LOW,636,0
238.6,7,0,UPI,0,MEDIUM,489,0
95543.36,1,0,CARD,0,LOW,213,1
414.39,11,0,NETBANKING,0,HIGH,313,0
2616.69,15,0,WALLET,0,LOW,633,0
685.95,0,0,CARD,0,LOW,884,0
124.78,16,0,UPI,0,MEDIUM,554,0
15561.74,7,1,NETBANKING,0,LOW,424,0
59.68,22,0,WALLET,0,LOW,38,0
6970.52,21,0,WALLET,0,MEDIUM,880,0
767.38,21,0,NETBANKING,0,LOW,793,0
804.02,16,0,UPI,0,MEDIUM,684,0
13566.28,2,1,NETBANKING,0,LOW,960,0
10118.82,22,0,UPI,0,HIGH,476,0
15235.28,20,1,WALLET,0,LOW,233,0
888.04,20,0,UPI,1,LOW,712,0
880.57,17,1,UPI,1,MEDIUM,921,0
445.48,13,0,NETBANKING,0,LOW,461,0
62.9,4,0,NETBANKING,0,MEDIUM,366,0
14839.51,20,0,CARD,0,MEDIUM,500,0
473.11,11,1,NETBANKING,0,MEDIUM,45,0
12486.63,2,1,NETBANKING,1,LOW,194,0
576.94,18,1,UPI,0,LOW,893,0
771.44,7,0,WALLET,0,LOW,584,0
761.56,2,0,WALLET,0,LOW,594,0
290.15,10,0,UPI,0,LOW,270,0
316.52,11,1,NETBANKING,0,LOW,827,0
164.58,18,0,UPI,0,MEDIUM,679,0
976.63,10,0,UPI,0,LOW,681,0
11451.85,17,1,NETBANKING,0,LOW,127,0
110.57,23,1,CARD,0,LOW,383,0
581.35,11,0,NETBANKING,0,MEDIUM,685,0
192761.89,10,1,NETBANKING,0,MEDIUM,753,0
1770.21,14,1,NETBANKING,0,LOW,80,0
365.11,4,0,WALLET,1,LOW,556,0
6200.05,2,1,CARD,1,LOW,541,0
448.11,1,1,UPI,0,HIGH,638,0
522.88,5,0,WALLET,0,LOW,200,0
6916.66,3,1,UPI,0,MEDIUM,672,0
18074.3,23,0,UPI,0,MEDIUM,893,0
113.85,19,1,CARD,0,LOW,99,0
46.22,17,0,NETBANKING,1,LOW,145,0
221.56,20,0,UPI,0,HIGH,986,0
368.29,2,0,CARD,0,MEDIUM,998,0
132.69,4,0,WALLET,0,LOW,370,0
737.84,22,1,NETBANKING,0,LOW,206,0
5640.92,12,0,CARD,0,LOW,528,0
80.57,3,0,WALLET,0,LOW,356,0
859.3,1,1,CARD,0,LOW,538,0
14866.09,12,0,UPI,0,LOW,390,0
222.68,8,0,UPI,0,LOW,684,0
12078.67,3,1,NETBANKING,0,MEDIUM,72,0
153763.99,19,1,NETBANKING,0,MEDIUM,820,0
4321.62,4,1,WALLET,0,LOW,22,0
747.85,18,1,WALLET,0,LOW,736,0
787.64,4,1,WALLET,0,LOW,58,0
194.02,6,0,CARD,0,LOW,812,0
253.84,23,0,UPI,0,LOW,749,0
737.29,0,1,WALLET,0,LOW,398,0
13603.36,10,1,NETBANKING,0,MEDIUM,544,0
612.95,18,1,CARD,0,LOW,227,0
295.16,0,0,CARD,0,LOW,368,0
126.75,23,1,CARD,1,LOW,696,0
9840.79,8,1,CARD,0,LOW,297,0
3894.74,21,0,NETBANKING,0,LOW,615,0
487.82,19,1,NETBANKING,0,LOW,415,0
748.3,18,0,NETBANKING,0,MEDIUM,835,0
7254.37,13,1,NETBANKING,0,MEDIUM,535,0
139.16,15,1,WALLET,1,LOW,148,0
684.8,14,0,NETBANKING,1,LOW,876,0
849.38,14,0,NETBANKING,0,LOW,756,0
250.67,15,0,UPI,0,LOW,418,0
8940.33,12,0,WALLET,0,LOW,991,0
868.39,15,1,UPI,0,HIGH,905,0
10291.52,1,0,UPI,0,HIGH,335,0
174.18,10,1,NETBANKING,0,HIGH,377,0
389.57,15,0,CARD,0,HIGH,219,0
8080.95,2,1,WALLET,0,LOW,766,0
584.52,0,1,CARD,0,HIGH,187,0
5099.28,22,0,UPI,0,MEDIUM,286,0
769.85,14,1,WALLET,0,LOW,42,0
19944.57,17,0,UPI,0,MEDIUM,339,0
641.42,13,1,UPI,0,HIGH,919,0
918.14,15,0,NETBANKING,0,MEDIUM,564,0
618.31,15,1,WALLET,0,LOW,925,0
13742.98,3,0,NETBANKING,0,LOW,133,0
16442.17,11,0,CARD,0,HIGH,169,0
320.36,10,0,NETBANKING,0,HIGH,699,0
576.15,0,1,CARD,0,LOW,991,0
409.92,0,1,CARD,0,LOW,75,0
773.25,8,1,UPI,0,MEDIUM,580,0
913.7,21,1,WALLET,0,MEDIUM,99,0
498.13,18,0,NETBANKING,0,MEDIUM,298,0
216.79,20,0,UPI,0,LOW,940,0
174.58,1,1,UPI,0,LOW,730,0
2550.97,13,1,NETBANKING,0,MEDIUM,954,0
327.46,22,0,WALLET,0,HIGH,992,0
155.55,16,0,CARD,0,LOW,268,0
978.24,4,1,WALLET,0,LOW,309,0
464.25,18,0,CARD,0,MEDIUM,607,0
487.23,5,0,WALLET,0,HIGH,922,0
691.37,1,0,UPI,0,LOW,691,0
338.43,3,0,UPI,0,LOW,588,0
805.51,4,1,CARD,0,MEDIUM,466,0
86.46,6,1,WALLET,0,LOW,455,0
53.78,0,1,WALLET,0,LOW,637,0
65.56,11,1,WALLET,0,LOW,580,0
179757.18,13,0,CARD,0,LOW,642,1
628.06,3,1,WALLET,0,LOW,82,0
2337.27,18,1,NETBANKING,0,LOW,125,0
279.75,16,1,NETBANKING,0,LOW,599,0
552.17,16,0,CARD,0,MEDIUM,453,0
907.57,21,0,CARD,0,LOW,330,0
389.49,5,0,NETBANKING,0,MEDIUM,702,0
530.93,4,0,NETBANKING,0,LOW,129,0
5780.57,3,1,CARD,0,LOW,829,0
19420.74,11,0,UPI,0,MEDIUM,851,0
224.44,22,0,CARD,0,HIGH,809,0
344.47,6,0,NETBANKING,0,LOW,985,0
16113.5,5,1,CARD,0,LOW,77,0
435.75,6,1,CARD,0,MEDIUM,598,0
68719.15,22,0,CARD,1,LOW,436,1
306.41,13,1,UPI,0,LOW,166,0
95249.41,20,1,WALLET,0,HIGH,142,0
18158.97,12,1,NETBANKING,0,LOW,463,0
14182.83,20,1,CARD,0,LOW,728,0
528.36,6,1,NETBANKING,1,LOW,367,0
162.52,1,1,CARD,0,LOW,210,0
652.29,0,0,WALLET,0,MEDIUM,892,0
123.33,6,1,NETBANKING,0,LOW,131,0
52959.0,3,0,NETBANKING,0,MEDIUM,997,0
462.47,17,0,CARD,0,MEDIUM,643,0
754.95,18,0,CARD,0,LOW,369,0
231.03,10,1,CARD,0,LOW,533,0
167972.13,4,0,WALLET,0,LOW,634,1
5999.65,8,1,UPI,0,MEDIUM,929,0
547.78,5,0,CARD,0,LOW,198,0
783.29,1,1,WALLET,0,MEDIUM,858,0
284.78,10,0,UPI,0,MEDIUM,783,0
17301.88,0,1,CARD,0,LOW,469,0
155.09,13,1,UPI,1,LOW,134,0
11601.77,0,1,WALLET,0,LOW,915,0
386.58,9,0,WALLET,0,MEDIUM,540,0
333.35,6,1,UPI,0,LOW,607,0
933.16,5,1,NETBANKING,0,LOW,410,0
632.83,9,0,NETBANKING,0,LOW,738,0
890.62,18,0,CARD,0,MEDIUM,456,0
17537.12,16,0,WALLET,0,LOW,554,0
187.01,23,1,UPI,0,LOW,442,0
219.91,8,0,UPI,0,MEDIUM,3,0
15044.12,10,0,CARD,1,LOW,364,0
630.69,12,0,NETBANKING,0,LOW,230,0
16419.0,14,0,WALLET,0,LOW,578,0
636.15,13,1,CARD,1,LOW,472,0
89.57,1,1,NETBANKING,1,LOW,112,0
1832.41,6,1,NETBANKING,0,MEDIUM,867,0
515.67,19,1,UPI,0,LOW,512,0
486.03,11,1,UPI,0,MEDIUM,59,0
659.39,14,1,CARD,0,LOW,565,0
324.16,17,0,UPI,0,HIGH,999,0
280.47,0,1,UPI,0,LOW,649,0
86825.6,19,1,WALLET,0,HIGH,950,0
525.52,13,0,NETBANKING,0,HIGH,218,0
29.22,17,0,UPI,0,HIGH,525,0
8151.08,19,1,NETBANKING,1,MEDIUM,840,0
513.05,16,1,NETBANKING,0,MEDIUM,722,0
48.03,22,1,WALLET,1,MEDIUM,257,0
889.8,8,1,WALLET,0,LOW,868,0
17187.48,15,0,WALLET,0,LOW,976,0
18.25,12,1,NETBANKING,0,LOW,889,0
18236.86,2,1,CARD,0,MEDIUM,234,0
792.98,10,1,NETBANKING,0,MEDIUM,466,0
439.44,15,0,NETBANKING,0,LOW,770,0
591.67,11,1,CARD,1,HIGH,335,1
13888.57,4,0,WALLET,0,MEDIUM,754,0
18476.34,15,1,UPI,0,LOW,494,0
23.0,13,1,UPI,1,MEDIUM,931,0
402.28,21,1,NETBANKING,0,MEDIUM,339,0
687.5,20,0,UPI,0,LOW,312,0
101895.46,16,1,NETBANKING,0,LOW,485,0
791.6,21,0,WALLET,0,MEDIUM,903,0
101.34,18,0,CARD,0,LOW,919,0
12193.79,23,0,CARD,0,LOW,771,0
10343.95,6,0,UPI,0,LOW,834,0
413.81,22,1,WALLET,1,LOW,787,0
2978.69,14,0,CARD,0,LOW,451,0
996.18,10,0,CARD,0,LOW,27,0
644.56,8,1,NETBANKING,0,LOW,456,0
11641.45,16,0,NETBANKING,0,LOW,836,0
2119.61,10,0,NETBANKING,0,MEDIUM,786,0
169868.53,15,1,CARD,0,MEDIUM,683,1
915.58,3,1,WALLET,0,LOW,782,0
78.26,19,1,WALLET,0,LOW,184,0
798.69,23,1,CARD,0,MEDIUM,609,0
562.47,13,1,UPI,0,LOW,906,0
10936.13,9,0,WALLET,0,MEDIUM,559,0
295.86,9,0,NETBANKING,0,LOW,849,0
581.22,9,1,WALLET,0,LOW,457,0
13903.8,20,0,WALLET,0,LOW,321,0
962.16,13,1,NETBANKING,0,LOW,525,0
12954.52,7,1,CARD,0,LOW,573,0
643.48,21,0,UPI,0,LOW,655,0
725.46,15,0,CARD,0,MEDIUM,790,0
11686.01,3,1,WALLET,0,LOW,268,0
641.94,17,0,NETBANKING,0,MEDIUM,470,0
5675.61,7,0,WALLET,0,MEDIUM,259,0
652.96,9,1,WALLET,0,LOW,250,0
264.73,8,1,NETBANKING,0,MEDIUM,690,0
184.68,0,1,UPI,0,MEDIUM,221,0
349.09,21,0,UPI,0,MEDIUM,509,0
14577.0,14,0,UPI,0,LOW,379,0
816.9,11,1,WALLET,0,MEDIUM,4,0
73951.88,17,1,CARD,1,LOW,861,1
19993.11,2,0,WALLET,0,MEDIUM,617,0
453.09,17,1,UPI,0,LOW,607,0
956.21,20,0,CARD,0,LOW,43,0
87.06,19,1,NETBANKING,0,LOW,563,0
18186.62,3,0,WALLET,0,MEDIUM,282,0
522.87,0,0,NETBANKING,0,LOW,107,0
78984.51,11,0,WALLET,1,LOW,54,1
146814.31,0,0,UPI,0,LOW,943,1
689.18,3,0,UPI,0,LOW,806,0
694.18,0,1,UPI,0,LOW,171,0
571.71,22,1,NETBANKING,1,HIGH,500,1
27.16,2,0,WALLET,0,MEDIUM,984,0
172.71,15,0,UPI,0,HIGH,593,0
115916.69,20,0,NETBANKING,1,LOW,862,1
557.39,9,1,UPI,0,LOW,993,0
1058.61,22,1,CARD,1,LOW,544,0
561.89,16,0,UPI,0,LOW,59,0
8290.09,9,0,NETBANKING,0,MEDIUM,588,0
7027.17,9,0,NETBANKING,0,LOW,616,0
779.66,4,1,UPI,0,LOW,427,0
175.7,0,1,NETBANKING,0,HIGH,501,0
297.3,3,0,WALLET,0,LOW,352,0
141917.5,22,0,CARD,1,MEDIUM,82,1
971.91,19,1,NETBANKING,0,LOW,908,0
867.74,11,1,WALLET,0,LOW,122,0
272.49,18,1,NETBANKING,0,LOW,657,0
394.53,8,0,NETBANKING,0,HIGH,868,0
710.13,17,1,UPI,0,MEDIUM,780,0
226.07,2,1,NETBANKING,0,LOW,985,0
931.47,8,0,CARD,0,LOW,834,0
13075.33,21,0,NETBANKING,0,LOW,590,0
435.48,3,1,WALLET,0,LOW,233,0
730.08,5,0,WALLET,0,LOW,502,0
768.88,18,0,NETBANKING,0,MEDIUM,65,0
734.11,7,0,CARD,0,LOW,495,0
780.89,21,1,UPI,0,LOW,915,0
718.1,15,0,UPI,0,LOW,551,0
12652.24,21,1,CARD,0,MEDIUM,730,0
19444.78,13,0,WALLET,0,LOW,646,0
836.4,22,1,UPI,0,MEDIUM,674,0
518.62,13,1,NETBANKING,0,MEDIUM,118,0
17593.87,10,1,CARD,0,LOW,811,0
15915.19,17,1,CARD,0,LOW,827,0
17284.51,22,0,NETBANKING,0,HIGH,844,0
7526.93,20,1,NETBANKING,0,LOW,528,0
852.08,10,0,NETBANKING,0,LOW,912,0
12612.84,13,1,NETBANKING,0,MEDIUM,950,0
17376.12,19,1,WALLET,0,LOW,283,0
1429.47,9,0,NETBANKING,0,MEDIUM,196,0
674.3,0,0,UPI,0,LOW,833,0
5427.36,12,1,UPI,0,LOW,50,0
254.3,4,1,CARD,0,MEDIUM,620,0
5084.11,18,1,CARD,0,MEDIUM,9,0
156.74,16,0,UPI,1,LOW,662,0
772.9,7,0,UPI,0,LOW,942,0
9339.38,2,0,CARD,0,MEDIUM,681,0
66.37,3,1,UPI,0,MEDIUM,175,0
110.32,15,0,UPI,0,MEDIUM,421,0
794.05,16,1,CARD,0,MEDIUM,915,0
25.06,20,0,WALLET,0,LOW,924,0
893.65,21,1,UPI,0,MEDIUM,848,0
7836.5,8,1,CARD,0,LOW,704,0
16839.99,4,0,WALLET,0,MEDIUM,153,0
668.02,8,0,NETBANKING,0,LOW,776,0
10852.87,6,1,WALLET,0,LOW,600,0
579.24,7,0,WALLET,0,LOW,601,0
1773.28,3,1,CARD,1,LOW,7,1
125510.04,0,0,NETBANKING,0,MEDIUM,709,1
14712.71,14,0,UPI,0,LOW,463,0
359.05,3,1,CARD,0,MEDIUM,54,0
2777.25,0,0,UPI,0,MEDIUM,237,0
249.95,5,0,UPI,0,LOW,123,0
460.57,3,1,CARD,0,MEDIUM,728,0
180.26,13,1,NETBANKING,0,LOW,380,0
19890.0,18,1,NETBANKING,0,MEDIUM,869,0
888.48,0,0,NETBANKING,0,LOW,815,0
45.24,16,0,NETBANKING,0,LOW,871,0
478.05,5,1,UPI,0,LOW,240,0
216.97,19,0,CARD,1,LOW,615,0
68752.18,10,0,NETBANKING,0,LOW,850,0
297.71,22,0,WALLET,0,LOW,83,0
5252.85,17,1,CARD,1,LOW,187,0
13869.36,10,1,NETBANKING,0,MEDIUM,644,0
710.32,3,1,NETBANKING,0,LOW,372,0
12048.18,13,1,NETBANKING,0,LOW,443,0
952.86,3,1,CARD,0,LOW,529,0
950.18,19,1,CARD,0,LOW,948,0
111.59,18,1,CARD,0,MEDIUM,936,0
28.26,5,1,UPI,0,LOW,492,0
19812.17,12,1,WALLET,0,MEDIUM,896,0
774.85,21,0,NETBANKING,0,MEDIUM,943,0
28173.25,20,1,NETBANKING,0,LOW,807,0
6275.73,13,1,NETBANKING,0,LOW,169,0
554.45,11,0,WALLET,1,LOW,243,0
309.93,21,0,UPI,0,HIGH,325,0
3660.75,21,1,WALLET,1,MEDIUM,496,0
53.27,12,1,WALLET,0,HIGH,800,0
753.19,7,1,UPI,1,MEDIUM,646,0
810.71,3,0,WALLET,0,LOW,739,0
296.1,4,0,NETBANKING,0,MEDIUM,138,0
655.07,9,1,UPI,0,LOW,23,0
448.46,12,1,UPI,0,LOW,658,0
1560.2,15,0,NETBANKING,0,LOW,895,0
927.28,20,1,UPI,0,HIGH,946,0
759.71,8,0,WALLET,1,LOW,617,0
18798.65,14,0,WALLET,0,LOW,235,0
126.35,7,1,NETBANKING,0,MEDIUM,963,0
702.93,22,1,UPI,0,MEDIUM,725,0
633.29,16,1,CARD,0,MEDIUM,322,0
474.44,9,1,CARD,0,HIGH,880,0
10320.47,3,0,WALLET,0,MEDIUM,490,0
387.71,5,1,WALLET,0,LOW,995,0
208.58,20,1,CARD,0,LOW,102,0
575.38,11,1,UPI,0,LOW,846,0
135.8,17,0,NETBANKING,0,HIGH,119,0
580.6,21,1,UPI,0,MEDIUM,93,0
468.45,15,0,CARD,0,LOW,141,0
268.07,20,1,CARD,0,MEDIUM,2,0
119.38,14,0,NETBANKING,0,LOW,126,0
19685.69,20,1,UPI,0,LOW,517,0
5702.73,11,0,NETBANKING,0,MEDIUM,784,0
318.84,21,1,WALLET,0,LOW,607,0
353.9,7,1,NETBANKING,0,LOW,469,0
43469.05,14,0,CARD,0,MEDIUM,714,0
498.7,9,0,UPI,0,LOW,434,0
211.39,15,0,WALLET,0,LOW,627,0
369.84,7,0,NETBANKING,0,LOW,83,0
66.09,15,0,UPI,0,LOW,577,0
702.69,18,0,CARD,0,HIGH,216,0
831.84,19,1,WALLET,0,LOW,740,0
181.16,8,1,CARD,1,HIGH,130,1
628.86,23,1,UPI,0,HIGH,484,0
354.33,0,1,NETBANKING,0,LOW,776,0
15748.68,21,0,UPI,0,HIGH,695,0
884.56,23,0,UPI,0,MEDIUM,694,0
582.39,21,0,NETBANKING,0,LOW,309,0
451.21,9,1,NETBANKING,0,LOW,6,0
845.45,18,1,WALLET,1,LOW,130,0
166.62,12,0,CARD,0,LOW,96,0
192.05,10,1,CARD,0,MEDIUM,182,0
112.73,15,0,NETBANKING,0,MEDIUM,79,0
933.45,13,1,NETBANKING,0,MEDIUM,820,0
12.31,18,0,WALLET,0,MEDIUM,344,0
15898.3,20,1,UPI,0,LOW,36,0
460.15,10,1,NETBANKING,0,MEDIUM,259,0
461.69,0,1,CARD,0,LOW,341,0
952.02,11,0,CARD,0,MEDIUM,922,0
1237.52,17,1,UPI,0,HIGH,532,0
12318.24,22,0,WALLET,0,LOW,589,0
836.39,12,1,CARD,0,LOW,780,0
16587.93,20,0,UPI,0,LOW,238,0
935.02,2,0,CARD,1,LOW,204,0
651.75,1,1,UPI,0,LOW,340,0
91.49,3,0,NETBANKING,0,MEDIUM,322,0
152.21,8,1,NETBANKING,0,LOW,188,0
101.63,16,0,WALLET,1,MEDIUM,19,0
2956.52,14,1,WALLET,0,LOW,629,0
163.54,0,0,UPI,0,LOW,721,0
90.27,16,0,WALLET,0,HIGH,929,0
784.23,21,0,NETBANKING,0,LOW,1000,0
702.5,3,1,NETBANKING,0,MEDIUM,891,0
331.88,4,1,WALLET,1,MEDIUM,546,0
3126.42,15,1,CARD,0,LOW,625,0
2650.17,21,1,WALLET,0,MEDIUM,985,0
713.0,6,0,NETBANKING,0,LOW,662,0
9082.71,15,1,NETBANKING,0,LOW,574,0
258.46,15,1,NETBANKING,0,MEDIUM,82,0
19229.68,3,1,UPI,0,LOW,621,0
17728.82,8,1,WALLET,0,HIGH,503,0
647.59,22,0,CARD,0,LOW,169,0
374.15,14,0,UPI,0,LOW,865,0
909.01,3,1,UPI,0,LOW,32,0
379.74,10,1,WALLET,0,LOW,205,0
3544.6,1,0,NETBANKING,0,MEDIUM,892,0
390.33,2,0,NETBANKING,0,LOW,20,0
140.84,15,1,CARD,1,LOW,916,0
341.87,21,0,NETBANKING,0,MEDIUM,864,0
35.23,22,1,UPI,1,LOW,904,0
233.96,12,0,WALLET,0,LOW,13,0
16916.27,3,0,CARD,0,HIGH,901,0
11833.75,19,0,UPI,0,LOW,588,0
385.95,1,1,UPI,0,HIGH,345,0
781.17,6,1,WALLET,0,MEDIUM,490,0
614.6,5,1,UPI,0,MEDIUM,180,0
540.36,4,0,UPI,0,LOW,871,0
180187.06,22,0,UPI,0,LOW,821,0
346.73,9,1,WALLET,0,LOW,146,0
12704.85,2,0,CARD,0,LOW,912,0
571.66,7,1,WALLET,0,LOW,18,0
203.98,12,1,UPI,0,LOW,762,0
377.42,23,0,WALLET,0,MEDIUM,325,0
15943.96,17,1,UPI,0,MEDIUM,312,0
400.15,21,0,UPI,0,LOW,696,0
12688.5,1,0,CARD,1,LOW,647,0
272.69,13,0,UPI,0,MEDIUM,514,0
99149.45,19,1,WALLET,0,LOW,775,0
359.02,0,1,WALLET,0,LOW,498,0
623.69,9,1,UPI,0,LOW,260,0
6579.24,12,1,CARD,0,MEDIUM,316,0
150.06,16,1,CARD,0,LOW,316,0
846.18,6,1,UPI,0,LOW,76,0
302.32,10,1,NETBANKING,0,LOW,141,0
106135.61,5,0,UPI,0,HIGH,38,1
4568.41,18,1,NETBANKING,0,LOW,850,0
7092.19,20,0,UPI,0,LOW,974,0
18543.26,0,1,UPI,0,LOW,40,0
168.06,8,0,WALLET,0,MEDIUM,609,0
966.44,19,0,CARD,0,LOW,39,0
369.61,9,0,NETBANKING,0,LOW,983,0
884.72,18,0,CARD,0,MEDIUM,421,0
687.82,14,0,UPI,0,LOW,131,0
127.52,15,0,UPI,0,LOW,563,0
3620.32,12,1,NETBANKING,0,LOW,818,0
455.0,19,0,CARD,1,MEDIUM,353,0
1858.61,7,0,WALLET,0,MEDIUM,822,0
193.54,20,0,WALLET,0,LOW,296,0
13000.25,5,1,UPI,0,LOW,354,0
864.83,18,1,UPI,0,MEDIUM,21,0
8577.71,11,0,CARD,0,LOW,402,0
759.33,16,0,NETBANKING,0,MEDIUM,592,0
581.5,15,1,WALLET,1,LOW,624,0
451.29,15,0,UPI,0,LOW,214,0
412.5,10,1,WALLET,0,LOW,298,0
60873.72,15,1,CARD,0,LOW,209,0
1424.86,15,1,CARD,0,MEDIUM,203,0
474.66,11,0,UPI,0,LOW,708,0
248.33,5,1,WALLET,0,LOW,855,0
927.94,16,1,NETBANKING,0,LOW,626,0
638.95,0,1,NETBANKING,0,LOW,478,0
336.29,19,0,NETBANKING,0,LOW,633,0
18602.31,19,1,WALLET,0,LOW,579,0
720.55,13,0,UPI,0,HIGH,624,0
466.64,22,0,UPI,0,LOW,514,0
16090.7,16,0,WALLET,0,MEDIUM,710,0
106.59,17,1,NETBANKING,0,LOW,267,0
18498.14,0,0,CARD,0,LOW,650,0
4317.23,22,0,WALLET,0,LOW,937,0
949.54,12,1,WALLET,0,LOW,352,0
536.75,16,0,WALLET,0,LOW,984,0
397.43,1,1,CARD,1,MEDIUM,200,0
50381.08,7,0,WALLET,1,MEDIUM,637,1
123.32,19,1,WALLET,0,MEDIUM,347,0
596.7,6,0,UPI,0,LOW,169,0
4132.05,4,0,WALLET,0,LOW,235,0
17007.37,20,0,WALLET,1,LOW,143,0
436.82,1,1,WALLET,0,LOW,597,0
88.36,0,0,CARD,0,LOW,168,0
589.64,16,0,UPI,0,LOW,779,0
4265.0,12,0,UPI,0,LOW,759,0
5216.67,11,1,UPI,0,LOW,740,0
896.75,18,1,CARD,0,LOW,308,0
1397.43,20,0,WALLET,0,LOW,668,0
30.23,8,0,WALLET,0,LOW,134,0
691.27,20,1,WALLET,0,MEDIUM,767,0
321.33,12,1,CARD,0,LOW,418,0
241.31,0,0,NETBANKING,0,LOW,599,0
522.72,12,0,CARD,0,LOW,174,0
465.29,8,1,WALLET,0,LOW,220,0
681.84,12,0,WALLET,0,MEDIUM,379,0
775.78,3,0,CARD,0,HIGH,239,0
584.18,11,1,UPI,0,LOW,132,0
648.71,22,1,UPI,0,LOW,127,0
338.15,10,1,UPI,0,MEDIUM,669,0
205.07,21,0,NETBANKING,0,LOW,958,0
175.46,10,1,NETBANKING,0,MEDIUM,372,0
12930.27,13,0,UPI,0,LOW,931,0
1118.5,16,1,NETBANKING,0,LOW,653,0
8714.62,13,0,CARD,0,LOW,394,0
2554.92,2,0,NETBANKING,0,MEDIUM,725,0
3278.87,13,1,NETBANKING,1,LOW,286,0
766.79,20,0,NETBANKING,0,MEDIUM,622,0
351.08,2,0,UPI,0,LOW,294,0
122.55,4,0,NETBANKING,0,MEDIUM,409,0
7795.19,6,0,NETBANKING,0,LOW,372,0
19541.01,21,1,CARD,0,MEDIUM,146,0
5185.73,14,0,UPI,0,MEDIUM,895,0
950.56,5,1,CARD,0,MEDIUM,535,0
31.45,23,1,CARD,0,LOW,430,0
66.4,0,1,NETBANKING,0,LOW,15,0
635.27,2,0,WALLET,1,LOW,135,0
643.7,14,1,CARD,0,LOW,70,0
837.98,17,0,WALLET,0,HIGH,911,0
158.54,16,0,UPI,0,MEDIUM,341,0
670.04,10,1,NETBANKING,0,MEDIUM,158,0
528.03,8,1,CARD,0,MEDIUM,386,0
746.21,2,0,WALLET,0,LOW,515,0
79714.94,3,1,NETBANKING,0,MEDIUM,446,0
125.84,16,1,NETBANKING,0,HIGH,577,0
101.96,10,0,UPI,0,LOW,704,0
67347.65,3,0,WALLET,0,MEDIUM,587,0
37.49,0,0,NETBANKING,0,MEDIUM,357,0
246.61,3,1,WALLET,0,HIGH,10,1
128.47,8,0,NETBANKING,0,LOW,114,0
116013.6,16,1,UPI,1,HIGH,550,1
439.28,7,1,WALLET,0,MEDIUM,84,0
8254.04,13,0,WALLET,0,MEDIUM,20,0
961.59,11,0,UPI,0,MEDIUM,951,0
622.71,16,0,CARD,0,MEDIUM,383,0
779.26,17,1,UPI,0,LOW,433,0
945.59,16,1,CARD,0,LOW,112,0
449.49,17,1,CARD,0,LOW,68,0
5490.4,8,1,UPI,0,LOW,147,0
302.13,10,1,CARD,1,LOW,908,0
15550.73,23,1,NETBANKING,0,LOW,891,0
129.39,5,1,WALLET,0,LOW,281,0
13043.09,18,1,CARD,0,LOW,804,0
15270.74,17,0,WALLET,1,MEDIUM,884,0
33.2,17,0,NETBANKING,1,LOW,329,0
680.63,1,0,WALLET,0,LOW,250,0
392.24,7,0,WALLET,0,MEDIUM,814,0
4949.12,0,0,CARD,0,LOW,440,0
4000.11,0,0,WALLET,0,LOW,348,0
871.07,5,0,CARD,0,LOW,875,0
2088.54,20,0,WALLET,0,MEDIUM,520,0
596.64,12,1,NETBANKING,0,LOW,501,0
120174.42,1,1,CARD,1,HIGH,18,1
2601.34,17,1,WALLET,0,MEDIUM,130,0
449.17,7,0,CARD,0,LOW,408,0
3842.41,3,1,CARD,0,LOW,31,0
256.22,0,0,UPI,0,LOW,514,0
95.91,10,0,CARD,0,MEDIUM,27,0
20.29,3,1,WALLET,0,LOW,742,0
4675.96,9,0,CARD,0,LOW,369,0
759.06,3,1,UPI,0,MEDIUM,863,0
15953.23,7,1,CARD,0,LOW,82,0
955.55,5,0,UPI,0,LOW,319,0
16165.58,12,0,CARD,0,LOW,143,0
537.85,18,0,CARD,0,HIGH,678,0
138997.11,2,0,WALLET,0,MEDIUM,629,1
850.49,2,1,CARD,1,LOW,315,0
528.17,11,1,WALLET,0,LOW,440,0
442.39,12,1,CARD,0,LOW,59,0
597.96,11,1,UPI,0,MEDIUM,452,0
15014.46,19,1,CARD,1,LOW,794,0
622.28,7,0,WALLET,0,MEDIUM,109,0
240.21,7,1,NETBANKING,0,MEDIUM,743,0
121.11,1,0,UPI,0,LOW,495,0
15340.58,14,1,UPI,0,LOW,835,0
6336.18,5,0,NETBANKING,0,MEDIUM,757,0
8977.72,1,1,CARD,0,LOW,143,0
456.5,20,1,WALLET,0,HIGH,197,0
170214.7,18,1,NETBANKING,0,LOW,181,0
364.48,17,0,WALLET,0,LOW,157,0
929.86,12,1,UPI,0,LOW,460,0
592.39,14,1,WALLET,0,LOW,650,0
18605.01,13,1,WALLET,0,LOW,732,0
13004.72,23,1,CARD,0,LOW,861,0
510.77,9,1,UPI,0,HIGH,997,0
15281.04,4,1,CARD,0,LOW,65,0
506.98,16,0,WALLET,0,LOW,680,0
27.82,21,0,WALLET,0,LOW,926,0
354.89,18,1,CARD,0,LOW,529,0
187964.31,2,1,WALLET,0,LOW,415,1
17077.5,5,1,UPI,0,MEDIUM,458,0
492.35,0,0,WALLET,0,MEDIUM,461,0
806.32,23,0,CARD,0,LOW,906,0
192.98,0,0,UPI,0,LOW,563,0
13042.04,12,0,WALLET,0,LOW,444,0
272.97,4,1,CARD,0,HIGH,334,0
259.97,14,1,CARD,0,LOW,834,0
5203.1,9,0,UPI,0,LOW,165,0
510.46,20,0,UPI,0,MEDIUM,768,0
1157.48,18,1,WALLET,0,HIGH,583,0
100.95,14,1,NETBANKING,1,LOW,214,0
12.42,17,0,UPI,0,LOW,51,0
15575.19,13,1,WALLET,0,MEDIUM,757,0
87.46,14,1,UPI,0,MEDIUM,513,0
929.11,9,1,UPI,0,MEDIUM,521,0
771.56,11,1,NETBANKING,0,LOW,726,0
709.01,21,0,WALLET,0,MEDIUM,803,0
141.33,22,0,NETBANKING,0,LOW,190,0
901.11,22,1,CARD,0,LOW,789,0
235.69,16,1,CARD,0,LOW,994,0
621.03,10,0,UPI,0,MEDIUM,944,0
171.36,23,0,UPI,0,LOW,567,0
550.49,9,1,WALLET,0,MEDIUM,773,0
416.82,13,1,WALLET,1,LOW,652,0
388.22,11,1,UPI,0,LOW,100,0
676.5,7,0,NETBANKING,0,MEDIUM,610,0
454.38,20,0,UPI,0,LOW,444,0
1810.22,17,0,NETBANKING,1,LOW,897,0
793.24,9,1,CARD,0,LOW,824,0
454.92,4,1,WALLET,0,MEDIUM,883,0
669.83,3,0,WALLET,0,LOW,792,0
660.21,0,1,CARD,0,MEDIUM,570,0
385.29,12,0,WALLET,0,HIGH,725,0
318.37,9,0,NETBANKING,0,HIGH,255,0
939.84,3,1,CARD,0,HIGH,40,0
155.04,4,1,UPI,0,LOW,790,0
985.54,23,0,CARD,0,HIGH,750,0
767.85,22,1,UPI,0,LOW,442,0
921.17,6,1,NETBANKING,0,LOW,581,0
539.49,2,1,UPI,0,LOW,31,0
8060.66,10,0,UPI,0,LOW,790,0
9359.59,1,1,CARD,0,LOW,633,0
34658.18,3,1,UPI,0,MEDIUM,166,0
610.47,23,1,UPI,0,MEDIUM,884,0
433.49,1,1,NETBANKING,0,LOW,753,0
255.75,4,1,UPI,0,MEDIUM,466,0
918.3,3,1,CARD,0,MEDIUM,573,0
334.03,16,0,WALLET,0,HIGH,361,0
3822.92,4,0,UPI,0,MEDIUM,414,0
247.06,14,0,CARD,1,MEDIUM,232,0
2622.82,7,0,CARD,0,LOW,683,0
687.88,7,0,NETBANKING,1,LOW,775,0
503.52,1,1,UPI,0,LOW,497,0
733.81,20,1,CARD,1,LOW,303,0
522.76,2,1,NETBANKING,1,LOW,884,0
19897.12,14,1,CARD,1,MEDIUM,286,0
521.48,22,1,NETBANKING,0,LOW,998,0
8651.91,18,0,CARD,0,MEDIUM,499,0
128.73,4,0,WALLET,0,LOW,153,0
904.27,13,1,NETBANKING,0,LOW,283,0
991.35,21,1,UPI,0,HIGH,179,0
752.83,7,1,CARD,0,LOW,1000,0
4012.57,6,1,CARD,0,LOW,435,0
604.51,13,0,WALLET,0,MEDIUM,988,0
654.91,3,0,NETBANKING,1,LOW,947,0
864.82,11,1,WALLET,1,MEDIUM,653,0
142.15,10,0,NETBANKING,0,LOW,961,0
13572.9,8,0,UPI,0,HIGH,797,0
138.18,14,1,UPI,0,LOW,141,0
698.3,1,1,CARD,0,LOW,449,0
715.02,23,1,WALLET,0,LOW,244,0
116.75,12,0,UPI,0,MEDIUM,990,0
438.87,17,0,NETBANKING,0,LOW,901,0
59.5,2,1,NETBANKING,0,LOW,838,0
648.43,14,1,CARD,0,LOW,603,0
246.61,11,0,NETBANKING,0,LOW,367,0
9793.18,4,1,WALLET,0,LOW,200,0
694.72,22,0,UPI,0,LOW,123,0
398.49,23,0,WALLET,0,MEDIUM,222,0
4997.99,21,1,NETBANKING,0,LOW,612,0
103520.83,10,0,NETBANKING,0,LOW,374,0
37.19,23,0,WALLET,0,LOW,973,0
644.24,15,0,WALLET,0,MEDIUM,163,0
821.08,5,1,NETBANKING,0,MEDIUM,416,0
363.99,16,1,UPI,0,LOW,433,0
193.27,1,1,UPI,0,LOW,446,0
181.35,21,0,WALLET,0,LOW,334,0
137.02,9,0,UPI,0,LOW,54,0
7259.83,12,0,WALLET,0,LOW,847,0
739.52,8,0,NETBANKING,0,MEDIUM,15,0
183885.76,17,1,UPI,0,HIGH,24,1
344.19,14,1,WALLET,0,LOW,144,0
494.21,3,0,WALLET,0,MEDIUM,196,0
13214.0,1,0,WALLET,0,LOW,914,0
8967.12,1,1,WALLET,0,LOW,186,0
17935.48,23,1,NETBANKING,0,MEDIUM,792,0
512.44,12,0,UPI,0,MEDIUM,722,0
12508.64,4,0,NETBANKING,0,LOW,11,0
27.57,16,0,UPI,0,LOW,788,0
13998.92,2,0,CARD,0,LOW,1000,0
19.01,20,0,UPI,0,HIGH,383,0
754.76,6,1,UPI,0,LOW,171,0
69.01,12,0,CARD,0,HIGH,179,0
1835.44,4,1,NETBANKING,0,LOW,828,0
460.2,5,1,NETBANKING,0,LOW,320,0
14760.45,4,0,UPI,0,LOW,124,0
260.77,18,1,CARD,0,LOW,124,0
606.4,3,0,NETBANKING,0,MEDIUM,412,0
10666.2,15,1,UPI,0,LOW,68,0
293.85,4,0,CARD,0,LOW,991,0
305.06,4,1,UPI,0,MEDIUM,398,0
7263.03,8,0,UPI,0,LOW,290,0
695.97,3,1,WALLET,0,LOW,851,0
17237.23,18,0,NETBANKING,0,HIGH,798,0
964.63,15,0,WALLET,1,LOW,466,0
707.77,9,0,WALLET,0,HIGH,280,0
21.65,18,1,UPI,0,HIGH,706,0
5231.11,0,0,NETBANKING,0,MEDIUM,435,0
12409.1,6,0,CARD,0,LOW,265,0
770.58,6,1,CARD,0,LOW,715,0
429.73,18,0,WALLET,0,LOW,687,0
89.07,23,0,NETBANKING,0,MEDIUM,658,0
18425.61,11,1,NETBANKING,0,LOW,975,0
19559.18,19,0,CARD,0,LOW,682,0
739.29,17,1,NETBANKING,0,MEDIUM,572,0
839.25,12,1,WALLET,0,MEDIUM,130,0
6954.57,9,1,WALLET,0,LOW,883,0
215.26,5,0,UPI,0,MEDIUM,985,0
3124.55,18,1,WALLET,1,MEDIUM,909,0
5561.17,10,1,NETBANKING,0,LOW,288,0
793.37,2,0,UPI,0,MEDIUM,164,0
6609.34,9,1,UPI,0,LOW,442,0
100.31,2,0,WALLET,1,MEDIUM,832,0
221.07,10,0,CARD,0,MEDIUM,564,0
792.66,15,1,WALLET,0,MEDIUM,371,0
20.27,20,1,CARD,0,LOW,442,0
14298.95,18,0,UPI,0,LOW,420,0
108.63,3,1,CARD,0,MEDIUM,429,0
70.77,15,0,WALLET,0,HIGH,103,0
426.78,4,0,CARD,0,MEDIUM,766,0
250.04,22,1,WALLET,0,MEDIUM,246,0
118.2,19,0,NETBANKING,1,MEDIUM,14,1
7876.84,12,0,WALLET,0,LOW,185,0
743.63,14,0,UPI,0,MEDIUM,818,0
885.33,1,1,NETBANKING,0,MEDIUM,969,0
618.01,0,1,UPI,0,LOW,632,0
103.09,1,1,UPI,1,LOW,420,0
468.95,7,1,WALLET,0,MEDIUM,996,0
548.29,10,0,NETBANKING,0,LOW,703,0
121018.03,20,1,UPI,0,MEDIUM,312,0
40.13,2,1,CARD,0,HIGH,146,0
11189.32,16,1,CARD,0,LOW,837,0
13073.16,14,1,UPI,0,LOW,853,0
664.71,20,1,NETBANKING,0,MEDIUM,717,0
412.58,1,0,UPI,0,MEDIUM,518,0
128.36,2,1,UPI,0,MEDIUM,312,0
106192.09,16,1,UPI,1,LOW,798,1
41996.35,22,0,NETBANKING,0,MEDIUM,921,0
696.8,10,0,NETBANKING,0,MEDIUM,743,0
5587.84,13,0,WALLET,0,LOW,2,0
410.34,1,1,NETBANKING,0,HIGH,306,0
898.22,2,1,UPI,0,LOW,426,0
100.04,11,1,UPI,0,LOW,184,0
5743.58,8,0,UPI,0,LOW,576,0
743.85,19,0,NETBANKING,0,LOW,52,0
251.25,16,0,UPI,0,MEDIUM,982,0
15024.15,17,1,NETBANKING,0,MEDIUM,512,0
9447.71,7,0,NETBANKING,0,LOW,277,0
84.16,15,0,UPI,1,LOW,616,0
347.15,9,1,NETBANKING,0,LOW,975,0
14275.53,23,1,CARD,0,LOW,730,0
25.15,13,0,NETBANKING,0,LOW,851,0
13924.0,21,0,CARD,0,MEDIUM,52,0
10648.53,18,0,NETBANKING,0,LOW,368,0
287.01,15,1,CARD,0,LOW,525,0
224.97,7,0,CARD,0,LOW,135,0
1487.66,0,0,WALLET,0,LOW,616,0
154.73,18,1,UPI,0,LOW,970,0
580.7,6,1,CARD,0,HIGH,342,0
251.79,7,1,UPI,0,LOW,313,0
329.43,7,1,UPI,0,MEDIUM,690,0
577.74,3,1,CARD,0,LOW,556,0
32.28,9,0,WALLET,0,MEDIUM,448,0
191.39,22,1,CARD,0,LOW,228,0
9305.41,3,0,NETBANKING,0,MEDIUM,315,0
997.39,1,0,UPI,0,MEDIUM,524,0
750.6,21,1,WALLET,1,LOW,635,0
343.51,16,0,CARD,0,LOW,501,0
736.99,13,1,UPI,0,LOW,346,0
8612.1,8,0,UPI,1,HIGH,202,1
18497.85,7,0,WALLET,1,HIGH,286,1
81.43,3,0,NETBANKING,0,LOW,567,0
194.93,15,0,WALLET,0,MEDIUM,491,0
810.18,5,1,NETBANKING,1,MEDIUM,306,0
17146.38,19,0,UPI,1,LOW,225,0
104.9,15,0,WALLET,0,LOW,297,0
629.38,10,0,NETBANKING,0,LOW,856,0
4973.66,2,1,UPI,0,LOW,460,0
996.67,17,1,UPI,0,LOW,964,0
126.49,2,0,WALLET,0,LOW,664,0
775.24,14,0,WALLET,0,LOW,112,0
639.34,14,1,NETBANKING,0,LOW,585,0
76.55,19,1,WALLET,0,LOW,604,0
118.42,15,1,NETBANKING,0,LOW,580,0
9762.77,16,0,NETBANKING,0,MEDIUM,197,0
560.41,22,1,NETBANKING,0,LOW,222,0
13217.04,0,1,UPI,0,LOW,194,0
193.68,12,1,WALLET,0,LOW,391,0
389.14,2,1,WALLET,0,LOW,153,0
179171.63,6,1,CARD,0,LOW,374,1
439.11,15,1,NETBANKING,0,LOW,963,0
796.66,0,0,UPI,0,MEDIUM,493,0
58.87,19,0,WALLET,0,LOW,883,0
7476.03,13,0,UPI,0,MEDIUM,649,0
6003.01,4,0,UPI,0,LOW,530,0
616.82,21,0,UPI,0,LOW,697,0
224.78,6,1,WALLET,0,LOW,975,0
81.67,0,1,NETBANKING,0,MEDIUM,644,0
835.68,2,1,CARD,0,MEDIUM,682,0
3569.58,6,0,WALLET,0,MEDIUM,503,0
569.89,15,0,NETBANKING,0,LOW,328,0
211.12,21,1,UPI,0,LOW,761,0
12199.53,0,0,UPI,0,MEDIUM,110,0
194.04,8,1,WALLET,0,LOW,356,0
10055.45,19,1,NETBANKING,0,LOW,222,0
867.14,11,0,WALLET,0,LOW,762,0
3474.52,23,0,CARD,1,LOW,967,0
19731.09,16,1,NETBANKING,0,MEDIUM,311,0
512.8,4,0,CARD,0,LOW,606,0
323.63,14,1,CARD,0,HIGH,149,0
976.59,10,1,CARD,1,MEDIUM,729,0
746.76,10,1,NETBANKING,0,MEDIUM,565,0
708.71,1,1,UPI,0,LOW,207,0
86.44,22,1,WALLET,0,MEDIUM,848,0
14150.69,0,1,NETBANKING,0,LOW,782,0
278.74,13,0,WALLET,0,HIGH,360,0
247.13,5,0,UPI,0,LOW,932,0
994.61,18,0,CARD,0,LOW,499,0
606.78,3,0,NETBANKING,0,LOW,807,0
141956.18,12,1,WALLET,0,HIGH,90,1
8106.66,3,1,CARD,0,MEDIUM,791,0
68.73,15,0,UPI,0,LOW,936,0
713.81,21,1,UPI,1,LOW,223,0
441.88,3,1,WALLET,0,LOW,925,0
14519.16,9,0,NETBANKING,1,LOW,183,0
952.52,1,1,WALLET,0,HIGH,601,0
791.65,3,0,CARD,0,HIGH,724,0
993.24,2,1,NETBANKING,0,LOW,830,0
10486.73,20,1,NETBANKING,0,LOW,741,0
799.06,1,0,NETBANKING,0,LOW,668,0
570.56,7,0,CARD,0,LOW,206,0
351.35,20,0,UPI,0,LOW,426,0
317.5,4,0,UPI,0,LOW,965,0
374.03,21,0,WALLET,0,MEDIUM,817,0
539.84,0,0,NETBANKING,0,MEDIUM,582,0
428.75,0,0,CARD,0,LOW,949,0
586.97,20,1,UPI,0,LOW,264,0
761.78,12,1,UPI,0,LOW,975,0
830.34,12,0,UPI,1,MEDIUM,940,0
825.42,17,1,WALLET,0,LOW,85,0
188.79,1,1,NETBANKING,0,MEDIUM,300,0
468.71,3,0,CARD,0,LOW,722,0
1531.19,14,0,NETBANKING,0,LOW,59,0
272.94,11,0,UPI,0,LOW,2,0
76131.29,6,0,UPI,0,LOW,63,0
446.57,13,1,CARD,0,MEDIUM,194,0
939.78,4,0,UPI,0,HIGH,587,0
864.91,22,0,WALLET,0,LOW,225,0
792.08,7,1,UPI,0,LOW,760,0
883.05,8,1,CARD,0,LOW,905,0
282.21,19,1,UPI,0,LOW,944,0
15365.04,3,0,NETBANKING,0,HIGH,422,0
14458.62,11,0,CARD,0,LOW,813,0
724.13,16,1,UPI,0,LOW,558,0
10459.32,15,0,CARD,0,MEDIUM,423,0
190.19,11,1,UPI,0,MEDIUM,880,0
274.6,22,1,CARD,0,MEDIUM,889,0
3802.76,8,0,CARD,0,LOW,204,0
279.45,19,0,CARD,1,MEDIUM,95,0
41351.67,9,1,WALLET,0,LOW,826,0
9825.24,21,1,NETBANKING,1,LOW,445,0
727.48,15,0,NETBANKING,1,LOW,288,0
534.32,4,1,NETBANKING,0,LOW,864,0
384.24,4,0,CARD,0,HIGH,470,0
5423.68,16,0,UPI,1,LOW,122,0
10313.33,17,0,CARD,0,LOW,618,0
330.04,4,0,CARD,0,LOW,160,0
127846.02,21,0,WALLET,0,MEDIUM,310,0
227.37,1,0,UPI,0,LOW,546,0
8425.7,19,1,WALLET,0,LOW,440,0
730.69,10,1,UPI,0,LOW,601,0
104395.55,14,0,UPI,0,LOW,1000,0
979.59,22,1,UPI,0,LOW,92,0
5372.72,2,0,NETBANKING,0,HIGH,29,1
219.83,4,0,WALLET,0,HIGH,326,0
62.26,8,1,CARD,0,HIGH,29,0
123.71,7,0,CARD,1,LOW,890,0
671.92,6,1,CARD,0,MEDIUM,523,0
551.34,12,0,UPI,1,LOW,997,0
766.74,5,0,UPI,0,LOW,102,0
4242.14,17,1,WALLET,0,LOW,60,0
341.28,21,1,CARD,0,LOW,681,0
136.55,1,1,CARD,0,LOW,555,0
2397.49,12,1,NETBANKING,0,HIGH,810,0
20384.0,3,0,WALLET,0,MEDIUM,110,0
10051.35,13,1,CARD,0,LOW,610,0
13861.83,16,0,CARD,1,LOW,244,0
612.21,2,0,UPI,0,LOW,628,0
15025.31,4,0,WALLET,0,LOW,784,0
895.4,22,0,UPI,0,LOW,490,0
953.17,15,0,CARD,1,LOW,273,0
298.11,19,0,NETBANKING,0,LOW,174,0
175133.83,21,1,NETBANKING,0,LOW,233,0
105.09,1,0,CARD,0,LOW,513,0
18524.9,3,0,UPI,0,HIGH,667,0
13902.9,22,1,UPI,0,LOW,605,0
286.55,23,0,UPI,1,LOW,931,0
15877.84,7,0,NETBANKING,0,LOW,915,0
7881.64,4,1,NETBANKING,0,LOW,549,0
201.0,22,0,NETBANKING,0,LOW,730,0
728.57,23,1,WALLET,0,LOW,959,0
132577.89,20,1,CARD,0,HIGH,732,1
762.92,6,1,CARD,0,LOW,901,0
604.09,8,0,UPI,0,LOW,446,0
14984.82,4,1,UPI,0,MEDIUM,601,0
13638.26,7,0,NETBANKING,1,MEDIUM,472,0
16237.39,13,1,CARD,0,MEDIUM,479,0
12550.12,4,1,UPI,0,LOW,367,0
88.05,8,0,UPI,0,MEDIUM,346,0
13.41,5,0,WALLET,0,HIGH,26,1
6964.19,9,0,WALLET,0,MEDIUM,907,0
625.85,18,1,WALLET,0,LOW,216,0
290.2,11,0,CARD,0,LOW,952,0
809.88,23,1,WALLET,0,MEDIUM,638,0
19516.26,16,1,WALLET,0,HIGH,521,0
973.87,10,1,UPI,0,LOW,641,0
733.08,7,0,NETBANKING,0,LOW,107,0
805.25,13,0,CARD,0,MEDIUM,372,0
508.3,16,0,UPI,1,LOW,829,0
270.1,5,1,CARD,0,MEDIUM,235,0
14104.28,20,0,CARD,0,LOW,42,0
659.71,13,1,WALLET,0,LOW,253,0
994.03,17,0,UPI,0,HIGH,728,0
796.33,20,0,CARD,0,LOW,47,0
592.64,22,0,WALLET,0,LOW,82,0
289.22,9,1,UPI,0,LOW,915,0
990.23,13,0,NETBANKING,0,LOW,101,0
472.91,2,0,CARD,0,LOW,67,0
2378.79,19,0,WALLET,0,MEDIUM,116,0
913.52,16,0,CARD,0,MEDIUM,882,0
368.05,7,0,UPI,0,MEDIUM,702,0
10214.48,7,1,NETBANKING,0,LOW,725,0
673.45,23,0,WALLET,0,LOW,976,0
508.83,2,0,NETBANKING,0,LOW,811,0
185.89,3,1,UPI,0,LOW,33,0
527.83,12,0,WALLET,0,MEDIUM,27,0
951.07,23,1,NETBANKING,0,MEDIUM,392,0
301.4,12,0,CARD,0,LOW,241,0
12899.69,21,0,WALLET,0,LOW,395,0
155.17,8,0,CARD,0,MEDIUM,687,0
886.1,18,1,CARD,0,LOW,456,0
1540.76,13,0,WALLET,0,MEDIUM,810,0
790.21,10,1,NETBANKING,0,LOW,121,0
695.47,12,0,UPI,1,LOW,641,0
307.72,20,1,WALLET,0,MEDIUM,269,0
1303.71,12,0,UPI,0,LOW,46,0
449.17,21,0,CARD,0,LOW,422,0
314.67,0,0,UPI,0,LOW,869,0
529.25,8,1,UPI,0,LOW,568,0
240.67,8,0,NETBANKING,1,LOW,38,0
98124.65,7,0,UPI,0,LOW,984,0
786.21,20,1,CARD,0,MEDIUM,883,0
199.63,22,1,NETBANKING,0,LOW,319,0
11710.39,12,1,UPI,0,LOW,506,0
941.2,3,1,UPI,1,MEDIUM,572,0
924.82,8,0,UPI,0,MEDIUM,991,0
14129.37,4,0,NETBANKING,0,LOW,131,0
295.13,6,1,NETBANKING,0,LOW,602,0
49.97,19,1,UPI,0,LOW,605,0
644.04,16,1,NETBANKING,0,LOW,489,0
19422.13,3,0,CARD,0,LOW,816,0
697.45,0,0,WALLET,0,LOW,632,0
2689.98,9,1,UPI,0,LOW,950,0
68726.24,4,1,WALLET,0,LOW,422,0
871.68,16,1,CARD,0,LOW,356,0
516.77,3,1,WALLET,0,LOW,286,0
17415.89,9,1,NETBANKING,0,LOW,442,0
388.55,5,1,CARD,0,LOW,924,0
804.72,16,0,UPI,0,MEDIUM,494,0
457.22,21,1,UPI,0,LOW,950,0
650.15,15,0,UPI,0,LOW,914,0
323.0,22,0,CARD,0,LOW,348,0
318.49,10,1,CARD,0,LOW,932,0
11179.02,9,0,WALLET,0,HIGH,110,0
4499.2,12,1,CARD,0,LOW,643,0
943.44,12,0,WALLET,0,LOW,5,0
12261.87,21,1,CARD,0,LOW,930,0
564.71,7,0,WALLET,0,LOW,699,0
312.21,9,0,CARD,0,LOW,33,0
154.67,16,1,WALLET,0,MEDIUM,703,0
577.77,18,0,NETBANKING,0,LOW,408,0
7915.11,21,1,NETBANKING,0,LOW,14,0
10352.32,21,1,UPI,1,LOW,214,0
136.1,15,1,NETBANKING,0,MEDIUM,534,0
14997.26,19,1,NETBANKING,0,LOW,685,0
486.9,21,1,UPI,0,MEDIUM,970,0
12447.28,6,0,UPI,0,LOW,167,0
125.39,22,0,NETBANKING,0,MEDIUM,986,0
1070.99,19,1,NETBANKING,0,LOW,848,0
241.53,23,1,CARD,0,LOW,500,0
56.54,1,0,CARD,0,LOW,281,0
946.8,18,1,NETBANKING,1,LOW,298,0
970.69,23,1,UPI,0,LOW,987,0
156.36,16,0,NETBANKING,0,LOW,212,0
376.77,13,1,UPI,0,LOW,268,0
674.48,8,1,NETBANKING,0,HIGH,595,0
738.37,12,1,NETBANKING,1,LOW,989,0
763.53,18,1,NETBANKING,0,HIGH,63,0
231.39,2,1,UPI,0,LOW,645,0
14014.32,17,0,UPI,0,LOW,987,0
510.46,20,1,CARD,0,MEDIUM,248,0
7412.34,15,1,WALLET,0,MEDIUM,48,0
199.33,15,0,UPI,0,LOW,671,0
13733.69,14,0,CARD,0,MEDIUM,111,0
434.1,12,1,WALLET,0,LOW,792,0
243.67,2,0,NETBANKING,0,LOW,465,0
10914.27,14,0,UPI,0,MEDIUM,965,0
884.59,10,1,CARD,0,LOW,997,0
423.35,6,0,CARD,0,LOW,270,0
9591.35,5,0,CARD,0,MEDIUM,902,0
505.58,5,0,NETBANKING,0,LOW,204,0
214.18,14,0,CARD,0,LOW,271,0
1865.94,4,0,NETBANKING,0,LOW,661,0
2479.24,18,1,CARD,0,LOW,162,0
19676.17,19,0,CARD,0,LOW,308,0
824.61,13,1,CARD,0,MEDIUM,187,0
273.61,3,1,UPI,1,HIGH,392,1
828.62,12,0,CARD,0,LOW,989,0
19648.77,17,1,WALLET,0,MEDIUM,347,0
591.93,11,1,UPI,0,MEDIUM,651,0
964.15,7,0,NETBANKING,0,LOW,360,0
15971.25,5,1,UPI,1,LOW,110,1
148.7,5,1,NETBANKING,0,LOW,762,0
823.43,7,0,NETBANKING,1,MEDIUM,755,0
825.08,0,0,NETBANKING,0,LOW,349,0
934.38,18,0,CARD,1,LOW,204,0
16873.18,23,0,UPI,0,LOW,757,0
655.18,8,1,WALLET,0,LOW,157,0
646.41,20,1,WALLET,0,LOW,473,0
15215.63,9,0,CARD,0,MEDIUM,517,0
43071.01,18,1,NETBANKING,0,LOW,813,0
207.42,10,0,WALLET,0,LOW,966,0
19942.03,15,1,WALLET,0,LOW,166,0
176.55,11,0,CARD,0,LOW,939,0
945.22,8,1,WALLET,0,LOW,701,0
7765.89,14,0,UPI,0,LOW,21,0
500.51,1,0,CARD,0,MEDIUM,75,0
729.61,9,0,CARD,0,LOW,383,0
41.14,23,0,CARD,0,LOW,293,0
277.15,20,0,UPI,0,LOW,84,0
11972.16,0,0,CARD,0,LOW,909,0
86.19,4,0,NETBANKING,0,LOW,797,0
689.43,6,0,UPI,0,LOW,707,0
527.11,9,0,WALLET,0,MEDIUM,402,0
8800.23,21,1,WALLET,0,LOW,369,0
6218.88,22,1,NETBANKING,0,MEDIUM,611,0
2670.96,6,0,CARD,0,HIGH,380,0
897.46,0,0,CARD,0,MEDIUM,85,0
669.82,9,0,CARD,1,HIGH,731,1
183.7,9,1,WALLET,0,LOW,513,0
1699.56,14,0,UPI,1,MEDIUM,835,0
17965.95,6,1,UPI,0,LOW,788,0
2110.46,7,1,UPI,0,MEDIUM,625,0
54.72,0,1,CARD,0,LOW,151,0
911.93,13,0,WALLET,0,MEDIUM,232,0
845.31,13,0,NETBANKING,0,LOW,215,0
691.3,15,1,UPI,1,LOW,995,0
123.3,2,1,UPI,0,LOW,212,0
83.18,2,0,UPI,0,LOW,606,0
667.11,3,0,CARD,0,HIGH,174,0
169.62,4,0,WALLET,0,LOW,875,0
439.68,11,0,WALLET,1,MEDIUM,291,0
530.02,8,1,UPI,0,MEDIUM,811,0
3176.1,8,1,WALLET,0,HIGH,334,0
18668.97,13,1,UPI,0,LOW,50,0
779.75,23,1,WALLET,0,LOW,923,0
290.55,13,0,NETBANKING,1,LOW,731,0
496.16,10,0,CARD,0,LOW,700,0
10088.08,17,0,NETBANKING,0,MEDIUM,179,0
461.97,12,1,UPI,1,LOW,509,0
407.02,6,1,NETBANKING,0,HIGH,967,0
231.95,14,0,NETBANKING,0,LOW,445,0
480.08,4,1,WALLET,0,HIGH,395,0
574.5,23,1,CARD,0,MEDIUM,370,0
60196.35,5,0,NETBANKING,0,LOW,123,0
227.2,19,1,CARD,0,MEDIUM,391,0
482.55,17,1,CARD,1,LOW,286,0
3832.79,17,0,NETBANKING,0,LOW,640,0
242.33,23,1,UPI,1,HIGH,298,0
370.16,9,1,UPI,0,MEDIUM,467,0
498.01,6,0,CARD,0,LOW,128,0
6716.87,7,1,CARD,0,LOW,450,0
470.52,16,1,UPI,1,LOW,464,0
973.15,4,1,WALLET,0,LOW,152,0
104.14,18,0,UPI,0,LOW,897,0
249.8,21,0,CARD,0,MEDIUM,303,0
385.99,4,0,NETBANKING,0,LOW,119,0
655.33,20,1,CARD,1,MEDIUM,339,0
270.32,18,0,WALLET,0,LOW,512,0
241.63,16,0,CARD,0,MEDIUM,117,0
130.06,3,0,CARD,0,HIGH,390,0
650.12,13,1,UPI,0,LOW,713,0
16115.58,18,0,UPI,0,MEDIUM,520,0
506.49,3,0,NETBANKING,0,MEDIUM,144,0
12748.99,23,1,CARD,0,MEDIUM,168,0
950.86,8,0,WALLET,0,MEDIUM,585,0
310.75,14,0,CARD,0,LOW,503,0
8820.25,12,0,UPI,1,LOW,249,0
165.17,16,0,NETBANKING,1,HIGH,165,1
499.36,10,0,WALLET,0,MEDIUM,349,0
976.75,20,0,UPI,0,MEDIUM,712,0
948.57,22,0,WALLET,0,LOW,387,0
743.97,4,0,CARD,0,LOW,468,0
1746.9,5,1,NETBANKING,0,HIGH,730,0
154.56,5,1,CARD,1,MEDIUM,495,0
4758.57,3,0,CARD,0,MEDIUM,74,0
737.54,11,1,NETBANKING,0,LOW,549,0
992.23,6,1,WALLET,0,LOW,575,0
860.19,14,1,UPI,1,LOW,348,0
137.57,6,0,NETBANKING,0,MEDIUM,168,0
596.68,5,0,WALLET,0,LOW,268,0
11167.52,8,1,CARD,0,LOW,718,0
835.79,9,0,CARD,0,LOW,281,0
17573.61,12,0,UPI,0,LOW,716,0
346.38,2,1,UPI,0,MEDIUM,694,0
352.02,18,0,WALLET,0,MEDIUM,383,0
111470.04,15,0,UPI,0,LOW,325,0
15963.72,21,1,UPI,0,HIGH,649,0
997.84,15,1,CARD,0,LOW,716,0
432.94,3,1,WALLET,0,MEDIUM,803,0
910.65,15,1,WALLET,0,MEDIUM,332,0
634.08,23,0,NETBANKING,0,LOW,780,0
699.3,12,1,UPI,0,LOW,528,0
758.92,17,0,NETBANKING,0,LOW,347,0
12077.12,18,1,CARD,0,HIGH,241,0
548.24,5,1,UPI,0,LOW,813,0
603.09,4,1,NETBANKING,1,MEDIUM,209,0
186009.22,2,0,WALLET,0,MEDIUM,350,1
829.44,23,0,NETBANKING,0,LOW,636,0
579.34,17,1,CARD,0,LOW,782,0
158.5,15,0,NETBANKING,0,MEDIUM,728,0
731.39,0,1,WALLET,0,MEDIUM,565,0
156.5,13,0,CARD,0,LOW,403,0
695.76,7,1,NETBANKING,0,LOW,513,0
455.29,7,1,UPI,0,LOW,785,0
444.69,6,1,UPI,0,MEDIUM,303,0
260.15,1,0,NETBANKING,0,LOW,818,0
814.77,16,0,NETBANKING,1,MEDIUM,356,0
19947.99,21,1,NETBANKING,0,LOW,298,0
783.1,13,0,NETBANKING,0,MEDIUM,894,0
120.9,6,0,UPI,0,LOW,742,0
20423.23,6,1,UPI,0,MEDIUM,893,0
350.93,18,1,NETBANKING,0,LOW,743,0
16332.25,11,1,WALLET,0,MEDIUM,255,0
22798.14,3,1,NETBANKING,0,LOW,931,0
282.61,16,0,UPI,1,HIGH,959,0
962.5,23,1,NETBANKING,0,LOW,630,0
296.96,9,0,NETBANKING,0,LOW,423,0
2556.45,2,0,CARD,0,LOW,773,0
300.68,6,1,WALLET,0,LOW,677,0
725.23,3,1,WALLET,0,LOW,780,0
32.9,4,0,WALLET,0,LOW,421,0
205.93,8,0,NETBANKING,0,MEDIUM,633,0
7198.78,14,1,CARD,1,LOW,799,0
838.79,17,1,UPI,0,LOW,965,0
336.83,15,0,UPI,0,LOW,755,0
679.72,9,1,UPI,1,LOW,858,0
909.97,21,1,WALLET,0,LOW,988,0
9100.06,13,1,UPI,0,LOW,330,0
783.65,1,1,UPI,1,LOW,86,0
636.4,12,1,UPI,0,LOW,366,0
807.81,10,0,WALLET,0,LOW,600,0
170313.96,17,0,CARD,0,LOW,388,1
10694.16,7,0,UPI,0,LOW,259,0
79.64,3,1,WALLET,1,LOW,587,1
17456.84,16,1,UPI,0,LOW,707,0
852.19,3,0,CARD,0,LOW,577,0
423.61,2,0,UPI,0,LOW,820,0
162139.18,17,0,WALLET,0,LOW,665,0
162.94,8,0,WALLET,0,LOW,785,0
935.69,9,1,CARD,1,LOW,396,0
598.06,2,1,UPI,0,LOW,836,0
16291.06,23,0,WALLET,0,LOW,294,0
774.5,8,0,WALLET,0,LOW,675,0
13818.41,1,0,WALLET,0,MEDIUM,375,0
14666.24,16,1,NETBANKING,0,MEDIUM,978,0
5005.38,10,1,NETBANKING,0,LOW,643,0
12108.61,21,0,NETBANKING,0,LOW,673,0
10981.6,17,1,NETBANKING,0,LOW,881,0
194.15,15,0,WALLET,0,LOW,904,0
818.66,10,1,UPI,1,LOW,228,0
433.0,9,1,CARD,0,LOW,89,0
397.4,15,1,UPI,0,MEDIUM,178,0
555.89,7,0,WALLET,0,LOW,341,0
8215.2,23,1,CARD,1,LOW,142,0
180.43,1,1,NETBANKING,0,LOW,666,0
949.63,7,1,NETBANKING,0,LOW,955,0
713.71,14,0,UPI,0,LOW,227,0
18190.11,11,0,UPI,0,MEDIUM,252,0
50937.17,19,1,NETBANKING,1,MEDIUM,250,1
808.15,22,1,UPI,0,LOW,582,0
513.88,7,0,CARD,0,MEDIUM,551,0
7325.85,4,1,NETBANKING,0,LOW,114,0
5204.31,1,0,WALLET,1,LOW,196,0
255.74,12,1,UPI,0,LOW,304,0
123.31,22,1,WALLET,0,LOW,66,0
519.29,23,1,WALLET,0,LOW,175,0
495.46,23,1,WALLET,0,LOW,227,0
6808.35,18,0,NETBANKING,0,LOW,595,0
10231.01,21,0,NETBANKING,0,MEDIUM,915,0
392.93,12,0,NETBANKING,0,LOW,257,0
691.75,8,0,CARD,0,LOW,707,0
320.93,23,1,UPI,0,LOW,437,0
644.6,15,0,WALLET,0,MEDIUM,267,0
820.49,16,0,NETBANKING,0,LOW,625,0
58.05,3,1,UPI,0,LOW,115,0
398.93,21,1,WALLET,0,LOW,303,0
802.88,20,0,NETBANKING,0,LOW,729,0
284.98,12,0,WALLET,0,HIGH,12,0
911.07,23,1,WALLET,0,LOW,119,0
101.0,14,1,NETBANKING,0,MEDIUM,518,0
456.68,17,1,CARD,0,MEDIUM,188,0
65446.11,15,0,UPI,0,LOW,645,0
143.06,19,0,NETBANKING,0,MEDIUM,264,0
15722.54,20,1,WALLET,0,LOW,543,0
250.29,21,0,NETBANKING,0,LOW,510,0
460.74,1,0,CARD,0,HIGH,605,0
503.13,3,1,UPI,0,HIGH,125,0
11873.2,17,1,CARD,0,MEDIUM,699,0
281.31,19,1,WALLET,0,MEDIUM,604,0
916.48,7,1,UPI,0,MEDIUM,141,0
787.05,10,0,WALLET,0,MEDIUM,280,0
11227.64,13,1,CARD,0,LOW,546,0
140.84,14,1,WALLET,0,LOW,568,0
8365.66,3,0,NETBANKING,0,HIGH,575,0
5617.56,3,0,NETBANKING,0,LOW,587,0
572.56,21,1,CARD,0,LOW,742,0
378.51,12,1,WALLET,0,LOW,694,0
19037.58,23,0,WALLET,1,LOW,314,0
753.79,20,1,WALLET,0,LOW,730,0
10657.89,21,0,WALLET,0,LOW,332,0
285.89,10,0,UPI,0,LOW,946,0
252.43,10,0,NETBANKING,0,LOW,297,0
11610.97,20,1,CARD,0,LOW,892,0
697.14,5,1,NETBANKING,0,LOW,547,0
683.37,20,1,NETBANKING,0,HIGH,465,0
6861.04,6,1,CARD,0,HIGH,826,0
453.33,11,0,NETBANKING,0,LOW,368,0
5544.45,8,0,WALLET,0,LOW,179,0
921.63,1,0,CARD,0,MEDIUM,978,0
537.63,7,1,NETBANKING,0,HIGH,196,0
566.24,4,0,CARD,0,MEDIUM,663,0
16102.08,12,1,WALLET,0,LOW,935,0
485.92,16,1,CARD,1,MEDIUM,9,1
976.38,23,0,WALLET,0,LOW,330,0
567.69,1,0,CARD,0,LOW,449,0
623.27,12,0,NETBANKING,0,LOW,5,0
17653.04,2,0,CARD,1,MEDIUM,654,0
573.79,16,1,UPI,0,LOW,166,0
8306.9,9,0,CARD,0,HIGH,31,0
51471.17,14,0,NETBANKING,0,LOW,118,0
12.7,20,1,UPI,0,LOW,276,0
345.37,23,1,NETBANKING,0,LOW,90,0
559.41,15,0,CARD,0,HIGH,321,0
489.27,0,0,WALLET,0,LOW,736,0
953.76,14,0,NETBANKING,0,LOW,890,0
84.31,0,1,WALLET,0,LOW,34,0
210.71,14,1,NETBANKING,0,MEDIUM,99,0
6828.47,14,1,UPI,0,HIGH,503,0
840.88,18,1,WALLET,0,MEDIUM,621,0
493.81,1,0,WALLET,0,MEDIUM,92,0
111.29,8,1,UPI,0,LOW,23,0
18805.26,18,0,CARD,0,LOW,383,0
604.05,10,0,CARD,0,LOW,696,0
538.71,2,0,WALLET,0,LOW,917,0
62702.9,14,1,CARD,0,LOW,495,0
801.43,21,1,UPI,0,LOW,433,0
224.13,17,1,NETBANKING,0,LOW,691,0
2606.9,10,0,CARD,0,LOW,509,0
213.58,10,1,CARD,0,LOW,159,0
587.87,16,0,WALLET,0,LOW,229,0
747.66,6,0,CARD,0,MEDIUM,91,0
581.33,22,1,CARD,0,HIGH,986,0
669.02,8,1,WALLET,0,MEDIUM,931,0
774.42,14,1,CARD,0,LOW,754,0
129.79,7,0,NETBANKING,1,LOW,603,0
665.87,0,1,NETBANKING,1,HIGH,788,1
2943.49,16,0,UPI,0,LOW,442,0
3549.32,22,1,CARD,0,LOW,257,0
690.0,18,1,UPI,0,MEDIUM,873,0
463.39,18,0,UPI,0,MEDIUM,792,0
474.87,8,0,UPI,0,LOW,456,0
208.65,16,1,WALLET,0,LOW,954,0
986.57,4,0,UPI,0,MEDIUM,769,0
154469.31,1,1,NETBANKING,0,HIGH,422,1
569.64,20,1,CARD,0,MEDIUM,217,0
644.55,3,1,WALLET,0,LOW,740,0
786.2,2,0,UPI,1,HIGH,103,1
563.37,13,0,CARD,0,HIGH,755,0
829.5,9,0,WALLET,0,HIGH,668,0
415.23,1,0,UPI,0,MEDIUM,787,0
704.46,0,1,UPI,0,LOW,538,0
407.43,9,1,UPI,0,LOW,146,0
858.75,7,0,WALLET,0,LOW,872,0
911.77,7,0,UPI,0,LOW,975,0
344.91,9,1,WALLET,0,MEDIUM,854,0
861.06,2,0,WALLET,0,MEDIUM,482,0
521.11,20,0,WALLET,0,LOW,19,0
531.1,4,0,CARD,0,MEDIUM,61,0
178286.92,4,0,UPI,0,LOW,731,1
13537.62,10,1,UPI,0,LOW,951,0
886.59,8,1,WALLET,0,LOW,211,0
183392.7,1,0,WALLET,0,MEDIUM,637,1
333.21,16,0,UPI,1,MEDIUM,907,0
531.37,7,0,CARD,0,LOW,722,0
291.54,21,0,WALLET,0,LOW,37,0
360.0,18,0,NETBANKING,0,LOW,320,0
137.38,19,1,WALLET,0,LOW,71,0
103.79,1,1,WALLET,0,LOW,275,0
344.78,13,0,NETBANKING,0,LOW,10,0
6667.68,8,0,CARD,0,LOW,178,0
694.99,15,0,WALLET,0,MEDIUM,322,0
505.21,13,0,UPI,0,LOW,749,0
393.59,14,1,NETBANKING,0,MEDIUM,284,0
186.49,6,0,NETBANKING,1,LOW,321,0
4755.61,12,0,NETBANKING,0,MEDIUM,547,0
283.8,23,1,WALLET,0,LOW,4,0
444.49,1,0,NETBANKING,0,MEDIUM,291,0
237.07,22,0,WALLET,0,LOW,988,0
16771.99,21,0,WALLET,0,LOW,769,0
2452.28,21,1,UPI,0,MEDIUM,641,0
471.11,19,0,UPI,0,LOW,106,0
274.68,21,1,UPI,0,MEDIUM,676,0
140.21,18,1,NETBANKING,0,MEDIUM,271,0
6929.75,3,1,NETBANKING,0,MEDIUM,306,0
409.67,23,1,UPI,1,LOW,900,0
630.93,0,1,CARD,0,LOW,756,0
128270.73,0,0,NETBANKING,0,LOW,429,1
467.57,0,1,WALLET,0,LOW,686,0
34.7,20,0,CARD,0,LOW,368,0
405.37,12,0,NETBANKING,0,MEDIUM,88,0
70542.54,17,1,UPI,0,LOW,298,0
14933.63,22,0,UPI,0,LOW,146,0
483.98,19,0,NETBANKING,0,LOW,711,0
84112.51,23,1,UPI,0,LOW,128,0
16388.71,11,1,WALLET,1,MEDIUM,289,0
496.48,9,1,CARD,0,MEDIUM,993,0
344.49,0,1,NETBANKING,0,MEDIUM,899,0
51384.46,6,1,CARD,0,HIGH,38,1
19572.56,23,0,CARD,0,LOW,365,0
134.75,7,1,NETBANKING,0,LOW,423,0
213.08,17,1,NETBANKING,0,MEDIUM,415,0
150.34,3,0,NETBANKING,0,MEDIUM,117,0
138682.26,9,0,CARD,0,LOW,104,0
311.23,14,1,CARD,0,MEDIUM,522,0
388.13,4,1,CARD,0,LOW,900,0
4608.28,14,1,UPI,0,LOW,652,0
4001.69,14,0,WALLET,0,MEDIUM,136,0
433.9,5,0,WALLET,0,LOW,313,0
47.01,10,1,NETBANKING,0,LOW,465,0
30.69,20,1,NETBANKING,0,LOW,210,0
22.77,10,0,UPI,0,LOW,795,0
850.72,13,1,NETBANKING,0,LOW,678,0
159.66,21,1,UPI,0,LOW,74,0
667.83,16,1,WALLET,0,HIGH,256,0
314.21,20,0,UPI,0,MEDIUM,151,0
18672.27,7,1,UPI,0,MEDIUM,494,0
141.21,8,1,NETBANKING,1,LOW,179,0
622.22,13,0,CARD,0,LOW,44,0
364.13,5,1,UPI,0,LOW,749,0
336.43,22,1,CARD,0,LOW,678,0
543.03,1,1,WALLET,0,HIGH,274,0
638.97,16,1,CARD,0,LOW,435,0
868.23,1,1,UPI,0,LOW,204,0
18472.11,3,1,CARD,0,HIGH,185,0
628.35,3,1,NETBANKING,1,LOW,357,0
3542.96,3,1,CARD,0,LOW,973,0
3324.61,10,1,WALLET,0,HIGH,243,0
151095.21,9,1,CARD,0,HIGH,927,1
764.61,1,1,WALLET,1,LOW,695,0
404.76,20,0,WALLET,0,MEDIUM,914,0
447.19,19,0,NETBANKING,0,MEDIUM,90,0
266.92,4,0,NETBANKING,0,MEDIUM,19,0
225.86,20,0,CARD,0,HIGH,916,0
586.43,21,1,UPI,0,MEDIUM,634,0
797.26,21,1,WALLET,0,LOW,866,0
898.42,21,1,CARD,0,LOW,328,0
2440.2,8,1,NETBANKING,0,LOW,668,0
838.76,3,0,UPI,0,HIGH,25,1
881.02,9,0,NETBANKING,0,HIGH,353,0
154.08,13,1,WALLET,0,LOW,333,0
15509.64,20,0,NETBANKING,1,MEDIUM,190,0
9880.18,0,0,UPI,1,MEDIUM,687,0
627.0,10,1,WALLET,0,LOW,311,0
260.01,1,0,NETBANKING,0,LOW,223,0
606.47,11,0,CARD,0,LOW,153,0
959.91,4,0,CARD,0,LOW,643,0
27576.43,8,0,UPI,0,MEDIUM,490,0
185141.32,0,1,CARD,0,MEDIUM,484,1
34.65,8,1,UPI,0,MEDIUM,254,0
393.81,11,0,WALLET,0,LOW,308,0
528.81,16,1,NETBANKING,0,MEDIUM,830,0
246.33,23,0,WALLET,0,LOW,207,0
221.56,13,0,UPI,0,LOW,411,0
348.55,14,0,UPI,0,LOW,217,0
8027.27,21,0,WALLET,0,MEDIUM,338,0
9211.83,11,0,UPI,0,LOW,452,0
3722.16,0,0,NETBANKING,1,LOW,125,0
913.85,2,0,NETBANKING,0,LOW,830,0
14063.57,17,1,WALLET,0,MEDIUM,217,0
142297.6,9,1,WALLET,1,MEDIUM,334,1
212.46,19,0,UPI,0,HIGH,926,0
638.17,5,1,WALLET,0,LOW,531,0
792.11,18,1,WALLET,0,MEDIUM,825,0
46.77,20,1,NETBANKING,0,LOW,248,0
5760.32,20,0,NETBANKING,0,MEDIUM,19,0
589.82,18,1,WALLET,1,MEDIUM,53,0
296.56,11,1,NETBANKING,0,LOW,651,0
636.68,17,0,UPI,0,LOW,533,0
236.65,21,0,UPI,0,LOW,68,0
576.41,16,1,NETBANKING,1,HIGH,96,0
576.64,0,0,CARD,0,LOW,284,0
752.4,15,1,UPI,0,LOW,464,0
10005.08,3,1,NETBANKING,0,LOW,750,0
815.93,11,1,NETBANKING,1,MEDIUM,171,0
823.15,12,1,CARD,0,LOW,712,0
12545.09,6,1,NETBANKING,0,MEDIUM,231,0
503.66,15,0,WALLET,0,MEDIUM,231,0
348.48,16,0,WALLET,1,LOW,727,0
989.0,8,0,CARD,0,LOW,503,0
12575.71,9,1,CARD,0,LOW,967,0
96.0,10,1,NETBANKING,0,MEDIUM,781,0
16243.06,21,1,WALLET,0,MEDIUM,804,0
46.92,15,0,NETBANKING,1,LOW,281,0
184.96,23,1,UPI,0,LOW,50,0
12831.11,11,1,CARD,0,MEDIUM,573,0
516.91,6,1,WALLET,0,LOW,628,0
549.02,20,1,UPI,0,LOW,126,0
476.3,12,1,UPI,1,LOW,26,1
913.67,5,1,CARD,1,LOW,481,0
939.33,12,0,WALLET,0,LOW,524,0
559.23,0,1,WALLET,0,MEDIUM,858,0
158.62,2,0,UPI,0,LOW,914,0
363.91,11,1,UPI,0,LOW,763,0
108.96,5,0,NETBANKING,0,MEDIUM,544,0
162.14,23,1,NETBANKING,0,LOW,859,0
7409.01,11,1,CARD,0,LOW,448,0
494.82,5,0,NETBANKING,0,MEDIUM,258,0
26411.23,11,1,WALLET,0,MEDIUM,675,0
435.19,8,1,UPI,0,LOW,342,0
640.41,18,0,CARD,0,LOW,22,0
8125.55,0,1,NETBANKING,0,LOW,857,0
16463.65,8,0,CARD,0,MEDIUM,280,0
266.1,17,0,UPI,0,LOW,565,0
257.14,18,1,UPI,0,HIGH,689,0
4709.77,3,1,NETBANKING,0,LOW,646,0
552.83,12,0,UPI,0,MEDIUM,101,0
843.27,14,1,UPI,0,LOW,671,0
100.3,19,0,CARD,0,MEDIUM,673,0
890.61,11,0,NETBANKING,1,LOW,100,0
6968.16,15,0,WALLET,0,LOW,51,0
399.49,16,1,NETBANKING,0,LOW,603,0
356.32,13,1,UPI,0,HIGH,487,0
751.13,14,0,WALLET,0,LOW,202,0
100.59,19,1,NETBANKING,0,LOW,656,0
8818.23,13,1,CARD,0,LOW,444,0
695.62,14,1,NETBANKING,1,HIGH,21,1
11973.31,5,1,WALLET,0,HIGH,903,0
19234.95,11,0,WALLET,0,HIGH,432,0
217.0,20,0,WALLET,0,LOW,576,0
874.75,6,0,UPI,0,LOW,48,0
192063.81,6,0,UPI,0,MEDIUM,973,0
274.24,13,0,UPI,0,LOW,460,0
10439.54,16,1,CARD,0,LOW,268,0
70045.76,0,0,UPI,0,LOW,968,0
560.48,4,0,NETBANKING,0,LOW,587,0
686.49,3,1,CARD,0,MEDIUM,348,0
2253.76,10,1,UPI,0,HIGH,409,0
17663.7,15,0,WALLET,0,LOW,325,0
507.41,14,0,NETBANKING,0,LOW,405,0
743.39,21,1,NETBANKING,0,LOW,373,0
923.6,14,1,NETBANKING,0,LOW,880,0
16197.72,7,0,WALLET,0,MEDIUM,453,0
156.83,7,0,UPI,0,LOW,187,0
7393.3,17,0,UPI,0,LOW,489,0
99686.87,7,0,CARD,0,LOW,98,0
5812.18,17,0,WALLET,0,LOW,157,0
274.23,23,0,WALLET,0,LOW,970,0
108.68,4,1,UPI,0,LOW,501,0
609.32,22,1,UPI,0,MEDIUM,423,0
67682.4,4,0,CARD,0,MEDIUM,95,1
11929.84,2,0,WALLET,0,LOW,136,0
11560.57,22,1,WALLET,0,HIGH,935,0
807.29,5,0,WALLET,0,MEDIUM,157,0
335.06,21,1,CARD,0,LOW,324,0
500.37,23,0,UPI,0,LOW,118,0
9915.14,20,0,UPI,0,MEDIUM,905,0
430.57,12,0,WALLET,0,MEDIUM,680,0
11236.12,5,0,CARD,0,LOW,89,0
754.92,18,1,NETBANKING,0,LOW,144,0
11460.16,6,0,NETBANKING,0,HIGH,400,0
319.94,10,0,CARD,0,MEDIUM,391,0
644.82,23,1,CARD,0,LOW,318,0
17345.07,20,0,CARD,0,LOW,879,0
10135.71,23,0,NETBANKING,0,MEDIUM,420,0
659.9,12,0,UPI,0,LOW,654,0
34.64,22,1,UPI,0,LOW,615,0
595.91,9,1,WALLET,0,LOW,404,0
891.65,21,1,NETBANKING,0,LOW,65,0
729.41,12,1,NETBANKING,0,LOW,365,0
867.48,17,0,CARD,1,LOW,993,0
108.46,3,1,CARD,0,LOW,118,0
598.23,15,1,CARD,0,MEDIUM,937,0
634.79,7,0,UPI,0,LOW,244,0
343.06,9,0,WALLET,0,MEDIUM,198,0
18438.9,7,0,WALLET,0,LOW,845,0
896.62,14,0,UPI,0,MEDIUM,404,0
10491.35,18,1,CARD,0,MEDIUM,85,0
16170.42,21,1,NETBANKING,0,LOW,438,0
12606.41,20,0,NETBANKING,1,MEDIUM,223,0
130666.38,3,1,NETBANKING,0,MEDIUM,63,1
314.12,6,0,CARD,0,MEDIUM,515,0
191.37,2,1,WALLET,0,LOW,240,0
533.65,9,0,CARD,0,LOW,837,0
211.98,19,0,NETBANKING,0,LOW,882,0
848.71,16,1,NETBANKING,0,LOW,617,0
105.61,11,1,UPI,1,HIGH,620,1
11468.38,21,1,WALLET,0,MEDIUM,164,0
52.4,8,0,CARD,0,MEDIUM,74,0
855.22,13,1,UPI,0,MEDIUM,756,0
615.96,6,0,WALLET,0,LOW,704,0
61.87,15,1,WALLET,0,LOW,260,0
673.01,20,0,NETBANKING,0,LOW,910,0
81.48,9,0,WALLET,0,LOW,654,0
475.09,5,1,CARD,1,MEDIUM,887,0
18879.89,11,0,UPI,0,LOW,542,0
2645.47,19,1,WALLET,1,MEDIUM,56,0
316.86,6,0,NETBANKING,0,HIGH,393,0
636.18,22,1,UPI,0,LOW,148,0
706.22,4,1,NETBANKING,0,LOW,894,0
502.07,17,1,UPI,0,MEDIUM,905,0
147.1,6,1,WALLET,0,LOW,713,0
7742.69,8,0,WALLET,0,LOW,637,0
2513.11,12,0,UPI,0,LOW,550,0
713.5,15,0,WALLET,0,LOW,521,0
675.55,3,1,UPI,0,LOW,7,0
724.15,20,1,WALLET,0,LOW,511,0
1459.77,5,0,UPI,0,MEDIUM,891,0
809.38,19,1,CARD,0,MEDIUM,465,0
858.92,11,0,CARD,0,LOW,455,0
840.52,9,1,WALLET,0,LOW,559,0
74.78,2,1,CARD,0,MEDIUM,453,0
272.63,4,1,CARD,0,LOW,204,0
177.12,12,1,CARD,0,LOW,114,0
896.32,22,1,WALLET,0,MEDIUM,665,0
270.23,9,1,CARD,0,MEDIUM,850,0
534.18,4,1,CARD,0,MEDIUM,870,0
5585.41,15,0,UPI,0,LOW,852,0
473.26,10,1,WALLET,0,LOW,54,0
543.17,21,0,WALLET,0,LOW,413,0
89.3,20,0,UPI,0,MEDIUM,314,0
353.18,2,1,NETBANKING,0,HIGH,479,0
1359.11,5,0,CARD,0,HIGH,57,0
553.9,21,1,NETBANKING,0,MEDIUM,493,0
577.58,21,1,NETBANKING,0,HIGH,929,0
315.46,0,0,UPI,0,LOW,275,0
15387.67,19,0,UPI,0,LOW,207,0
367.12,10,1,NETBANKING,1,LOW,845,0
401.67,20,0,WALLET,0,HIGH,704,0
274.01,2,0,CARD,0,HIGH,604,0
787.38,5,0,UPI,0,LOW,202,0
589.35,22,0,UPI,0,MEDIUM,129,0
453.55,20,1,NETBANKING,0,LOW,974,0
12.41,21,0,WALLET,0,HIGH,975,0
599.12,10,1,UPI,0,LOW,486,0
875.24,13,1,WALLET,0,LOW,123,0
166.21,9,0,UPI,0,LOW,86,0
410.08,13,0,UPI,0,LOW,297,0
156980.78,6,1,UPI,1,LOW,849,1
768.49,3,0,NETBANKING,0,LOW,215,0
631.97,2,0,UPI,0,MEDIUM,999,0
457.95,5,1,WALLET,0,LOW,977,0
15922.96,20,1,CARD,0,LOW,44,0
4623.5,9,0,WALLET,1,LOW,494,0
7452.84,2,1,UPI,0,MEDIUM,294,0
14793.51,1,0,WALLET,0,MEDIUM,839,0
196.34,0,0,WALLET,0,MEDIUM,447,0
9386.6,21,0,UPI,0,HIGH,472,0
30.76,6,1,CARD,0,LOW,880,0
631.35,10,0,NETBANKING,0,LOW,477,0
176861.49,12,1,UPI,0,MEDIUM,637,0
317.16,10,0,NETBANKING,0,MEDIUM,197,0
834.11,3,1,NETBANKING,0,LOW,665,0
903.49,1,1,WALLET,0,MEDIUM,567,0
736.32,6,1,WALLET,1,LOW,285,0
10166.89,11,1,NETBANKING,0,LOW,793,0
483.33,2,1,WALLET,0,LOW,960,0
47.42,3,0,NETBANKING,0,HIGH,854,0
730.87,21,0,WALLET,0,MEDIUM,226,0
281.91,14,1,UPI,0,MEDIUM,204,0
505.02,21,1,UPI,0,HIGH,889,0
975.71,10,1,WALLET,0,MEDIUM,291,0
583.54,8,0,CARD,0,MEDIUM,680,0
696.69,1,0,WALLET,0,LOW,851,0
172.91,13,0,NETBANKING,0,MEDIUM,909,0
664.44,20,0,NETBANKING,0,MEDIUM,10,0
629.02,7,0,CARD,1,LOW,286,0
18046.54,18,1,WALLET,0,HIGH,157,0
191310.16,14,0,WALLET,0,LOW,542,0
770.05,6,1,NETBANKING,0,MEDIUM,355,0
212.12,7,1,NETBANKING,0,MEDIUM,124,0
166519.29,19,1,NETBANKING,0,MEDIUM,56,0
187.5,9,0,NETBANKING,0,LOW,529,0
141.59,1,0,CARD,0,MEDIUM,199,0
714.59,3,1,CARD,0,LOW,40,0
763.59,22,1,NETBANKING,0,LOW,42,0
902.6,6,0,NETBANKING,0,MEDIUM,172,0
439.77,3,0,NETBANKING,0,LOW,469,0
204.62,9,1,CARD,0,LOW,450,0
171.91,11,1,CARD,0,LOW,386,0
537.51,0,1,WALLET,0,LOW,251,0
752.85,20,1,CARD,0,LOW,653,0
432.99,20,1,NETBANKING,0,LOW,46,0
831.74,5,0,CARD,0,MEDIUM,618,0
11967.53,10,0,CARD,0,MEDIUM,18,0
461.61,21,1,UPI,0,MEDIUM,815,0
194904.85,7,0,WALLET,0,MEDIUM,434,0
489.75,16,1,CARD,0,LOW,336,0
869.6,3,0,NETBANKING,0,MEDIUM,880,0
834.08,18,1,NETBANKING,0,MEDIUM,874,0
121.11,7,1,UPI,0,LOW,415,0
686.35,2,0,CARD,0,MEDIUM,888,0
807.62,18,0,CARD,0,MEDIUM,256,0
825.82,14,0,NETBANKING,0,LOW,501,0
883.28,20,0,NETBANKING,0,LOW,28,0
18055.72,22,0,CARD,1,LOW,490,0
460.29,18,0,CARD,0,MEDIUM,567,0
537.57,8,0,CARD,0,LOW,203,0
541.1,13,0,UPI,0,LOW,753,0
551.74,13,1,CARD,0,LOW,835,0
717.23,17,0,UPI,0,MEDIUM,666,0
555.03,8,0,CARD,0,LOW,94,0
358.8,10,1,NETBANKING,0,MEDIUM,846,0
203.02,20,0,UPI,0,LOW,33,0
360.79,7,1,WALLET,0,MEDIUM,416,0
15518.9,14,0,UPI,0,HIGH,39,0
370.31,18,0,WALLET,0,LOW,676,0
2901.17,17,0,CARD,0,HIGH,397,0
699.89,10,1,WALLET,0,LOW,966,0
955.38,21,1,UPI,0,LOW,148,0
72.31,6,1,CARD,0,LOW,806,0
763.73,3,0,UPI,0,LOW,569,0
16048.78,15,0,WALLET,0,LOW,114,0
491.28,21,1,WALLET,0,LOW,265,0
9541.03,14,0,NETBANKING,0,HIGH,41,0
204.84,2,0,CARD,0,LOW,731,0
32.61,12,1,UPI,0,MEDIUM,433,0
22871.96,6,0,WALLET,0,LOW,674,0
7171.52,0,0,UPI,0,HIGH,250,0
2565.98,11,0,UPI,0,LOW,788,0
9118.19,9,0,UPI,0,HIGH,628,0
94.22,19,1,CARD,0,LOW,125,0
172028.75,14,0,NETBANKING,0,LOW,809,0
249.87,9,1,UPI,0,LOW,180,0
174.86,7,1,CARD,1,MEDIUM,924,0
946.2,14,1,UPI,0,MEDIUM,857,0
489.31,7,1,WALLET,0,MEDIUM,129,0
883.08,21,1,NETBANKING,0,LOW,243,0
859.16,10,1,WALLET,0,HIGH,834,0
255.69,19,1,UPI,0,MEDIUM,309,0
152.89,16,1,WALLET,0,LOW,177,0
34953.35,13,0,CARD,0,MEDIUM,768,0
606.08,22,1,CARD,0,MEDIUM,400,0
481.6,12,1,UPI,0,LOW,779,0
8558.81,6,0,WALLET,0,MEDIUM,909,0
123444.01,20,1,CARD,0,MEDIUM,567,0
36.1,12,0,UPI,0,LOW,671,0
880.96,20,1,CARD,1,MEDIUM,264,0
786.5,11,1,UPI,0,MEDIUM,126,0
148.07,17,0,WALLET,0,HIGH,847,0
34.96,10,1,CARD,0,HIGH,890,0
15960.88,6,1,CARD,0,MEDIUM,709,0
744.88,14,0,CARD,0,LOW,842,0
995.37,11,1,CARD,0,MEDIUM,225,0
2492.6,5,1,NETBANKING,1,LOW,634,0
1316.09,22,0,WALLET,0,MEDIUM,842,0
116.9,12,1,WALLET,0,MEDIUM,46,0
6197.7,20,1,NETBANKING,1,LOW,956,0
842.44,16,1,WALLET,0,LOW,370,0
620.73,1,1,NETBANKING,0,LOW,517,0
943.15,14,1,UPI,0,LOW,642,0
14771.02,7,1,CARD,0,LOW,334,0
577.98,10,0,CARD,0,LOW,379,0
727.04,22,0,WALLET,0,LOW,619,0
12478.69,14,0,NETBANKING,0,LOW,257,0
34.64,7,0,WALLET,0,LOW,79,0
13535.39,16,0,WALLET,0,LOW,328,0
535.93,13,0,WALLET,0,LOW,18,0
138.83,6,0,CARD,0,MEDIUM,552,0
184689.25,11,0,WALLET,0,LOW,938,0
7255.35,11,1,CARD,0,LOW,544,0
12.11,10,0,WALLET,0,LOW,756,0
825.32,0,0,UPI,0,LOW,664,0
16142.75,19,0,CARD,0,MEDIUM,950,0
981.95,5,1,NETBANKING,0,MEDIUM,203,0
725.4,6,1,CARD,0,HIGH,358,0
317.56,14,0,NETBANKING,0,LOW,255,0
999.0,10,1,CARD,0,MEDIUM,528,0
197370.65,15,0,WALLET,0,LOW,60,0
465.71,15,1,NETBANKING,0,LOW,121,0
148.37,0,1,NETBANKING,0,LOW,674,0
662.75,14,0,CARD,0,LOW,255,0
4240.93,14,0,NETBANKING,0,LOW,811,0
404.65,2,1,CARD,0,LOW,14,0
541.27,21,0,UPI,0,MEDIUM,249,0
433.82,10,1,WALLET,0,LOW,51,0
914.83,7,1,NETBANKING,0,LOW,871,0
873.89,3,1,NETBANKING,0,MEDIUM,20,0
864.75,17,1,CARD,0,LOW,846,0
168.87,5,1,NETBANKING,0,LOW,971,0
554.63,22,1,WALLET,0,MEDIUM,506,0
163555.0,14,1,UPI,0,LOW,593,0
92.58,19,1,NETBANKING,0,HIGH,116,0
949.59,17,1,CARD,0,LOW,867,0
13208.67,4,0,CARD,0,LOW,535,0
607.19,19,0,UPI,1,MEDIUM,428,0
630.56,8,0,WALLET,0,LOW,478,0
190527.11,14,1,WALLET,0,LOW,212,0
2980.71,21,0,UPI,0,LOW,539,0
175.66,5,0,WALLET,0,LOW,849,0
822.91,12,0,NETBANKING,0,LOW,566,0
60.78,4,0,NETBANKING,0,LOW,899,0
914.59,23,0,UPI,0,MEDIUM,329,0
695.69,22,1,CARD,0,LOW,185,0
135.06,8,1,UPI,0,LOW,455,0
615.42,23,0,NETBANKING,0,LOW,53,0
166.83,2,0,NETBANKING,0,LOW,215,0
354.91,22,0,UPI,0,MEDIUM,696,0
705.95,11,0,UPI,0,MEDIUM,305,0
450.18,4,0,CARD,0,LOW,892,0
12222.28,18,0,WALLET,0,LOW,262,0
829.12,10,0,NETBANKING,0,LOW,835,0
985.16,12,1,CARD,0,MEDIUM,456,0
9033.14,23,1,WALLET,0,LOW,447,0
446.77,20,1,UPI,1,LOW,430,0
122426.6,22,1,CARD,1,LOW,828,1
180830.53,5,1,UPI,0,LOW,140,1
922.12,1,1,NETBANKING,0,LOW,822,0
544.5,17,1,WALLET,0,MEDIUM,306,0
408.1,12,0,CARD,0,LOW,417,0
8678.82,17,0,UPI,0,HIGH,856,0
13811.76,21,0,NETBANKING,0,MEDIUM,659,0
1794.04,3,1,CARD,0,MEDIUM,604,0
35442.67,7,0,UPI,0,LOW,77,0
179.41,2,1,CARD,0,LOW,122,0
115.35,2,1,NETBANKING,0,LOW,622,0
125.84,12,1,CARD,0,MEDIUM,426,0
15862.75,19,1,UPI,0,LOW,910,0
149209.17,13,0,CARD,0,HIGH,801,1
499.31,17,1,CARD,0,LOW,755,0
616.12,20,0,NETBANKING,0,MEDIUM,506,0
116.88,22,1,UPI,0,LOW,152,0
748.88,13,0,UPI,0,MEDIUM,57,0
305.88,15,1,CARD,0,LOW,969,0
106476.24,4,1,NETBANKING,0,MEDIUM,786,1
747.45,13,1,NETBANKING,0,LOW,118,0
52041.06,21,0,NETBANKING,0,MEDIUM,653,0
691.85,0,0,WALLET,0,LOW,818,0
560.16,23,0,CARD,0,HIGH,789,0
675.66,20,0,WALLET,1,MEDIUM,664,0
943.08,16,0,CARD,0,LOW,366,0
49.22,6,1,WALLET,0,MEDIUM,500,0
11282.59,17,1,NETBANKING,0,LOW,341,0
22.53,13,1,UPI,0,LOW,913,0
34822.24,1,0,CARD,0,MEDIUM,844,0
924.67,17,0,UPI,0,LOW,792,0
91.79,10,0,UPI,1,LOW,849,0
80.02,19,1,UPI,0,LOW,989,0
940.92,21,0,UPI,0,HIGH,824,0
10459.81,16,0,NETBANKING,0,MEDIUM,572,0
79672.72,23,1,CARD,0,MEDIUM,7,1
338.5,9,0,UPI,0,LOW,263,0
327.35,21,1,UPI,0,LOW,174,0
6826.06,4,0,WALLET,0,LOW,583,0
444.25,23,0,UPI,0,LOW,679,0
11577.86,4,1,CARD,0,LOW,130,0
262.59,0,1,CARD,0,LOW,542,0
217.43,23,1,NETBANKING,1,LOW,504,0
211.07,16,0,UPI,0,LOW,275,0
517.06,17,0,NETBANKING,1,LOW,890,0
218.62,2,0,UPI,0,MEDIUM,720,0
95.78,13,0,WALLET,0,LOW,789,0
391.02,11,1,WALLET,0,LOW,279,0
236.52,15,1,CARD,0,MEDIUM,748,0
148069.71,10,0,NETBANKING,0,LOW,918,0
11592.28,20,1,UPI,0,MEDIUM,476,0
11623.46,17,0,UPI,0,LOW,755,0
61.05,21,0,WALLET,0,LOW,311,0
896.12,6,1,UPI,0,LOW,719,0
764.05,6,0,NETBANKING,0,LOW,405,0
281.91,10,0,NETBANKING,0,MEDIUM,241,0
401.52,21,1,CARD,0,MEDIUM,507,0
18025.06,6,0,WALLET,0,LOW,273,0
13131.0,20,0,UPI,0,LOW,322,0
683.28,17,0,UPI,0,HIGH,591,0
82.08,6,0,WALLET,0,LOW,851,0
14593.99,15,0,WALLET,0,LOW,306,0
17469.21,6,1,WALLET,0,LOW,869,0
266.45,8,0,WALLET,0,LOW,570,0
700.83,3,0,UPI,0,MEDIUM,739,0
15764.62,11,1,WALLET,0,HIGH,445,0
18788.4,6,0,UPI,0,LOW,84,0
678.38,9,0,WALLET,0,LOW,548,0
758.01,0,1,WALLET,0,MEDIUM,225,0
98.72,17,0,NETBANKING,0,LOW,424,0
148.53,20,1,CARD,0,MEDIUM,697,0
646.72,2,0,CARD,0,MEDIUM,692,0
822.49,18,0,CARD,0,LOW,796,0
192.38,13,0,UPI,0,LOW,989,0
925.76,16,0,CARD,0,MEDIUM,922,0
8170.51,22,0,CARD,1,MEDIUM,57,0
198000.66,6,0,CARD,0,MEDIUM,569,0
2188.56,22,1,UPI,0,MEDIUM,997,0
19341.48,6,1,UPI,0,LOW,790,0
126191.37,7,1,UPI,0,LOW,398,0
912.16,9,0,UPI,0,HIGH,232,0
10918.17,3,1,CARD,0,LOW,274,0
852.56,7,1,WALLET,0,MEDIUM,424,0
670.37,0,1,NETBANKING,0,LOW,281,0
188.4,11,1,NETBANKING,0,LOW,392,0
336.1,20,0,WALLET,0,MEDIUM,587,0
19118.07,7,0,UPI,0,MEDIUM,25,0
141.53,1,1,UPI,0,HIGH,479,0
17310.02,19,1,UPI,0,LOW,450,0
92.31,3,0,UPI,0,LOW,535,0
1805.31,22,0,WALLET,0,MEDIUM,998,0
9708.65,0,0,NETBANKING,0,MEDIUM,216,0
61.03,14,0,NETBANKING,0,LOW,374,0
994.58,11,0,UPI,0,LOW,732,0
435.12,13,1,WALLET,1,LOW,749,0
566.39,13,0,NETBANKING,0,LOW,163,0
158.89,21,1,WALLET,0,LOW,561,0
102509.1,5,0,CARD,0,HIGH,675,1
889.38,16,0,CARD,0,LOW,584,0
742.99,5,1,NETBANKING,0,LOW,106,0
8214.96,4,1,NETBANKING,1,LOW,399,0
19884.87,18,0,CARD,0,LOW,921,0
755.64,5,0,NETBANKING,0,LOW,549,0
945.24,0,1,NETBANKING,0,LOW,124,0
669.83,13,0,CARD,1,LOW,112,0
788.6,22,0,WALLET,1,LOW,574,0
594.44,20,0,UPI,0,MEDIUM,370,0
321.08,19,1,UPI,0,LOW,771,0
861.96,13,0,WALLET,0,MEDIUM,11,0
929.46,8,0,WALLET,0,LOW,222,0
340.53,23,0,UPI,0,MEDIUM,408,0
66.68,3,0,NETBANKING,0,LOW,870,0
7344.01,14,0,CARD,0,LOW,30,0
215.83,3,0,NETBANKING,0,LOW,594,0
737.26,14,0,CARD,0,MEDIUM,988,0
239.02,9,1,WALLET,0,MEDIUM,302,0
324.14,23,0,NETBANKING,0,LOW,125,0
989.97,20,1,CARD,0,HIGH,555,0
14969.71,11,0,UPI,0,LOW,805,0
431.52,12,0,WALLET,0,LOW,660,0
497.7,3,0,CARD,0,LOW,973,0
8059.06,2,1,NETBANKING,0,LOW,494,0
794.81,20,1,WALLET,0,MEDIUM,461,0
6176.91,4,0,WALLET,0,LOW,516,0
733.54,16,1,CARD,0,LOW,616,0
739.05,18,1,WALLET,0,LOW,422,0
195.47,14,0,UPI,0,LOW,22,0
391.06,6,1,WALLET,1,LOW,16,1
662.66,2,0,UPI,0,MEDIUM,429,0
15174.22,21,1,UPI,0,MEDIUM,842,0
592.94,21,0,CARD,0,MEDIUM,196,0
1808.86,1,1,NETBANKING,0,LOW,367,0
155.86,1,0,NETBANKING,0,MEDIUM,744,0
444.9,18,0,WALLET,0,MEDIUM,759,0
432.42,15,1,UPI,1,MEDIUM,608,0
833.37,0,1,UPI,0,MEDIUM,360,0
3876.59,7,1,CARD,0,HIGH,138,0
123601.89,2,0,UPI,1,MEDIUM,447,1
689.2,3,1,UPI,0,LOW,520,0
730.82,17,1,WALLET,0,LOW,313,0
896.93,2,1,CARD,1,HIGH,226,1
783.16,7,0,CARD,0,MEDIUM,229,0
26.79,7,1,CARD,1,LOW,609,0
866.21,4,1,UPI,0,LOW,676,0
687.72,4,0,NETBANKING,0,LOW,554,0
8966.54,10,1,UPI,0,MEDIUM,972,0
825.69,16,1,WALLET,0,HIGH,678,0
701.61,22,0,NETBANKING,0,HIGH,3,0
226.22,2,1,NETBANKING,0,LOW,713,0
282.97,14,1,CARD,0,LOW,641,0
623.22,6,0,WALLET,0,LOW,791,0
130530.67,11,1,CARD,0,LOW,629,0
156.68,1,1,UPI,0,MEDIUM,630,0
631.64,2,0,CARD,0,HIGH,10,1
294.1,2,1,CARD,1,LOW,191,0
902.24,6,1,WALLET,0,HIGH,179,0
401.86,18,0,WALLET,0,LOW,632,0
39.67,20,0,CARD,0,LOW,625,0
199.4,9,0,CARD,0,LOW,105,0
653.37,17,0,NETBANKING,0,MEDIUM,500,0
372.7,1,0,NETBANKING,0,HIGH,539,0
419.68,11,1,UPI,0,LOW,465,0
727.06,4,0,UPI,0,LOW,847,0
457.4,9,0,CARD,0,LOW,626,0
83.89,1,0,WALLET,0,LOW,327,0
542.65,10,1,WALLET,0,HIGH,964,0
12784.75,21,0,WALLET,0,MEDIUM,469,0
1380.53,12,1,WALLET,0,LOW,94,0
187.57,10,1,CARD,0,MEDIUM,111,0
650.75,15,0,CARD,0,LOW,557,0
78.27,23,0,CARD,0,LOW,777,0
999.99,7,0,NETBANKING,0,MEDIUM,719,0
11853.81,1,0,WALLET,0,MEDIUM,591,0
729.19,10,1,NETBANKING,0,LOW,999,0
4029.56,21,1,CARD,0,LOW,641,0
125.18,5,1,CARD,0,MEDIUM,364,0
370.1,18,1,NETBANKING,0,MEDIUM,715,0
589.73,9,1,UPI,0,LOW,847,0
3192.92,7,1,WALLET,0,LOW,518,0
382.25,1,0,CARD,0,LOW,337,0
38.4,5,1,CARD,0,MEDIUM,239,0
973.43,6,0,UPI,0,LOW,859,0
517.9,11,0,UPI,0,LOW,295,0
1053.88,4,0,NETBANKING,0,LOW,888,0
18944.48,19,0,UPI,0,MEDIUM,49,0
477.44,13,1,WALLET,0,MEDIUM,83,0
900.76,20,1,CARD,1,LOW,478,0
14.02,4,1,CARD,0,HIGH,172,0
62.42,16,0,CARD,0,LOW,185,0
884.6,0,0,CARD,0,LOW,708,0
144.26,8,0,CARD,0,LOW,652,0
215.17,8,0,UPI,0,LOW,731,0
61213.7,15,0,CARD,0,LOW,484,0
668.73,13,1,WALLET,0,LOW,461,0
366.45,10,1,NETBANKING,0,MEDIUM,138,0
11591.27,2,0,CARD,0,LOW,516,0
134.76,3,1,NETBANKING,0,MEDIUM,615,0
14059.97,6,0,CARD,1,LOW,931,0
20.74,8,0,CARD,0,LOW,771,0
976.52,5,0,WALLET,0,LOW,221,0
323.57,9,0,UPI,0,LOW,674,0
88492.41,11,0,CARD,0,LOW,284,0
951.85,0,0,CARD,0,LOW,564,0
902.5,13,0,CARD,0,MEDIUM,114,0
59.5,10,1,NETBANKING,0,LOW,732,0
336.33,8,1,UPI,0,MEDIUM,243,0
519.62,22,1,WALLET,0,LOW,800,0
3587.35,21,0,UPI,0,MEDIUM,254,0
400.53,20,1,WALLET,1,MEDIUM,922,0
34.64,2,0,CARD,0,LOW,57,0
16482.98,15,1,UPI,1,MEDIUM,57,0
456.25,20,1,WALLET,0,MEDIUM,438,0
640.5,10,0,CARD,0,LOW,750,0
7506.96,23,0,CARD,1,MEDIUM,433,0
152.37,9,1,NETBANKING,1,LOW,724,0
9539.14,0,1,UPI,0,LOW,640,0
37745.9,10,1,CARD,0,HIGH,904,0
761.57,8,1,WALLET,0,MEDIUM,890,0
239.51,21,0,UPI,0,LOW,604,0
424.13,4,0,WALLET,0,LOW,480,0
7944.81,23,0,NETBANKING,0,LOW,452,0
18991.36,17,1,WALLET,0,LOW,770,0
10478.17,14,0,CARD,0,MEDIUM,718,0
600.29,4,1,CARD,0,LOW,759,0
16080.27,6,1,UPI,0,MEDIUM,980,0
236.25,9,0,CARD,1,LOW,745,0
177553.72,15,1,CARD,0,MEDIUM,665,1
2291.1,5,1,UPI,0,LOW,531,0
417.14,3,0,NETBANKING,0,LOW,451,0
28.02,20,0,UPI,0,LOW,43,0
344.69,6,1,UPI,0,LOW,662,0
51.54,14,0,UPI,0,LOW,681,0
16168.4,12,0,CARD,0,LOW,185,0
32312.48,0,1,NETBANKING,0,LOW,149,0
616.77,13,1,WALLET,0,MEDIUM,684,0
563.84,2,1,CARD,0,MEDIUM,869,0
4664.5,1,0,UPI,0,MEDIUM,864,0
2521.39,14,1,CARD,0,LOW,141,0
545.36,14,1,WALLET,0,MEDIUM,92,0
395.96,9,1,CARD,0,LOW,563,0
14515.45,22,1,UPI,1,LOW,122,0
696.48,20,1,UPI,1,MEDIUM,669,0
651.65,16,0,WALLET,1,HIGH,503,1
155.55,6,1,WALLET,0,MEDIUM,226,0
774.13,4,1,UPI,0,LOW,603,0
148.26,4,1,NETBANKING,0,LOW,501,0
260.93,12,1,WALLET,0,LOW,521,0
500.52,17,1,UPI,0,LOW,332,0
224.17,17,1,UPI,0,MEDIUM,343,0
301.98,7,1,UPI,0,HIGH,862,0
984.02,18,1,NETBANKING,0,LOW,813,0
1427.12,9,0,NETBANKING,0,LOW,546,0
760.5,6,0,WALLET,0,LOW,948,0
279.85,11,0,NETBANKING,1,LOW,701,0
811.72,20,0,NETBANKING,0,LOW,981,0
8274.63,2,0,NETBANKING,0,LOW,492,0
284.05,3,0,NETBANKING,0,MEDIUM,32,0
91.62,23,1,CARD,0,MEDIUM,448,0
485.98,18,0,NETBANKING,1,LOW,416,0
49320.53,20,1,UPI,0,LOW,432,0
2717.06,16,0,CARD,0,LOW,163,0
82.55,17,0,UPI,0,LOW,630,0
357.17,16,0,NETBANKING,0,MEDIUM,208,0
960.22,11,1,UPI,0,MEDIUM,400,0
16323.48,17,0,NETBANKING,0,MEDIUM,583,0
867.54,8,1,CARD,0,HIGH,402,0
668.14,4,1,NETBANKING,0,LOW,60,0
362.05,14,0,CARD,0,HIGH,793,0
280.87,6,1,WALLET,0,MEDIUM,749,0
343.98,5,1,NETBANKING,0,LOW,563,0
657.08,12,0,CARD,0,HIGH,792,0
16983.24,8,1,UPI,0,MEDIUM,889,0
103.8,21,1,WALLET,0,HIGH,935,0
981.46,5,0,NETBANKING,0,LOW,372,0
16669.04,11,1,UPI,0,LOW,624,0
699.55,11,1,NETBANKING,0,LOW,883,0
16352.06,6,0,NETBANKING,0,LOW,310,0
643.05,20,0,UPI,1,MEDIUM,874,0
489.22,14,0,NETBANKING,0,MEDIUM,134,0
547.26,8,0,CARD,0,MEDIUM,490,0
620.45,16,1,NETBANKING,0,LOW,434,0
38.22,15,0,NETBANKING,0,LOW,974,0
561.09,14,1,WALLET,0,MEDIUM,45,0
208.17,15,1,UPI,0,MEDIUM,382,0
503.94,12,1,UPI,0,LOW,857,0
81.97,9,1,NETBANKING,0,LOW,706,0
105.71,0,1,WALLET,0,LOW,597,0
564.95,12,0,CARD,0,MEDIUM,849,0
944.97,10,1,WALLET,0,MEDIUM,110,0
408.04,2,1,WALLET,0,HIGH,67,0
6041.29,3,1,NETBANKING,1,LOW,877,1
851.09,14,0,UPI,0,LOW,669,0
745.43,12,1,NETBANKING,0,LOW,836,0
80782.67,1,0,UPI,0,MEDIUM,884,0
735.72,16,0,WALLET,0,LOW,325,0
18670.71,4,0,CARD,0,HIGH,282,0
4377.11,8,1,NETBANKING,0,MEDIUM,874,0
281.67,16,1,CARD,0,MEDIUM,112,0
945.15,3,1,WALLET,1,LOW,764,0
578.6,7,1,UPI,0,LOW,424,0
659.11,3,0,UPI,0,LOW,938,0
14542.07,22,1,WALLET,0,MEDIUM,471,0
226.26,20,1,NETBANKING,0,HIGH,441,0
807.05,3,1,CARD,0,LOW,63,0
424.05,23,0,UPI,0,LOW,43,0
248.21,3,0,UPI,0,LOW,126,0
622.06,13,0,WALLET,0,MEDIUM,395,0
6213.97,21,0,NETBANKING,0,MEDIUM,67,0
325.94,16,1,UPI,0,MEDIUM,690,0
951.64,14,1,CARD,0,LOW,867,0
8151.57,16,1,WALLET,0,LOW,819,0
388.39,21,0,WALLET,0,LOW,994,0
19573.02,20,1,CARD,1,LOW,130,0
349.4,5,1,CARD,0,MEDIUM,583,0
115.45,5,1,NETBANKING,0,MEDIUM,603,0
8099.96,14,0,CARD,0,HIGH,522,0
313.06,22,0,NETBANKING,1,HIGH,333,0
722.21,12,0,CARD,0,LOW,104,0
13981.51,3,1,UPI,0,LOW,22,0
11442.36,12,0,UPI,0,HIGH,964,0
899.27,9,0,WALLET,0,LOW,15,0
207.31,8,0,UPI,0,MEDIUM,479,0
606.98,6,1,WALLET,0,LOW,69,0
190613.89,22,0,WALLET,0,MEDIUM,865,0
399.61,17,0,UPI,0,LOW,894,0
1547.73,4,1,NETBANKING,0,MEDIUM,569,0
236.25,15,0,UPI,1,LOW,412,0
449.31,14,0,NETBANKING,0,LOW,52,0
559.55,4,0,CARD,0,MEDIUM,328,0
861.97,20,1,NETBANKING,0,MEDIUM,656,0
494.72,4,1,UPI,0,LOW,786,0
958.01,14,1,UPI,0,LOW,785,0
847.35,1,1,UPI,0,MEDIUM,285,0
742.42,9,0,NETBANKING,0,MEDIUM,915,0
639.25,12,0,UPI,0,MEDIUM,672,0
154395.1,17,0,CARD,1,LOW,725,1
876.04,5,1,UPI,0,LOW,250,0
144.41,11,0,WALLET,0,LOW,96,0
94.93,22,1,CARD,0,HIGH,126,0
23.01,18,1,UPI,0,MEDIUM,974,0
816.57,16,0,CARD,0,LOW,570,0
320.16,8,1,CARD,0,MEDIUM,840,0
3916.43,22,1,CARD,0,MEDIUM,775,0
224.29,2,1,WALLET,0,MEDIUM,195,0
167433.68,21,1,UPI,0,LOW,562,0
183337.87,13,0,CARD,0,LOW,184,1
922.23,23,1,UPI,0,LOW,487,0
14079.74,7,1,UPI,0,MEDIUM,535,0
30.89,18,1,CARD,0,HIGH,473,0
18428.16,0,0,WALLET,0,HIGH,678,0
11429.82,17,1,NETBANKING,0,LOW,97,0
858.7,9,0,WALLET,0,LOW,376,0
379.28,21,1,CARD,0,LOW,15,0
426.56,19,1,WALLET,0,LOW,352,0
846.64,14,0,WALLET,0,MEDIUM,983,0
231.85,23,1,WALLET,0,HIGH,363,0
9235.8,11,0,NETBANKING,0,MEDIUM,681,0
386.56,17,0,CARD,0,MEDIUM,167,0
894.05,10,0,UPI,0,LOW,974,0
891.93,20,1,NETBANKING,0,HIGH,890,0
191943.27,19,1,CARD,0,LOW,862,1
716.02,21,0,WALLET,0,MEDIUM,774,0
15885.88,22,1,CARD,0,LOW,673,0
920.49,5,0,WALLET,0,MEDIUM,103,0
951.91,4,0,CARD,0,MEDIUM,34,0
666.83,15,0,UPI,0,LOW,325,0
321.84,12,1,CARD,0,MEDIUM,187,0
269.84,1,1,UPI,0,MEDIUM,29,0
187.31,21,0,NETBANKING,0,MEDIUM,652,0
16957.39,8,1,CARD,0,LOW,293,0
40.42,1,0,WALLET,0,LOW,214,0
754.05,12,0,NETBANKING,1,LOW,639,0
664.8,12,0,CARD,0,MEDIUM,731,0
341.77,21,1,CARD,1,MEDIUM,846,0
7360.22,1,1,NETBANKING,0,MEDIUM,686,0
423.81,6,0,CARD,0,MEDIUM,555,0
12385.34,11,0,UPI,0,MEDIUM,270,0
124.99,18,0,NETBANKING,0,LOW,382,0
13615.43,7,1,NETBANKING,0,LOW,284,0
855.49,8,0,WALLET,0,HIGH,582,0
11230.79,19,0,WALLET,0,LOW,686,0
83595.12,18,1,WALLET,0,MEDIUM,46,0
130588.31,3,1,NETBANKING,1,MEDIUM,219,1
924.22,14,1,UPI,0,MEDIUM,91,0
14521.79,1,0,UPI,0,HIGH,770,0
16875.66,2,1,CARD,1,LOW,683,0
906.59,19,0,NETBANKING,0,LOW,655,0
415.44,10,0,NETBANKING,0,LOW,285,0
286.1,14,0,UPI,0,LOW,644,0
17.85,7,1,UPI,0,LOW,481,0
166186.16,23,1,UPI,0,LOW,475,0
498.15,11,0,NETBANKING,0,MEDIUM,637,0
19871.86,22,0,CARD,1,LOW,41,0
986.49,19,0,WALLET,0,LOW,73,0
3639.25,19,0,CARD,0,MEDIUM,905,0
12740.72,10,0,NETBANKING,0,HIGH,249,0
222.85,22,0,UPI,0,LOW,762,0
643.95,7,0,NETBANKING,0,HIGH,280,0
18801.85,22,0,WALLET,0,HIGH,707,0
491.43,22,1,WALLET,0,LOW,696,0
19125.08,13,1,CARD,0,MEDIUM,245,0
112.29,22,1,WALLET,0,MEDIUM,852,0
743.51,23,0,NETBANKING,0,LOW,229,0
11996.66,14,0,NETBANKING,0,LOW,297,0
712.16,1,1,CARD,0,LOW,434,0
32.28,14,0,UPI,0,LOW,885,0
8243.73,19,1,UPI,0,MEDIUM,371,0
716.56,17,0,CARD,0,MEDIUM,173,0
1037.87,19,1,WALLET,0,LOW,776,0
16.57,21,0,WALLET,0,LOW,43,0
386.81,13,0,NETBANKING,0,LOW,649,0
288.23,4,0,CARD,0,LOW,132,0
138.6,17,1,UPI,0,LOW,784,0
99635.82,12,1,UPI,0,LOW,409,0
335.66,22,1,NETBANKING,0,HIGH,124,0
507.17,5,1,NETBANKING,1,MEDIUM,624,0
1183.32,23,0,CARD,0,HIGH,964,0
12967.91,11,0,CARD,0,LOW,72,0
577.68,13,0,UPI,0,LOW,21,0
27.91,7,1,UPI,0,HIGH,373,0
379.32,3,1,NETBANKING,1,LOW,215,0
10274.4,15,0,UPI,0,MEDIUM,913,0
39.87,0,1,NETBANKING,0,LOW,988,0
936.3,23,1,UPI,0,MEDIUM,478,0
881.83,10,1,CARD,0,LOW,8,0
964.39,13,0,UPI,0,LOW,231,0
28.71,8,1,CARD,0,LOW,91,0
128.38,20,1,CARD,0,LOW,531,0
9656.94,13,0,WALLET,0,LOW,742,0
183.32,19,1,CARD,0,LOW,238,0
406.16,19,0,NETBANKING,0,HIGH,954,0
454.0,19,0,CARD,0,LOW,572,0
167902.39,14,1,CARD,0,LOW,846,1
866.37,15,0,NETBANKING,0,LOW,198,0
895.49,19,0,UPI,0,LOW,584,0
14950.46,4,1,UPI,0,LOW,624,0
637.83,5,0,WALLET,0,LOW,598,0
425.81,3,1,NETBANKING,0,MEDIUM,445,0
973.48,4,0,NETBANKING,0,MEDIUM,432,0
41.2,22,1,CARD,0,LOW,492,0
498.31,8,1,UPI,0,MEDIUM,65,0
111.48,21,1,WALLET,0,LOW,698,0
433.49,22,0,NETBANKING,0,LOW,313,0
908.55,19,0,UPI,0,LOW,868,0
443.08,1,1,CARD,0,LOW,704,0
238.04,8,1,CARD,0,LOW,847,0
15005.19,22,1,WALLET,0,HIGH,992,0
902.63,4,1,UPI,0,MEDIUM,698,0
113.36,13,0,WALLET,0,LOW,501,0
285.41,3,1,NETBANKING,0,LOW,115,0
76.02,7,0,NETBANKING,1,LOW,641,0
19602.51,2,0,CARD,0,MEDIUM,233,0
6404.03,10,0,NETBANKING,0,LOW,586,0
6738.75,4,0,UPI,0,LOW,231,0
8538.66,22,0,NETBANKING,0,LOW,256,0
6422.19,23,0,NETBANKING,0,LOW,860,0
260.03,0,0,WALLET,0,HIGH,964,0
823.72,18,1,NETBANKING,0,LOW,599,0
208.46,3,0,CARD,0,MEDIUM,28,0
17742.68,21,1,WALLET,0,HIGH,765,0
16804.92,7,0,NETBANKING,0,LOW,568,0
799.26,20,0,NETBANKING,1,MEDIUM,413,0
615.88,11,1,NETBANKING,0,LOW,67,0
126.09,1,0,UPI,0,LOW,300,0
668.51,14,1,CARD,0,LOW,680,0
240.13,21,0,UPI,0,MEDIUM,951,0
504.59,19,0,UPI,0,HIGH,136,0
57.28,18,1,UPI,0,LOW,430,0
15544.92,2,1,NETBANKING,0,LOW,133,0
378.22,7,1,NETBANKING,0,LOW,216,0
129.98,6,1,NETBANKING,1,MEDIUM,392,0
376.69,21,1,WALLET,0,LOW,9,0
841.48,14,1,NETBANKING,0,HIGH,503,0
4846.16,4,1,UPI,0,LOW,430,0
41.13,20,0,WALLET,0,LOW,170,0
795.96,14,0,UPI,0,LOW,549,0
13606.52,1,0,CARD,0,LOW,568,0
9368.56,20,1,UPI,1,MEDIUM,320,0
21.39,0,1,WALLET,0,HIGH,310,0
877.79,12,1,NETBANKING,0,MEDIUM,767,0
210.86,18,1,CARD,0,MEDIUM,847,0
533.93,21,0,NETBANKING,1,LOW,20,0
61.5,0,0,UPI,0,LOW,976,0
431.04,12,1,UPI,0,LOW,992,0
12421.43,23,0,WALLET,0,MEDIUM,853,0
699.8,10,0,NETBANKING,1,MEDIUM,24,1
12322.36,11,1,NETBANKING,0,LOW,177,0
344.57,12,1,WALLET,0,LOW,209,0
6598.52,8,0,UPI,0,LOW,757,0
178.34,5,0,NETBANKING,0,MEDIUM,852,0
492.12,17,0,UPI,0,LOW,700,0
78266.74,1,0,WALLET,0,LOW,207,0
12959.97,0,0,WALLET,0,LOW,925,0
62.91,13,1,UPI,0,LOW,27,0
211.34,6,1,UPI,0,MEDIUM,698,0
123.59,16,1,NETBANKING,0,LOW,640,0
541.93,6,0,CARD,0,HIGH,991,0
344.84,4,1,WALLET,0,LOW,740,0
465.8,15,0,NETBANKING,0,LOW,653,0
930.29,0,1,CARD,0,LOW,694,0
160517.0,23,1,NETBANKING,0,MEDIUM,215,0
415.7,19,0,WALLET,0,LOW,81,0
119186.18,0,0,CARD,0,MEDIUM,79,1
397.81,17,0,WALLET,0,LOW,314,0
737.54,20,1,NETBANKING,0,MEDIUM,856,0
323.64,8,1,UPI,0,LOW,994,0
428.72,13,1,NETBANKING,0,LOW,908,0
2844.66,11,1,CARD,1,LOW,255,0
522.4,0,0,UPI,0,LOW,484,0
452.82,17,0,WALLET,0,LOW,543,0
525.08,8,0,CARD,0,LOW,973,0
852.72,16,0,WALLET,0,MEDIUM,695,0
2248.54,5,1,WALLET,0,HIGH,123,0
985.34,22,1,CARD,0,LOW,276,0
532.93,15,0,UPI,0,LOW,540,0
15148.02,14,1,NETBANKING,0,LOW,233,0
80.3,6,0,UPI,0,MEDIUM,651,0
938.62,9,1,NETBANKING,0,MEDIUM,849,0
174012.8,4,1,NETBANKING,0,LOW,551,1
98.42,15,1,NETBANKING,0,LOW,236,0
335.11,13,0,CARD,0,LOW,960,0
579.82,12,1,NETBANKING,0,LOW,220,0
377.76,13,0,NETBANKING,0,LOW,618,0
559.73,0,1,UPI,0,HIGH,209,0
566.73,17,1,CARD,0,MEDIUM,993,0
165.06,5,0,UPI,0,LOW,647,0
976.96,0,1,WALLET,0,MEDIUM,304,0
17948.97,10,0,UPI,0,LOW,726,0
4966.6,0,0,WALLET,0,LOW,443,0
904.27,13,0,WALLET,0,LOW,663,0
429.58,16,1,NETBANKING,0,LOW,911,0
8439.0,2,1,NETBANKING,0,LOW,612,0
198132.12,11,1,NETBANKING,0,MEDIUM,907,0
664.17,8,0,WALLET,0,LOW,478,0
483.53,9,1,UPI,0,LOW,818,0
371.2,19,1,NETBANKING,0,LOW,657,0
553.35,7,0,CARD,0,HIGH,178,0
11914.16,20,1,WALLET,0,LOW,811,0
604.79,14,1,NETBANKING,0,LOW,415,0
496.25,20,0,NETBANKING,1,MEDIUM,600,0
833.31,20,0,UPI,0,MEDIUM,635,0
7317.85,1,1,NETBANKING,0,LOW,798,0
16090.89,9,1,CARD,0,LOW,159,0
854.81,10,0,WALLET,0,LOW,208,0
2082.33,10,0,NETBANKING,0,LOW,355,0
358.23,23,1,CARD,0,HIGH,264,0
43.34,9,0,WALLET,0,LOW,196,0
826.79,7,1,CARD,0,LOW,890,0
144.03,21,0,CARD,0,LOW,760,0
373.55,16,1,NETBANKING,0,HIGH,302,0
16430.9,2,1,UPI,0,MEDIUM,418,0
182.78,13,0,UPI,0,LOW,993,0
909.7,22,1,WALLET,0,LOW,450,0
7028.57,23,1,CARD,0,LOW,438,0
123.04,19,1,NETBANKING,0,LOW,595,0
990.61,0,1,WALLET,0,HIGH,994,0
120.63,12,1,NETBANKING,0,HIGH,299,0
623.37,8,1,WALLET,0,MEDIUM,356,0
547.93,3,0,CARD,0,LOW,622,0
297.49,21,1,NETBANKING,0,LOW,987,0
16319.43,16,1,WALLET,0,LOW,425,0
109.26,10,1,NETBANKING,0,LOW,820,0
304.02,9,1,NETBANKING,0,MEDIUM,438,0
584.52,3,1,CARD,0,LOW,88,0
499.93,13,1,CARD,0,LOW,638,0
607.47,19,1,WALLET,0,LOW,399,0
9371.77,7,0,NETBANKING,0,LOW,101,0
437.61,16,0,WALLET,0,LOW,296,0
789.34,23,0,CARD,0,HIGH,334,0
59.85,18,0,WALLET,0,MEDIUM,131,0
397.08,17,1,CARD,0,MEDIUM,989,0
133.15,2,0,UPI,0,MEDIUM,694,0
873.84,8,0,WALLET,0,MEDIUM,687,0
13103.25,15,1,NETBANKING,0,LOW,352,0
4633.84,3,1,CARD,0,LOW,826,0
336.48,21,1,NETBANKING,0,LOW,96,0
582.19,3,0,NETBANKING,0,HIGH,812,0
143.25,12,0,CARD,0,LOW,161,0
202.16,10,1,UPI,0,LOW,86,0
10516.65,20,1,UPI,0,LOW,599,0
220.24,11,1,UPI,0,MEDIUM,635,0
533.96,11,1,NETBANKING,0,LOW,790,0
665.81,2,0,WALLET,0,MEDIUM,269,0
5638.13,8,1,NETBANKING,0,MEDIUM,92,0
375.02,13,0,UPI,0,LOW,238,0
286.35,5,0,UPI,0,LOW,128,0
652.17,7,1,NETBANKING,0,LOW,160,0
969.74,15,0,CARD,0,LOW,130,0
307.98,8,1,NETBANKING,0,LOW,708,0
833.46,9,0,UPI,0,LOW,786,0
1777.16,13,1,NETBANKING,0,MEDIUM,413,0
443.42,21,1,WALLET,0,LOW,682,0
20.91,9,0,WALLET,1,HIGH,986,0
565.34,11,0,NETBANKING,0,LOW,912,0
461.69,15,0,NETBANKING,0,LOW,565,0
8296.68,8,1,NETBANKING,0,LOW,808,0
870.49,8,0,CARD,0,HIGH,506,0
119.95,11,0,CARD,0,LOW,389,0
28.68,15,1,WALLET,0,LOW,101,0
562.75,20,0,UPI,0,LOW,417,0
653.02,7,0,WALLET,0,LOW,756,0
925.1,12,1,NETBANKING,0,HIGH,363,0
2838.03,6,0,WALLET,0,HIGH,558,0
17768.42,2,1,NETBANKING,0,HIGH,816,0
384.74,15,1,WALLET,0,MEDIUM,56,0
46.32,12,1,WALLET,1,LOW,361,0
501.1,14,1,WALLET,0,LOW,227,0
372.07,6,0,CARD,0,LOW,716,0
491.03,9,0,CARD,0,LOW,621,0
495.4,21,0,CARD,0,HIGH,922,0
15282.51,16,1,UPI,0,MEDIUM,15,0
181.13,9,0,NETBANKING,0,MEDIUM,872,0
7879.27,10,0,NETBANKING,0,LOW,308,0
236.7,14,0,UPI,0,LOW,46,0
80681.0,6,0,CARD,0,LOW,856,0
855.77,5,1,NETBANKING,0,HIGH,760,0
567.17,2,0,CARD,0,LOW,220,0
524.05,10,0,WALLET,0,LOW,576,0
347.19,8,0,UPI,0,HIGH,437,0
19865.93,6,1,CARD,0,LOW,922,0
756.09,1,1,NETBANKING,1,LOW,575,0
7015.55,9,0,UPI,0,LOW,131,0
21698.96,9,1,UPI,0,LOW,531,0
338.46,13,0,WALLET,1,HIGH,802,0
170.72,13,0,WALLET,0,MEDIUM,391,0
5152.15,7,0,NETBANKING,1,HIGH,455,1
483.09,7,1,WALLET,0,MEDIUM,462,0
499.08,11,1,WALLET,0,LOW,627,0
426.9,12,0,NETBANKING,0,LOW,220,0
328.01,16,1,NETBANKING,0,LOW,212,0
14130.92,21,0,CARD,1,LOW,542,0
411.42,19,0,UPI,0,MEDIUM,768,0
426.73,8,0,UPI,0,LOW,332,0
575.53,9,0,UPI,0,LOW,486,0
739.51,18,1,UPI,0,LOW,299,0
79122.3,22,0,UPI,0,LOW,10,0
520.97,20,1,NETBANKING,0,HIGH,424,0
744.53,4,0,CARD,0,LOW,29,0
627.8,23,0,WALLET,0,HIGH,88,0
2208.08,1,0,CARD,0,MEDIUM,496,0
814.9,21,1,WALLET,0,LOW,523,0
699.33,14,1,UPI,0,HIGH,126,0
17811.94,7,0,WALLET,0,HIGH,374,0
13812.56,12,1,UPI,0,LOW,736,0
31.69,21,1,CARD,0,LOW,467,0
410.98,4,0,NETBANKING,0,LOW,254,0
19972.72,0,1,UPI,1,MEDIUM,65,1
834.33,6,1,CARD,0,MEDIUM,794,0
698.1,18,1,CARD,0,MEDIUM,951,0
57.11,8,1,CARD,1,LOW,954,0
475.56,2,0,WALLET,0,LOW,956,0
18033.05,17,0,CARD,0,MEDIUM,910,0
5459.49,9,1,CARD,0,MEDIUM,629,0
167.62,12,1,UPI,0,LOW,459,0
28.04,14,1,UPI,0,MEDIUM,647,0
14598.63,20,0,UPI,0,LOW,35,0
724.01,1,1,WALLET,0,LOW,402,0
18024.88,22,1,CARD,0,LOW,28,0
751.07,20,0,WALLET,1,LOW,121,0
84889.79,16,0,CARD,0,MEDIUM,23,1
864.25,10,1,UPI,0,LOW,528,0
591.79,22,0,WALLET,0,LOW,401,0
430.1,5,0,WALLET,0,MEDIUM,880,0
56.7,7,1,WALLET,0,LOW,91,0
980.32,11,0,NETBANKING,0,MEDIUM,621,0
7996.87,23,1,CARD,0,HIGH,258,0
323.03,6,1,WALLET,0,LOW,88,0
22211.47,23,1,WALLET,0,LOW,220,0
13384.44,20,1,WALLET,0,HIGH,310,0
711.67,16,0,WALLET,0,LOW,242,0
925.27,21,0,NETBANKING,0,LOW,501,0
782.76,0,0,NETBANKING,0,LOW,2,0
5982.88,23,0,NETBANKING,0,LOW,369,0
854.3,15,1,CARD,0,LOW,125,0
17417.46,15,1,NETBANKING,0,LOW,848,0
947.38,0,0,WALLET,0,MEDIUM,487,0
479.02,14,0,CARD,0,LOW,696,0
620.37,7,0,NETBANKING,0,MEDIUM,371,0
1678.72,8,0,UPI,0,LOW,66,0
576.88,23,0,NETBANKING,0,HIGH,917,0
412.55,6,0,NETBANKING,0,MEDIUM,93,0
4871.41,15,0,NETBANKING,0,LOW,336,0
57.71,4,1,NETBANKING,0,HIGH,665,0
165087.94,17,0,UPI,0,MEDIUM,841,0
199222.46,2,0,CARD,0,MEDIUM,412,1
783.11,22,1,WALLET,0,MEDIUM,684,0
4957.47,0,1,NETBANKING,0,HIGH,703,0
263.43,20,1,CARD,0,LOW,132,0
117001.33,21,1,WALLET,0,MEDIUM,625,0
261.03,9,1,NETBANKING,0,MEDIUM,896,0
792.48,1,0,UPI,0,HIGH,829,0
283.86,23,0,WALLET,0,HIGH,682,0
11955.49,18,0,WALLET,0,LOW,542,0
74.9,13,1,UPI,0,LOW,654,0
88.33,15,0,WALLET,0,LOW,996,0
643.85,10,1,CARD,0,LOW,364,0
40.74,6,1,UPI,1,MEDIUM,410,0
195809.72,3,0,WALLET,0,MEDIUM,134,1
8110.9,12,1,WALLET,0,LOW,502,0
517.72,7,1,WALLET,0,MEDIUM,384,0
41.13,22,0,CARD,0,LOW,801,0
845.92,20,1,UPI,0,MEDIUM,145,0
667.15,23,1,WALLET,0,MEDIUM,209,0
107041.54,21,0,UPI,0,LOW,42,0
248.79,2,0,UPI,0,MEDIUM,100,0
696.16,15,1,CARD,0,MEDIUM,625,0
993.07,12,1,CARD,0,LOW,853,0
168.8,22,0,CARD,0,LOW,186,0
624.64,1,0,NETBANKING,0,HIGH,789,0
963.26,4,0,WALLET,0,MEDIUM,375,0
278.15,8,0,WALLET,0,LOW,488,0
771.77,11,1,NETBANKING,0,LOW,637,0
562.79,8,0,NETBANKING,0,MEDIUM,972,0
165201.75,17,1,CARD,0,MEDIUM,522,1
163.59,21,0,UPI,0,LOW,510,0
1601.73,19,1,UPI,0,HIGH,762,0
370.95,19,0,WALLET,0,LOW,482,0
935.3,11,0,NETBANKING,1,LOW,649,0
5020.81,4,0,NETBANKING,0,HIGH,265,0
783.55,14,0,NETBANKING,0,LOW,501,0
6753.38,7,0,NETBANKING,0,HIGH,285,0
210.33,0,1,WALLET,1,LOW,763,0
13025.15,18,0,NETBANKING,0,MEDIUM,403,0
435.89,16,1,CARD,0,LOW,163,0
21.05,16,1,CARD,0,LOW,273,0
166.47,2,0,CARD,0,MEDIUM,745,0
267.51,17,0,WALLET,0,LOW,37,0
725.99,14,1,UPI,0,LOW,504,0
225.04,11,0,WALLET,0,MEDIUM,162,0
18.25,19,1,CARD,1,MEDIUM,187,0
7960.39,11,1,UPI,1,MEDIUM,686,0
320.89,20,0,NETBANKING,0,LOW,120,0
934.74,14,1,UPI,0,MEDIUM,863,0
727.02,21,1,UPI,0,LOW,585,0
470.01,10,0,UPI,0,LOW,377,0
142465.3,7,1,NETBANKING,0,LOW,103,0
19304.4,17,0,CARD,0,LOW,452,0
393.69,1,1,UPI,0,LOW,952,0
458.33,1,0,UPI,1,MEDIUM,343,1
322.51,21,1,NETBANKING,0,MEDIUM,847,0
81.13,1,1,CARD,0,LOW,947,0
16434.48,7,1,NETBANKING,0,MEDIUM,50,0
606.87,6,1,WALLET,0,LOW,667,0
836.15,8,0,CARD,0,LOW,696,0
640.87,6,1,WALLET,1,LOW,961,0
229.53,11,1,WALLET,0,MEDIUM,231,0
12141.3,0,1,UPI,0,LOW,309,0
13207.66,0,0,WALLET,0,LOW,402,0
921.12,4,0,UPI,0,HIGH,155,0
764.54,7,0,NETBANKING,1,LOW,266,0
589.7,6,0,UPI,0,LOW,408,0
12506.47,5,1,UPI,0,MEDIUM,93,0
753.75,18,0,CARD,0,LOW,420,0
8996.41,17,0,WALLET,0,MEDIUM,18,0
280.2,19,1,WALLET,0,MEDIUM,952,0
589.19,20,1,WALLET,0,LOW,63,0
188.89,4,0,UPI,0,LOW,470,0
535.61,20,0,UPI,1,LOW,174,0
23649.63,4,1,WALLET,1,LOW,131,0
54223.95,11,1,CARD,0,LOW,892,0
6773.27,5,1,NETBANKING,0,LOW,245,0
920.75,3,1,CARD,0,LOW,812,0
9511.34,2,1,UPI,0,LOW,169,0
99.88,16,1,WALLET,0,LOW,468,0
999.04,12,0,WALLET,0,MEDIUM,438,0
117.5,5,0,NETBANKING,1,LOW,334,0
11381.73,12,1,NETBANKING,0,LOW,605,0
12472.31,12,0,NETBANKING,0,LOW,472,0
138.24,5,0,WALLET,0,MEDIUM,937,0
683.05,5,1,CARD,1,MEDIUM,64,0
953.44,21,1,UPI,0,LOW,978,0
952.24,3,1,UPI,0,LOW,21,0
503.28,0,1,CARD,1,LOW,575,0
908.87,4,1,NETBANKING,0,MEDIUM,86,0
11355.01,12,0,CARD,0,MEDIUM,597,0
517.7,2,0,CARD,0,MEDIUM,503,0
34956.8,3,1,CARD,0,LOW,445,0
80.68,22,1,CARD,0,MEDIUM,182,0
627.94,23,0,CARD,0,MEDIUM,556,0
159.83,18,0,UPI,0,LOW,467,0
16974.62,16,1,NETBANKING,0,LOW,441,0
17547.57,6,0,NETBANKING,0,LOW,283,0
519.89,17,1,NETBANKING,0,MEDIUM,406,0
232.56,14,0,UPI,0,MEDIUM,33,0
25.23,10,1,CARD,0,LOW,627,0
865.63,13,1,WALLET,0,LOW,286,0
82.96,2,0,NETBANKING,0,MEDIUM,776,0
178.54,0,0,UPI,0,LOW,193,0
236.19,3,0,CARD,1,MEDIUM,995,0
12249.81,4,0,UPI,0,MEDIUM,552,0
421.66,14,0,CARD,1,LOW,951,0
17796.55,9,0,NETBANKING,0,HIGH,87,0
19935.4,6,0,UPI,0,MEDIUM,628,0
751.59,18,0,CARD,0,LOW,544,0
11181.16,17,0,WALLET,0,HIGH,583,0
449.11,21,1,CARD,0,LOW,704,0
475.75,20,1,WALLET,0,LOW,749,0
882.97,4,1,WALLET,0,LOW,27,0
987.05,5,0,UPI,0,MEDIUM,514,0
241.83,1,0,CARD,0,LOW,642,0
728.55,0,1,NETBANKING,0,MEDIUM,670,0
51.05,2,1,CARD,0,HIGH,529,0
788.67,12,1,NETBANKING,0,LOW,959,0
966.11,5,0,CARD,0,LOW,899,0
38441.73,23,0,CARD,0,HIGH,457,0
193.69,16,1,WALLET,0,LOW,59,0
11402.74,17,1,WALLET,0,MEDIUM,815,0
131.18,9,0,NETBANKING,0,LOW,888,0
10859.03,9,0,UPI,0,LOW,713,0
859.94,4,0,NETBANKING,0,LOW,999,0
37.7,11,0,UPI,0,LOW,990,0
465.13,3,1,WALLET,0,MEDIUM,710,0
112907.95,21,1,UPI,0,MEDIUM,735,0
313.68,22,1,CARD,1,HIGH,761,0
818.5,12,0,WALLET,0,MEDIUM,579,0
40.76,2,1,WALLET,1,LOW,927,0
48058.89,13,1,NETBANKING,0,MEDIUM,144,0
11291.57,1,1,UPI,1,HIGH,310,1
629.41,15,0,UPI,0,MEDIUM,104,0
968.6,0,1,CARD,0,LOW,939,0
999.44,3,1,UPI,0,HIGH,855,0
273.63,19,1,CARD,0,LOW,902,0
424.36,9,1,WALLET,0,LOW,670,0
55034.38,19,0,UPI,0,LOW,500,0
96.95,12,1,WALLET,0,LOW,318,0
17697.5,10,1,WALLET,0,MEDIUM,690,0
3218.79,10,1,NETBANKING,0,LOW,643,0
417.92,10,0,WALLET,0,MEDIUM,899,0
568.82,3,1,UPI,0,MEDIUM,817,0
199810.96,8,1,UPI,0,LOW,282,0
176.85,6,0,UPI,0,LOW,794,0
480.01,12,0,UPI,0,MEDIUM,753,0
376.76,13,0,NETBANKING,0,LOW,991,0
94943.57,19,1,NETBANKING,0,LOW,647,0
900.54,15,0,CARD,0,LOW,976,0
80863.97,5,0,NETBANKING,0,LOW,444,0
125.27,13,0,UPI,0,LOW,267,0
14591.27,0,1,WALLET,0,LOW,979,0
391.96,3,1,WALLET,0,LOW,291,0
3846.76,0,1,NETBANKING,1,MEDIUM,347,0
223.91,18,0,CARD,0,LOW,698,0
621.01,16,0,UPI,0,LOW,620,0
230.33,12,1,NETBANKING,0,LOW,478,0
17.43,13,1,UPI,0,LOW,812,0
91.91,22,0,NETBANKING,0,MEDIUM,242,0
171722.34,19,1,WALLET,0,MEDIUM,463,0
7008.08,19,0,UPI,0,LOW,9,0
12426.98,22,0,WALLET,0,LOW,985,0
302.84,11,0,UPI,0,LOW,860,0
93.78,6,0,WALLET,0,HIGH,337,0
814.13,15,0,CARD,0,HIGH,885,0
384.3,15,0,CARD,0,MEDIUM,203,0
697.38,1,1,UPI,0,MEDIUM,396,0
601.25,2,0,NETBANKING,0,LOW,166,0
10250.37,15,0,CARD,0,LOW,527,0
16213.89,11,0,WALLET,0,LOW,191,0
756.69,18,1,NETBANKING,0,MEDIUM,90,0
579.53,7,1,UPI,0,HIGH,711,0
112.86,6,0,NETBANKING,0,LOW,341,0
941.34,17,1,NETBANKING,0,MEDIUM,228,0
1865.63,2,1,UPI,1,MEDIUM,187,0
87.31,0,1,NETBANKING,0,LOW,981,0
6726.74,10,1,CARD,0,HIGH,59,0
137.49,22,0,CARD,0,LOW,524,0
952.16,19,1,NETBANKING,0,LOW,678,0
873.88,1,0,NETBANKING,0,LOW,297,0
401.97,7,0,UPI,0,LOW,509,0
46.25,23,1,CARD,0,LOW,130,0
15296.64,7,1,CARD,0,LOW,784,0
570.97,22,1,NETBANKING,0,MEDIUM,755,0
954.42,11,1,UPI,0,MEDIUM,138,0
13681.41,5,0,UPI,0,LOW,978,0
397.42,3,1,UPI,0,LOW,911,0
855.02,1,1,NETBANKING,0,MEDIUM,992,0
20.3,11,0,NETBANKING,0,HIGH,551,0
579.47,11,0,CARD,0,LOW,248,0
16645.97,17,1,UPI,0,LOW,118,0
888.42,1,1,NETBANKING,1,LOW,851,0
168.3,21,0,WALLET,0,LOW,461,0
197.91,18,1,WALLET,0,LOW,41,0
478.97,9,0,CARD,0,LOW,79,0
383.77,22,1,CARD,0,LOW,25,0
491.38,0,1,CARD,0,LOW,188,0
12911.08,23,0,WALLET,0,LOW,728,0
1932.75,10,1,WALLET,0,MEDIUM,624,0
761.96,14,0,NETBANKING,0,MEDIUM,703,0
688.2,18,1,UPI,0,MEDIUM,985,0
1334.74,19,0,CARD,0,MEDIUM,319,0
378.86,19,0,UPI,0,LOW,652,0
242.09,19,1,CARD,0,HIGH,929,0
445.29,20,0,UPI,1,MEDIUM,209,0
14713.06,19,0,WALLET,0,MEDIUM,634,0
532.32,17,1,WALLET,0,MEDIUM,634,0
123.77,7,0,WALLET,0,MEDIUM,248,0
17540.59,20,1,CARD,1,MEDIUM,567,0
287.47,21,1,CARD,0,HIGH,727,0
16775.11,6,0,UPI,0,MEDIUM,885,0
354.77,0,0,NETBANKING,0,LOW,889,0
361.88,5,0,UPI,0,MEDIUM,210,0
365.28,14,1,UPI,0,LOW,86,0
8732.76,5,0,UPI,0,LOW,555,0
487.92,0,0,UPI,0,HIGH,758,0
632.35,14,0,NETBANKING,0,LOW,381,0
732.19,5,1,WALLET,0,LOW,482,0
402.09,1,1,UPI,0,LOW,590,0
3651.67,1,0,CARD,0,LOW,351,0
33908.27,6,0,WALLET,0,MEDIUM,248,0
531.39,16,0,CARD,0,HIGH,409,0
17830.13,15,1,UPI,1,LOW,880,0
17602.17,5,1,UPI,0,LOW,554,0
12581.34,1,1,CARD,0,LOW,903,0
3706.76,9,0,NETBANKING,0,MEDIUM,383,0
712.67,23,0,UPI,0,MEDIUM,757,0
471.08,7,1,NETBANKING,1,HIGH,994,0
5058.96,5,0,WALLET,0,MEDIUM,762,0
763.06,16,0,NETBANKING,0,LOW,461,0
860.67,4,0,WALLET,0,LOW,28,0
155.13,21,1,WALLET,0,LOW,257,0
27874.65,0,0,NETBANKING,0,LOW,890,0
526.62,16,0,CARD,0,LOW,832,0
165719.06,3,0,CARD,0,LOW,471,1
181280.29,22,0,NETBANKING,0,MEDIUM,78,0
837.22,17,1,UPI,0,HIGH,104,0
16802.26,14,0,WALLET,0,LOW,805,0
226.34,14,0,NETBANKING,0,LOW,122,0
811.61,21,0,WALLET,0,LOW,982,0
297.28,12,0,CARD,0,HIGH,483,0
110.04,15,0,WALLET,0,MEDIUM,366,0
666.2,13,1,UPI,0,MEDIUM,753,0
236.23,17,0,UPI,0,LOW,790,0
14524.43,9,0,CARD,0,MEDIUM,683,0
12856.65,22,1,UPI,0,LOW,810,0
648.71,20,0,CARD,0,LOW,776,0
268.43,8,1,UPI,0,LOW,845,0
534.65,8,0,CARD,0,LOW,514,0
75.13,21,0,UPI,0,LOW,99,0
7699.3,18,1,WALLET,0,MEDIUM,170,0
922.47,15,0,NETBANKING,0,LOW,477,0
15736.97,16,0,NETBANKING,0,MEDIUM,104,0
7752.62,23,1,NETBANKING,1,MEDIUM,946,0
13484.1,3,1,UPI,0,LOW,325,0
344.02,6,0,UPI,1,LOW,795,0
844.22,2,1,WALLET,0,LOW,42,0
960.53,23,1,NETBANKING,0,MEDIUM,829,0
638.26,14,1,NETBANKING,0,LOW,87,0
200.55,16,1,NETBANKING,0,HIGH,422,0
13099.49,5,0,CARD,0,LOW,593,0
613.12,0,0,WALLET,0,LOW,836,0
51666.96,11,1,CARD,0,MEDIUM,354,0
881.11,5,0,NETBANKING,0,LOW,168,0
196194.95,10,0,NETBANKING,0,LOW,869,0
945.81,8,1,CARD,1,LOW,352,0
513.88,2,0,NETBANKING,0,MEDIUM,106,0
926.01,19,0,NETBANKING,0,MEDIUM,440,0
525.67,9,1,NETBANKING,0,LOW,469,0
682.3,17,1,UPI,0,LOW,967,0
33.58,10,0,UPI,0,HIGH,995,0
14053.99,19,0,NETBANKING,0,LOW,534,0
138.05,14,1,CARD,1,MEDIUM,876,0
525.38,20,1,WALLET,0,LOW,565,0
10600.34,17,0,CARD,0,LOW,427,0
504.89,2,1,NETBANKING,0,LOW,197,0
642.66,12,1,WALLET,0,LOW,593,0
253.16,11,1,UPI,0,LOW,543,0
582.67,22,0,UPI,0,LOW,815,0
465.25,6,1,CARD,0,LOW,514,0
291.88,20,1,WALLET,0,MEDIUM,499,0
529.35,10,0,NETBANKING,0,LOW,281,0
76772.91,11,1,WALLET,0,LOW,781,0
334.58,19,0,NETBANKING,0,LOW,770,0
10051.85,9,0,UPI,0,HIGH,114,0
7374.21,4,1,UPI,0,LOW,117,0
839.07,5,0,UPI,0,LOW,916,0
655.36,7,0,WALLET,0,MEDIUM,88,0
160.56,4,0,UPI,0,MEDIUM,589,0
98.67,15,0,UPI,0,MEDIUM,587,0
46.41,20,1,NETBANKING,0,LOW,576,0
23.51,21,0,UPI,0,LOW,1000,0
138910.31,11,1,CARD,0,LOW,825,1
756.06,1,1,WALLET,0,MEDIUM,758,0
365.39,18,1,WALLET,0,LOW,43,0
812.13,14,1,CARD,0,LOW,242,0
13045.77,0,1,CARD,0,LOW,976,0
55.43,23,0,WALLET,0,LOW,546,0
731.14,3,1,NETBANKING,1,LOW,837,0
12877.14,17,0,UPI,0,MEDIUM,803,0
402.05,20,0,CARD,0,LOW,336,0
105421.96,2,0,WALLET,0,LOW,82,1
60.65,20,0,WALLET,1,HIGH,753,0
678.82,22,0,WALLET,0,HIGH,736,0
7179.67,13,1,WALLET,0,LOW,69,0
2780.29,19,0,CARD,0,MEDIUM,133,0
567.22,10,0,UPI,1,LOW,744,0
545.25,4,1,NETBANKING,0,LOW,159,0
376.01,17,0,NETBANKING,0,MEDIUM,887,0
16910.76,21,0,NETBANKING,0,LOW,841,0
166.61,17,0,UPI,0,LOW,205,0
200.52,20,0,NETBANKING,0,LOW,997,0
17010.91,10,1,CARD,0,LOW,858,0
152.27,11,1,UPI,0,MEDIUM,795,0
122.52,9,1,WALLET,1,LOW,676,0
462.65,11,1,NETBANKING,0,MEDIUM,829,0
35.31,21,1,UPI,0,LOW,11,0
520.25,0,1,CARD,0,MEDIUM,932,0
587.32,2,1,UPI,0,LOW,468,0
691.05,11,0,WALLET,0,LOW,826,0
969.81,12,0,WALLET,0,LOW,64,0
301.56,13,1,UPI,0,LOW,685,0
970.69,2,1,NETBANKING,0,MEDIUM,85,0
65012.42,12,1,NETBANKING,0,LOW,833,0
367.55,5,0,CARD,0,LOW,700,0
5919.06,10,1,CARD,0,MEDIUM,476,0
792.68,18,0,NETBANKING,0,LOW,774,0
991.41,18,0,NETBANKING,0,LOW,983,0
332.24,12,0,NETBANKING,0,MEDIUM,366,0
19911.9,3,0,UPI,0,LOW,509,0
402.83,20,1,WALLET,0,LOW,853,0
229.85,9,1,WALLET,0,MEDIUM,456,0
638.19,13,1,NETBANKING,0,MEDIUM,131,0
675.03,22,0,NETBANKING,0,LOW,771,0
80.44,13,1,WALLET,0,LOW,785,0
84.05,10,0,CARD,0,LOW,687,0
9090.14,2,1,WALLET,0,LOW,822,0
160.13,20,0,NETBANKING,0,LOW,275,0
984.6,19,1,UPI,0,MEDIUM,656,0
950.46,7,1,UPI,0,LOW,585,0
99597.82,4,1,UPI,0,LOW,702,0
559.27,9,0,CARD,0,LOW,439,0
31.86,9,1,UPI,0,LOW,748,0
249.37,15,1,NETBANKING,0,MEDIUM,8,0
9411.18,22,0,CARD,1,LOW,486,0
66322.32,12,0,UPI,0,LOW,310,0
10315.29,20,1,CARD,0,MEDIUM,863,0
69.65,10,0,CARD,0,LOW,289,0
484.64,6,0,NETBANKING,0,MEDIUM,934,0
996.65,16,0,NETBANKING,0,MEDIUM,849,0
499.16,2,0,UPI,0,MEDIUM,468,0
442.58,11,0,UPI,0,MEDIUM,540,0
7323.48,23,0,UPI,0,HIGH,1000,0
15638.61,1,0,WALLET,0,MEDIUM,960,0
605.66,17,0,CARD,0,LOW,917,0
558.34,18,1,WALLET,0,HIGH,311,0
526.11,1,0,WALLET,0,LOW,734,0
482.61,10,0,UPI,0,MEDIUM,850,0
830.55,2,1,NETBANKING,0,HIGH,116,0
796.87,15,0,CARD,0,MEDIUM,70,0
778.55,14,1,UPI,0,LOW,333,0
36.98,21,0,NETBANKING,1,LOW,712,0
735.56,23,0,CARD,0,LOW,677,0
208.84,3,1,UPI,0,LOW,114,0
7163.17,17,0,WALLET,0,MEDIUM,241,0
333.1,19,0,CARD,0,MEDIUM,201,0
744.45,5,1,NETBANKING,0,MEDIUM,808,0
360.48,0,1,NETBANKING,0,LOW,755,0
19791.99,10,0,CARD,0,LOW,529,0
885.77,21,0,UPI,0,LOW,266,0
138.98,19,0,CARD,0,LOW,669,0
177299.08,1,0,NETBANKING,0,LOW,367,1
926.51,22,0,WALLET,1,MEDIUM,223,0
5241.51,18,0,WALLET,0,MEDIUM,131,0
212.0,18,1,WALLET,1,LOW,290,0
559.16,16,0,WALLET,0,MEDIUM,39,0
991.79,11,0,WALLET,0,LOW,657,0
11527.54,16,0,WALLET,0,LOW,758,0
311.58,10,0,WALLET,0,LOW,453,0
11444.2,17,1,WALLET,0,HIGH,218,0
836.36,6,1,CARD,0,LOW,348,0
747.74,7,0,WALLET,0,LOW,618,0
850.83,6,0,NETBANKING,0,LOW,977,0
14220.39,6,1,UPI,0,LOW,391,0
602.58,23,0,WALLET,0,LOW,602,0
15124.21,7,1,NETBANKING,0,LOW,120,0
134.52,21,1,WALLET,0,HIGH,879,0
197.82,8,1,WALLET,1,HIGH,41,1
866.79,20,1,NETBANKING,0,LOW,580,0
948.98,21,1,CARD,0,LOW,384,0
311.49,6,0,WALLET,0,HIGH,442,0
154.53,5,1,CARD,0,MEDIUM,618,0
204.48,12,1,CARD,0,HIGH,876,0
989.79,10,1,WALLET,0,HIGH,889,0
509.66,23,1,UPI,0,MEDIUM,798,0
8867.54,4,1,UPI,0,LOW,1,0
427.85,12,1,WALLET,0,HIGH,732,0
10965.39,4,0,UPI,0,LOW,5,0
776.7,7,1,CARD,0,LOW,766,0
232.75,23,0,UPI,1,LOW,432,0
501.44,10,0,UPI,0,MEDIUM,558,0
12310.7,16,1,UPI,0,MEDIUM,63,0
487.53,21,1,WALLET,0,LOW,470,0
515.04,21,0,UPI,0,MEDIUM,179,0
258.58,19,1,UPI,0,LOW,676,0
49346.27,17,1,NETBANKING,0,HIGH,449,0
430.56,7,0,CARD,0,LOW,401,0
510.21,8,1,NETBANKING,1,LOW,502,0
496.62,19,1,WALLET,0,LOW,210,0
243.2,3,1,WALLET,0,LOW,230,0
192031.95,22,1,UPI,0,LOW,812,0
2535.08,6,1,WALLET,0,LOW,850,0
109.86,10,1,CARD,0,LOW,782,0
488.32,15,0,CARD,0,LOW,365,0
876.73,22,1,UPI,0,LOW,647,0
113755.42,19,0,CARD,0,LOW,128,1
134.99,8,0,NETBANKING,0,MEDIUM,492,0
12084.73,5,0,NETBANKING,0,HIGH,931,0
97.3,3,0,WALLET,1,LOW,851,0
175.43,0,1,CARD,0,LOW,404,0
719.15,8,1,WALLET,0,MEDIUM,711,0
16885.07,20,1,CARD,0,HIGH,690,0
8788.57,6,1,CARD,1,HIGH,77,1
2987.51,15,1,NETBANKING,0,LOW,666,0
707.42,0,0,NETBANKING,0,LOW,216,0
779.56,10,1,UPI,0,LOW,782,0
11384.63,7,0,UPI,0,LOW,555,0
125.07,19,1,CARD,0,LOW,507,0
759.29,19,1,CARD,0,LOW,25,0
10555.84,15,0,NETBANKING,0,MEDIUM,988,0
677.31,5,1,NETBANKING,0,MEDIUM,272,0
11720.23,20,1,NETBANKING,0,LOW,328,0
5044.49,16,1,WALLET,0,LOW,671,0
997.62,11,0,CARD,0,LOW,812,0
174.35,16,1,CARD,0,LOW,911,0
754.87,12,0,NETBANKING,1,LOW,417,0
306.67,17,0,CARD,0,LOW,13,0
34.33,23,1,CARD,0,LOW,607,0
964.72,5,1,WALLET,0,LOW,436,0
161857.98,17,0,WALLET,0,MEDIUM,693,0
3553.1,3,1,NETBANKING,0,MEDIUM,524,0
448.81,18,1,CARD,0,LOW,367,0
514.36,4,1,WALLET,0,LOW,445,0
19610.2,2,0,NETBANKING,0,HIGH,390,0
822.9,10,0,NETBANKING,0,HIGH,161,0
9445.43,10,0,WALLET,0,LOW,508,0
107.16,20,1,UPI,0,MEDIUM,750,0
276.44,1,1,WALLET,0,LOW,977,0
797.7,20,1,NETBANKING,0,LOW,205,0
673.31,3,1,UPI,0,LOW,619,0
272.49,1,1,WALLET,1,LOW,373,0
117640.1,12,1,WALLET,0,LOW,268,0
118.13,4,0,UPI,0,LOW,179,0
97.88,1,0,NETBANKING,0,LOW,904,0
88.66,13,1,NETBANKING,0,LOW,714,0
353.67,6,0,NETBANKING,0,MEDIUM,933,0
633.24,15,0,NETBANKING,0,LOW,259,0
17690.94,8,1,WALLET,0,MEDIUM,774,0
4128.24,4,1,NETBANKING,0,HIGH,666,0
640.24,4,0,WALLET,0,LOW,547,0
39.69,14,0,CARD,0,LOW,445,0
894.95,0,0,UPI,0,LOW,366,0
990.7,11,1,UPI,0,LOW,86,0
162.69,14,0,WALLET,0,LOW,336,0
8745.14,18,0,WALLET,0,LOW,77,0
69.41,6,1,UPI,0,LOW,384,0
1791.68,21,0,WALLET,0,MEDIUM,535,0
163291.96,4,1,UPI,1,LOW,554,1
578.98,12,1,NETBANKING,0,LOW,97,0
127.28,0,1,WALLET,0,HIGH,846,0
637.57,20,1,CARD,0,LOW,537,0
309.53,7,1,NETBANKING,0,LOW,117,0
5407.25,10,0,UPI,0,MEDIUM,955,0
495.62,16,0,WALLET,0,LOW,988,0
101.69,16,1,CARD,0,LOW,586,0
650.65,12,0,NETBANKING,0,LOW,391,0
7916.77,16,0,WALLET,0,LOW,574,0
729.96,18,0,WALLET,0,LOW,838,0
196.97,23,1,NETBANKING,0,MEDIUM,803,0
198.72,11,0,CARD,0,LOW,277,0
123903.61,3,0,WALLET,0,MEDIUM,247,1
456.66,15,0,NETBANKING,0,LOW,310,0
486.16,20,1,WALLET,0,HIGH,394,0
14876.53,16,0,NETBANKING,0,LOW,974,0
11670.59,23,0,UPI,0,LOW,248,0
928.85,18,1,WALLET,0,HIGH,227,0
10214.82,16,0,NETBANKING,0,LOW,138,0
703.64,15,0,CARD,0,LOW,973,0
258.61,2,1,CARD,0,MEDIUM,12,0
4823.83,15,1,WALLET,0,MEDIUM,746,0
396.83,12,0,CARD,0,LOW,573,0
14599.09,6,1,NETBANKING,0,LOW,833,0
227.26,8,1,WALLET,0,MEDIUM,126,0
86.23,22,1,UPI,0,MEDIUM,610,0
170.52,4,1,UPI,0,LOW,925,0
354.82,10,1,UPI,0,LOW,359,0
5967.94,15,1,NETBANKING,0,MEDIUM,563,0
19837.7,22,0,WALLET,0,LOW,556,0
53.05,5,0,NETBANKING,0,MEDIUM,278,0
107530.61,1,1,UPI,0,MEDIUM,500,1
16483.11,12,0,UPI,0,MEDIUM,366,0
937.65,3,0,NETBANKING,0,LOW,690,0
689.76,4,1,NETBANKING,0,MEDIUM,165,0
808.32,3,1,UPI,0,MEDIUM,450,0
402.96,13,1,UPI,0,LOW,51,0
691.8,3,1,WALLET,0,LOW,354,0
14235.69,7,0,CARD,0,HIGH,646,0
13634.77,15,1,WALLET,0,MEDIUM,979,0
510.79,3,0,UPI,0,MEDIUM,593,0
381.52,20,1,CARD,0,LOW,938,0
330.04,9,0,WALLET,0,LOW,455,0
17635.0,11,0,CARD,1,MEDIUM,594,0
3301.27,0,0,NETBANKING,1,MEDIUM,922,1
824.21,11,0,NETBANKING,0,LOW,984,0
5263.5,18,0,UPI,0,HIGH,588,0
224.37,2,1,NETBANKING,1,MEDIUM,130,0
935.96,22,1,WALLET,0,LOW,502,0
344.75,1,0,UPI,0,LOW,858,0
963.51,8,0,WALLET,0,LOW,897,0
13771.34,19,0,UPI,0,MEDIUM,131,0
410.4,10,0,WALLET,0,LOW,657,0
12762.53,0,1,NETBANKING,1,LOW,161,0
730.83,12,1,CARD,0,LOW,821,0
4332.48,7,0,NETBANKING,0,LOW,118,0
229.69,17,1,NETBANKING,0,LOW,15,0
8930.98,6,0,NETBANKING,1,LOW,415,0
613.53,23,0,CARD,0,LOW,84,0
951.51,1,1,CARD,0,MEDIUM,185,0
11163.9,15,1,CARD,0,LOW,754,0
776.5,1,0,UPI,0,MEDIUM,634,0
13234.74,23,1,CARD,0,LOW,623,0
945.85,10,1,UPI,0,LOW,132,0
279.59,2,0,NETBANKING,0,LOW,809,0
18497.21,4,1,CARD,1,LOW,197,0
675.34,8,0,CARD,0,HIGH,584,0
467.52,1,1,WALLET,0,MEDIUM,271,0
875.9,10,1,NETBANKING,0,LOW,981,0
618.52,3,1,UPI,0,HIGH,174,0
64.24,21,1,CARD,0,LOW,343,0
3472.54,13,1,UPI,0,HIGH,688,0
13535.16,2,0,WALLET,0,LOW,952,0
100.02,13,0,UPI,0,LOW,524,0
712.88,8,0,NETBANKING,0,LOW,725,0
895.1,23,0,UPI,0,MEDIUM,624,0
2634.35,0,0,CARD,1,LOW,6,1
396.17,22,0,UPI,0,LOW,266,0
868.49,8,0,NETBANKING,0,MEDIUM,169,0
8072.56,20,0,NETBANKING,0,LOW,67,0
10562.75,10,1,CARD,0,LOW,274,0
714.57,18,1,WALLET,0,HIGH,35,0
82.66,19,1,UPI,0,LOW,55,0
271.37,1,0,UPI,1,LOW,2,1
8751.57,13,0,WALLET,0,LOW,354,0
201.18,18,1,WALLET,0,MEDIUM,952,0
800.34,8,1,NETBANKING,0,LOW,805,0
667.93,11,1,UPI,0,LOW,894,0
13050.79,20,0,CARD,0,MEDIUM,512,0
223.52,7,0,UPI,1,MEDIUM,757,0
578.0,14,0,NETBANKING,0,MEDIUM,125,0
625.58,20,0,WALLET,0,MEDIUM,498,0
646.18,22,0,WALLET,0,MEDIUM,528,0
15449.27,9,1,CARD,0,LOW,134,0
171.14,15,1,WALLET,0,LOW,505,0
150.0,15,1,CARD,0,HIGH,588,0
68.27,0,0,WALLET,0,LOW,202,0
283.7,13,1,UPI,0,LOW,917,0
88.2,23,0,WALLET,0,LOW,363,0
629.48,20,0,CARD,1,LOW,428,0
2648.38,12,1,UPI,1,MEDIUM,762,0
833.05,19,0,CARD,0,MEDIUM,781,0
858.2,15,1,CARD,0,MEDIUM,403,0
120.01,22,1,NETBANKING,0,LOW,576,0
908.11,19,0,CARD,0,LOW,177,0
40.6,18,1,NETBANKING,0,LOW,943,0
501.22,5,1,CARD,0,LOW,505,0
10422.68,0,0,CARD,0,LOW,493,0
3933.17,21,1,UPI,0,HIGH,461,0
818.1,16,1,UPI,0,HIGH,700,0
556.14,9,1,NETBANKING,0,LOW,819,0
811.21,2,1,UPI,1,LOW,173,1
44.19,19,0,CARD,0,HIGH,926,0
567.63,15,0,UPI,0,MEDIUM,992,0
7560.95,11,1,CARD,0,MEDIUM,733,0
92.39,5,0,CARD,0,MEDIUM,836,0
933.46,16,1,NETBANKING,0,MEDIUM,697,0
256.87,19,0,CARD,0,LOW,787,0
849.96,14,1,NETBANKING,0,MEDIUM,986,0
65969.26,23,1,WALLET,0,LOW,179,0
824.94,3,1,NETBANKING,0,MEDIUM,341,0
11191.41,12,0,NETBANKING,0,MEDIUM,867,0
256.69,6,0,NETBANKING,0,HIGH,772,0
699.35,13,0,CARD,0,HIGH,129,0
898.82,13,0,CARD,0,LOW,131,0
422.65,11,1,NETBANKING,0,LOW,392,0
603.32,6,1,WALLET,0,LOW,708,0
13769.55,2,1,UPI,0,HIGH,814,0
482.54,14,1,NETBANKING,0,LOW,640,0
42829.92,5,0,UPI,0,LOW,13,0
794.06,17,0,NETBANKING,1,LOW,433,0
683.77,22,1,NETBANKING,0,LOW,515,0
423.71,5,0,WALLET,1,LOW,201,1
19187.65,19,1,WALLET,0,HIGH,222,0
378.15,23,1,UPI,0,LOW,827,0
636.9,19,1,CARD,0,MEDIUM,944,0
316.29,0,0,NETBANKING,0,LOW,325,0
13635.08,21,0,CARD,0,LOW,59,0
9122.86,13,0,CARD,0,LOW,132,0
170996.74,22,0,CARD,0,HIGH,955,1
302.16,23,1,CARD,0,MEDIUM,898,0
125898.73,14,0,NETBANKING,1,MEDIUM,447,1
332.31,14,0,CARD,0,LOW,846,0
394.54,14,1,UPI,0,HIGH,432,0
687.74,19,1,NETBANKING,0,LOW,238,0
856.71,17,1,WALLET,0,LOW,256,0
37.8,17,0,NETBANKING,0,LOW,553,0
685.87,16,1,NETBANKING,0,LOW,453,0
255.6,0,1,NETBANKING,0,LOW,998,0
925.05,2,0,UPI,0,LOW,968,0
99.16,19,1,WALLET,0,LOW,604,0
813.85,17,0,NETBANKING,0,LOW,111,0
35.66,5,0,CARD,0,HIGH,41,0
932.16,16,1,UPI,0,LOW,376,0
328.08,8,0,NETBANKING,0,LOW,941,0
785.28,19,1,WALLET,0,MEDIUM,912,0
40262.54,19,0,WALLET,0,HIGH,942,0
687.97,14,1,CARD,0,LOW,260,0
291.06,12,1,CARD,0,MEDIUM,933,0
18294.47,23,1,WALLET,0,LOW,278,0
221.66,3,1,WALLET,0,MEDIUM,191,0
43.31,16,0,UPI,0,HIGH,379,0
76744.75,0,0,NETBANKING,0,LOW,250,0
52252.89,8,1,CARD,0,LOW,90,0
733.01,6,0,NETBANKING,0,MEDIUM,472,0
14943.33,20,0,WALLET,0,LOW,680,0
396.72,16,1,CARD,0,LOW,758,0
775.57,21,1,UPI,0,MEDIUM,390,0
353.38,0,0,WALLET,0,LOW,86,0
476.05,11,0,UPI,0,LOW,568,0
11769.82,6,0,UPI,0,LOW,545,0
629.35,23,0,WALLET,0,MEDIUM,2,0
444.52,19,0,UPI,0,MEDIUM,953,0
17343.38,1,1,NETBANKING,1,LOW,67,0
391.85,22,1,NETBANKING,0,HIGH,343,0
6487.47,18,1,NETBANKING,0,LOW,31,0
405.51,20,1,WALLET,0,LOW,688,0
138.02,21,1,CARD,0,MEDIUM,771,0
885.47,12,0,CARD,0,MEDIUM,823,0
2797.3,20,1,CARD,0,MEDIUM,456,0
48.32,7,1,WALLET,0,LOW,42,0
255.98,8,0,UPI,0,LOW,717,0
91.84,11,1,UPI,0,HIGH,876,0
785.64,7,1,CARD,0,MEDIUM,518,0
767.04,16,1,NETBANKING,1,LOW,748,0
791.58,14,0,NETBANKING,0,MEDIUM,585,0
770.71,7,1,WALLET,0,MEDIUM,153,0
192308.32,9,0,NETBANKING,0,MEDIUM,11,1
43.29,6,1,WALLET,0,LOW,882,0
399.63,11,0,CARD,0,LOW,61,0
213.94,21,0,WALLET,0,MEDIUM,142,0
736.21,18,1,UPI,1,MEDIUM,627,0
3995.65,20,1,NETBANKING,0,MEDIUM,107,0
984.61,11,0,CARD,0,LOW,914,0
356.81,10,1,CARD,0,MEDIUM,588,0
28.39,23,1,NETBANKING,0,LOW,461,0
350.82,10,0,CARD,0,LOW,883,0
13833.79,1,1,WALLET,0,HIGH,590,0
899.68,15,1,NETBANKING,0,LOW,581,0
806.46,5,1,NETBANKING,0,LOW,475,0
78.6,18,1,UPI,0,MEDIUM,437,0
839.33,11,0,UPI,0,LOW,390,0
809.19,21,0,NETBANKING,0,LOW,902,0
757.43,16,0,UPI,0,MEDIUM,635,0
29690.95,23,1,UPI,0,LOW,582,0
608.47,20,1,NETBANKING,0,HIGH,663,0
289.86,14,1,UPI,0,LOW,948,0
819.4,8,0,CARD,0,MEDIUM,683,0
526.89,5,0,UPI,0,LOW,545,0
12236.98,11,0,NETBANKING,0,LOW,378,0
296.39,2,0,NETBANKING,1,LOW,521,0
388.6,8,0,CARD,0,HIGH,483,0
423.65,10,1,CARD,0,LOW,377,0
6928.68,8,1,NETBANKING,0,LOW,313,0
107.69,7,1,WALLET,0,HIGH,628,0
601.31,19,1,NETBANKING,0,MEDIUM,838,0
549.61,8,1,UPI,0,LOW,643,0
973.78,18,0,UPI,0,LOW,794,0
267.44,17,0,CARD,0,LOW,902,0
110573.76,2,1,CARD,0,LOW,206,1
893.53,6,0,CARD,0,LOW,148,0
791.75,9,1,NETBANKING,1,LOW,206,0
871.76,1,1,WALLET,0,LOW,867,0
874.42,19,1,CARD,0,LOW,936,0
695.66,9,1,UPI,0,LOW,818,0
36071.28,5,1,WALLET,0,LOW,323,0
486.43,0,1,WALLET,0,LOW,64,0
540.88,2,1,NETBANKING,0,LOW,338,0
353.4,21,0,CARD,0,LOW,241,0
16949.05,11,1,CARD,0,MEDIUM,360,0
14409.47,15,1,WALLET,0,LOW,220,0
665.52,1,0,NETBANKING,1,LOW,507,0
105941.74,7,0,NETBANKING,0,LOW,274,0
2767.47,1,0,NETBANKING,0,LOW,961,0
3811.55,17,0,CARD,0,HIGH,837,0
209.45,7,0,CARD,0,LOW,918,0
11078.64,5,0,WALLET,0,HIGH,869,0
876.74,13,1,UPI,0,LOW,818,0
102946.73,2,0,NETBANKING,0,LOW,284,1
265.92,0,1,CARD,0,LOW,446,0
624.77,22,1,NETBANKING,0,LOW,846,0
49.73,12,0,UPI,0,MEDIUM,625,0
477.61,4,1,CARD,0,LOW,71,0
765.64,3,0,UPI,0,LOW,834,0
17390.59,12,1,CARD,0,LOW,785,0
194850.52,20,0,WALLET,0,LOW,957,0
778.83,20,0,WALLET,0,MEDIUM,300,0
326.35,10,0,UPI,0,MEDIUM,453,0
17703.57,7,0,NETBANKING,0,MEDIUM,982,0
510.27,8,1,NETBANKING,0,MEDIUM,364,0
449.92,4,1,WALLET,0,MEDIUM,514,0
637.61,4,1,WALLET,0,LOW,964,0
16416.77,13,1,UPI,0,LOW,59,0
1632.14,16,0,CARD,0,MEDIUM,417,0
72.22,5,1,UPI,0,LOW,579,0
467.19,5,1,UPI,0,MEDIUM,678,0
836.11,21,1,NETBANKING,0,LOW,351,0
7456.62,13,1,WALLET,0,MEDIUM,307,0
84.1,2,0,CARD,0,LOW,930,0
13580.65,18,0,NETBANKING,0,LOW,162,0
2516.43,18,1,WALLET,0,LOW,947,0
2148.94,7,0,NETBANKING,0,LOW,99,0
1218.48,11,0,WALLET,0,LOW,221,0
651.8,9,1,UPI,1,MEDIUM,793,0
13958.43,11,1,UPI,0,LOW,712,0
148221.95,13,0,UPI,0,MEDIUM,156,0
341.13,2,0,NETBANKING,0,LOW,631,0
9778.49,15,1,WALLET,0,MEDIUM,228,0
13765.0,8,0,NETBANKING,0,MEDIUM,925,0
62.88,0,1,WALLET,0,LOW,584,0
456.9,21,1,CARD,0,MEDIUM,304,0
238.18,19,1,NETBANKING,0,LOW,567,0
312.04,14,1,CARD,0,LOW,691,0
122.05,3,1,WALLET,0,MEDIUM,800,0
1393.93,12,1,UPI,0,LOW,273,0
645.73,19,0,WALLET,0,MEDIUM,749,0
839.24,9,0,UPI,0,MEDIUM,378,0
787.78,10,0,NETBANKING,1,LOW,976,0
84.2,23,0,UPI,0,LOW,56,0
84.52,16,0,NETBANKING,0,LOW,296,0
483.27,20,0,UPI,0,MEDIUM,968,0
1403.72,3,1,NETBANKING,0,LOW,708,0
947.53,23,0,WALLET,0,LOW,223,0
978.07,21,0,NETBANKING,0,HIGH,610,0
697.41,11,1,NETBANKING,0,LOW,547,0
158.73,9,0,NETBANKING,0,LOW,302,0
486.42,7,1,WALLET,1,LOW,289,0
9491.98,17,1,CARD,0,LOW,362,0
828.34,17,0,NETBANKING,0,LOW,900,0
477.7,20,1,UPI,0,HIGH,908,0
149.48,19,1,WALLET,1,LOW,607,0
12710.06,13,0,WALLET,0,LOW,416,0
736.25,17,0,CARD,0,HIGH,337,0
788.09,23,1,UPI,0,MEDIUM,69,0
6569.03,22,0,UPI,0,LOW,112,0
60.44,22,0,WALLET,0,MEDIUM,188,0
997.4,5,0,NETBANKING,0,LOW,802,0
14040.32,6,0,CARD,0,LOW,385,0
895.12,17,0,WALLET,0,LOW,996,0
359.0,18,1,NETBANKING,0,MEDIUM,28,0
7298.66,2,1,NETBANKING,0,LOW,219,0
608.6,6,1,CARD,1,LOW,283,0
377.19,6,1,WALLET,0,LOW,823,0
310.65,10,0,WALLET,0,MEDIUM,973,0
99103.99,19,1,CARD,0,LOW,462,0
920.99,17,1,WALLET,0,LOW,880,0
860.89,2,1,NETBANKING,0,LOW,408,0
268.45,18,0,WALLET,0,MEDIUM,919,0
15004.14,7,1,NETBANKING,0,HIGH,178,0
716.75,12,0,UPI,0,LOW,845,0
903.2,5,0,WALLET,0,LOW,336,0
13795.32,3,0,WALLET,0,LOW,186,0
43725.8,4,1,WALLET,1,HIGH,596,1
81.48,5,1,CARD,0,HIGH,225,0
90474.61,14,0,NETBANKING,0,MEDIUM,535,0
665.25,20,1,UPI,1,HIGH,740,0
5559.34,17,1,CARD,0,LOW,528,0
723.29,5,1,CARD,0,MEDIUM,847,0
669.77,11,1,CARD,0,MEDIUM,371,0
196.63,13,0,CARD,0,MEDIUM,336,0
865.67,16,0,NETBANKING,0,LOW,68,0
880.08,21,1,UPI,1,LOW,573,0
582.21,3,0,UPI,0,HIGH,716,0
4160.09,2,1,UPI,0,MEDIUM,448,0
22425.56,4,0,CARD,0,LOW,569,0
530.36,7,0,CARD,0,MEDIUM,621,0
10514.27,11,1,WALLET,0,LOW,689,0
124.42,14,1,NETBANKING,0,LOW,304,0
898.91,16,1,WALLET,0,LOW,694,0
445.46,23,1,CARD,0,HIGH,96,0
447.51,13,1,NETBANKING,0,LOW,479,0
565.45,22,1,NETBANKING,0,LOW,291,0
691.45,7,0,WALLET,0,HIGH,515,0
18326.24,3,1,WALLET,0,MEDIUM,435,0
747.54,17,1,WALLET,0,LOW,225,0
791.13,22,1,NETBANKING,0,MEDIUM,678,0
926.16,4,1,NETBANKING,1,LOW,345,0
478.75,14,1,UPI,0,MEDIUM,253,0
7268.41,16,1,WALLET,0,MEDIUM,263,0
410.15,8,0,CARD,1,LOW,516,0
263.36,4,1,UPI,0,LOW,125,0
5035.86,17,0,UPI,0,LOW,945,0
115.94,19,0,WALLET,0,MEDIUM,437,0
455.11,11,1,WALLET,0,MEDIUM,70,0
318.92,19,1,CARD,0,MEDIUM,299,0
892.5,17,0,NETBANKING,0,MEDIUM,713,0
12890.84,23,1,NETBANKING,0,LOW,972,0
611.89,5,1,CARD,0,MEDIUM,830,0
400.18,4,1,UPI,0,LOW,662,0
12591.65,21,0,NETBANKING,0,LOW,856,0
916.16,19,1,WALLET,1,LOW,659,0
18468.31,18,0,CARD,0,LOW,560,0
7471.91,23,1,WALLET,0,LOW,294,0
16624.38,22,0,WALLET,0,MEDIUM,105,0
906.55,5,1,WALLET,0,MEDIUM,658,0
86.21,21,0,NETBANKING,0,LOW,501,0
774.29,6,0,CARD,0,MEDIUM,114,0
12223.71,12,1,NETBANKING,0,LOW,716,0
973.32,6,0,UPI,0,LOW,341,0
5506.46,9,0,CARD,0,LOW,650,0
941.62,5,0,CARD,0,MEDIUM,693,0
300.56,22,1,NETBANKING,0,LOW,990,0
586.18,16,0,WALLET,0,LOW,857,0
162061.75,13,1,CARD,0,MEDIUM,563,0
7734.25,10,1,UPI,0,MEDIUM,335,0
697.79,2,0,UPI,0,LOW,772,0
635.93,17,0,NETBANKING,0,MEDIUM,992,0
4656.67,17,1,CARD,0,LOW,420,0
833.94,9,0,CARD,0,LOW,334,0
255.87,13,1,CARD,0,MEDIUM,333,0
388.93,6,1,CARD,0,MEDIUM,303,0
589.17,13,0,NETBANKING,0,LOW,19,0
255.62,14,1,CARD,0,HIGH,138,0
44.88,20,1,UPI,0,LOW,433,0
157608.42,5,0,WALLET,1,LOW,128,1
707.0,5,1,WALLET,0,LOW,210,0
892.4,18,0,UPI,0,HIGH,737,0
34.07,14,1,CARD,0,LOW,466,0
600.79,5,1,NETBANKING,0,LOW,814,0
36.24,10,0,NETBANKING,0,MEDIUM,749,0
605.05,15,1,NETBANKING,0,MEDIUM,998,0
795.6,19,0,UPI,0,LOW,646,0
652.37,15,1,NETBANKING,0,LOW,933,0
6819.24,14,0,UPI,0,MEDIUM,608,0
1893.29,19,1,UPI,0,LOW,713,0
110786.03,13,1,UPI,0,LOW,551,0
218.91,23,1,WALLET,0,LOW,156,0
12.16,18,0,WALLET,0,LOW,484,0
397.33,9,0,WALLET,0,LOW,644,0
502.57,3,0,CARD,0,MEDIUM,143,0
13951.13,12,0,WALLET,0,LOW,382,0
630.26,10,1,WALLET,0,MEDIUM,97,0
155.37,1,1,WALLET,0,LOW,904,0
12272.6,13,0,CARD,0,HIGH,894,0
267.83,11,1,NETBANKING,0,LOW,135,0
728.5,10,0,WALLET,0,LOW,386,0
586.61,0,1,UPI,0,LOW,918,0
10172.16,11,1,UPI,0,LOW,869,0
171.03,2,0,NETBANKING,1,LOW,108,0
13086.11,20,0,NETBANKING,0,LOW,803,0
10743.03,20,0,NETBANKING,0,LOW,74,0
556.22,23,0,NETBANKING,0,LOW,603,0
1596.58,12,0,WALLET,1,LOW,567,0
162.31,4,1,UPI,0,LOW,793,0
787.65,5,0,WALLET,0,MEDIUM,904,0
7055.95,13,1,CARD,0,LOW,551,0
8040.6,0,0,WALLET,0,LOW,932,0
441.71,23,1,WALLET,0,LOW,609,0
506.24,18,1,CARD,0,LOW,267,0
19653.82,4,0,NETBANKING,1,LOW,92,0
277.09,19,0,UPI,0,LOW,955,0
35.28,11,1,WALLET,0,LOW,837,0
10942.38,2,1,UPI,0,LOW,893,0
6561.1,19,1,CARD,0,LOW,956,0
3279.68,13,1,NETBANKING,0,MEDIUM,525,0
17076.56,5,1,NETBANKING,0,LOW,841,0
378.34,13,1,NETBANKING,0,LOW,853,0
11766.61,0,1,UPI,1,LOW,581,0
15493.72,10,1,NETBANKING,0,HIGH,771,0
7267.11,0,1,WALLET,0,LOW,852,0
746.64,13,1,NETBANKING,0,LOW,230,0
492.72,8,1,WALLET,0,LOW,302,0
12606.52,12,0,UPI,0,LOW,165,0
979.99,17,0,NETBANKING,0,LOW,92,0
38927.94,0,1,CARD,0,LOW,443,0
205.06,6,1,WALLET,0,LOW,315,0
491.53,9,0,CARD,0,LOW,558,0
738.09,5,0,UPI,0,LOW,114,0
905.04,18,1,UPI,0,LOW,671,0
471.86,18,0,WALLET,0,LOW,106,0
612.49,10,0,WALLET,1,MEDIUM,591,0
14023.01,19,1,NETBANKING,1,LOW,907,0
165.74,3,0,CARD,0,LOW,880,0
882.6,17,1,NETBANKING,0,LOW,755,0
219.51,13,0,UPI,0,LOW,744,0
710.79,5,1,WALLET,0,MEDIUM,998,0
14531.85,13,1,NETBANKING,0,MEDIUM,380,0
18912.09,20,1,CARD,0,LOW,380,0
832.48,8,1,UPI,0,LOW,769,0
522.87,4,1,CARD,0,LOW,313,0
17577.46,13,1,UPI,0,MEDIUM,91,0
557.81,19,0,CARD,0,MEDIUM,124,0
644.19,7,0,CARD,1,MEDIUM,128,0
669.42,8,0,NETBANKING,0,HIGH,128,0
839.5,7,0,UPI,0,LOW,926,0
441.43,10,1,CARD,1,LOW,295,0
435.08,6,1,CARD,0,LOW,299,0
374.17,10,1,CARD,0,LOW,577,0
961.55,22,1,CARD,0,MEDIUM,589,0
3985.5,0,1,WALLET,0,HIGH,631,0
175.56,22,0,WALLET,0,LOW,258,0
13.17,11,0,UPI,0,HIGH,240,0
12288.07,16,0,UPI,0,LOW,389,0
19960.52,21,1,WALLET,0,LOW,379,0
641.64,12,0,CARD,0,HIGH,958,0
151.32,0,0,NETBANKING,0,LOW,914,0
10.4,11,1,WALLET,1,MEDIUM,821,0
732.25,7,1,UPI,0,MEDIUM,893,0
5545.64,19,1,UPI,0,LOW,920,0
937.79,23,1,WALLET,0,LOW,57,0
733.07,23,0,NETBANKING,0,MEDIUM,568,0
161131.05,20,1,WALLET,1,HIGH,483,1
16215.09,12,0,WALLET,0,HIGH,138,0
90.28,19,1,CARD,0,MEDIUM,736,0
56.04,19,0,CARD,0,LOW,187,0
572.77,18,1,CARD,0,MEDIUM,385,0
533.65,16,1,WALLET,0,LOW,822,0
216.81,8,1,CARD,0,LOW,732,0
89.82,9,1,CARD,0,LOW,657,0
234.41,12,0,NETBANKING,0,LOW,901,0
583.35,22,0,CARD,0,LOW,891,0
444.14,15,0,CARD,0,MEDIUM,675,0
986.67,20,0,CARD,0,MEDIUM,238,0
561.62,21,0,NETBANKING,0,MEDIUM,368,0
837.49,17,1,CARD,0,LOW,296,0
13398.41,12,1,NETBANKING,0,LOW,310,0
451.87,15,0,WALLET,0,LOW,796,0
658.93,13,1,UPI,0,LOW,459,0
324.93,8,1,UPI,0,LOW,863,0
31.29,14,0,WALLET,0,LOW,512,0
9127.44,7,1,NETBANKING,0,LOW,256,0
687.63,22,1,WALLET,0,LOW,882,0
868.45,5,0,WALLET,1,LOW,5,1
891.28,1,1,NETBANKING,0,LOW,187,0
689.06,16,1,UPI,0,MEDIUM,112,0
595.06,4,0,WALLET,0,LOW,450,0
2677.62,6,1,CARD,0,LOW,666,0
341.44,19,1,UPI,0,LOW,770,0
35.89,3,1,UPI,0,LOW,810,0
9949.06,3,0,CARD,0,LOW,910,0
2610.79,10,1,CARD,0,LOW,38,0
830.51,22,1,UPI,0,MEDIUM,542,0
192064.85,10,0,WALLET,0,LOW,815,0
578.95,20,1,NETBANKING,0,HIGH,859,0
960.31,21,1,CARD,0,MEDIUM,494,0
172135.17,12,1,WALLET,0,LOW,319,0
474.8,8,1,WALLET,0,MEDIUM,873,0
697.31,20,1,CARD,0,LOW,952,0
494.64,6,1,NETBANKING,1,LOW,483,0
7796.79,7,1,NETBANKING,0,HIGH,745,0
13922.0,3,1,CARD,0,LOW,670,0
658.66,5,1,CARD,0,LOW,291,0
12117.59,8,1,NETBANKING,0,MEDIUM,960,0
5273.46,20,1,NETBANKING,0,MEDIUM,944,0
891.31,9,1,UPI,1,HIGH,209,0
451.25,9,0,CARD,0,HIGH,699,0
590.56,10,0,WALLET,0,MEDIUM,145,0
63.32,23,1,WALLET,0,LOW,739,0
831.66,16,0,CARD,1,HIGH,782,1
828.81,23,0,UPI,0,MEDIUM,456,0
56.58,13,1,UPI,0,HIGH,674,0
623.63,19,0,WALLET,0,MEDIUM,640,0
115.18,6,1,WALLET,0,LOW,754,0
4915.55,12,0,WALLET,0,LOW,142,0
546.96,9,1,UPI,0,LOW,262,0
14.14,4,0,UPI,0,MEDIUM,294,0
97.3,9,1,CARD,0,HIGH,559,0
631.79,12,0,CARD,1,MEDIUM,876,0
10932.87,13,0,CARD,0,LOW,195,0
128460.93,20,1,NETBANKING,0,LOW,330,0
723.21,6,1,UPI,0,LOW,518,0
12683.84,11,0,UPI,0,MEDIUM,998,0
366.8,11,1,NETBANKING,0,LOW,936,0
593.37,14,1,CARD,0,LOW,343,0
416.9,22,1,WALLET,0,LOW,318,0
825.43,15,1,UPI,0,LOW,395,0
16772.29,20,1,NETBANKING,0,LOW,851,0
7837.73,13,0,CARD,0,LOW,360,0
138326.33,0,1,UPI,0,LOW,283,1
9631.83,6,1,NETBANKING,0,LOW,34,0
155332.96,7,1,WALLET,0,LOW,109,0
13623.32,10,1,NETBANKING,0,MEDIUM,632,0
615.8,11,1,NETBANKING,0,LOW,253,0
675.93,19,0,NETBANKING,1,MEDIUM,549,0
178.32,16,1,CARD,0,LOW,174,0
170.5,4,0,WALLET,0,MEDIUM,931,0
487.4,18,1,UPI,0,HIGH,354,0
771.08,14,0,WALLET,0,LOW,292,0
4017.95,7,1,WALLET,0,MEDIUM,621,0
3609.34,23,0,CARD,0,LOW,546,0
19.41,22,0,UPI,1,MEDIUM,90,0
946.67,11,1,NETBANKING,0,LOW,582,0
119.52,15,0,UPI,0,LOW,734,0
989.29,20,1,NETBANKING,0,LOW,170,0
883.3,8,0,WALLET,0,LOW,942,0
576.33,21,1,NETBANKING,0,LOW,806,0
347.11,8,0,UPI,1,LOW,962,0
2252.6,9,0,NETBANKING,0,MEDIUM,385,0
618.94,19,1,UPI,0,LOW,329,0
371.04,22,1,CARD,0,LOW,798,0
7620.7,16,0,WALLET,0,MEDIUM,380,0
516.38,14,0,NETBANKING,0,LOW,442,0
13029.59,15,1,WALLET,0,HIGH,762,0
628.16,14,0,WALLET,0,LOW,745,0
742.95,19,0,WALLET,0,MEDIUM,441,0
298.51,19,1,UPI,0,MEDIUM,781,0
306.85,10,1,CARD,1,LOW,357,0
371.95,4,0,WALLET,0,LOW,141,0
93.48,18,0,WALLET,0,MEDIUM,218,0
1147.96,6,1,WALLET,0,LOW,298,0
12121.5,9,1,UPI,0,LOW,867,0
963.58,10,0,NETBANKING,0,HIGH,617,0
14376.84,22,1,UPI,0,LOW,650,0
2781.96,14,0,NETBANKING,0,LOW,834,0
193.62,5,0,CARD,0,LOW,633,0
15947.67,2,0,NETBANKING,0,MEDIUM,89,0
666.37,12,0,NETBANKING,0,MEDIUM,691,0
464.4,2,1,UPI,1,LOW,15,1
227.42,9,0,UPI,0,LOW,523,0
239.25,17,0,NETBANKING,0,MEDIUM,36,0
743.67,4,1,CARD,0,LOW,555,0
17399.94,5,0,NETBANKING,0,LOW,924,0
663.34,4,1,WALLET,0,LOW,557,0
3331.04,16,1,CARD,0,MEDIUM,412,0
14079.18,9,1,UPI,0,LOW,46,0
528.14,2,0,CARD,0,LOW,515,0
581.77,20,1,NETBANKING,0,MEDIUM,736,0
510.85,7,0,NETBANKING,0,MEDIUM,516,0
910.68,1,1,WALLET,0,MEDIUM,576,0
199.33,21,1,WALLET,0,MEDIUM,631,0
918.54,2,1,CARD,0,LOW,239,0
88.71,13,1,UPI,0,LOW,742,0
505.25,3,0,WALLET,0,LOW,725,0
253.5,13,1,CARD,0,LOW,317,0
534.17,17,1,WALLET,0,LOW,396,0
912.85,4,0,NETBANKING,0,MEDIUM,110,0
510.18,18,0,WALLET,0,MEDIUM,906,0
921.67,20,0,CARD,1,LOW,119,0
864.04,11,0,NETBANKING,0,LOW,428,0
17506.61,15,0,NETBANKING,0,MEDIUM,132,0
121.09,15,1,WALLET,0,LOW,185,0
18996.91,8,1,NETBANKING,0,LOW,522,0
367.54,14,0,NETBANKING,0,MEDIUM,398,0
683.75,7,1,WALLET,0,LOW,867,0
753.39,4,1,CARD,0,LOW,330,0
972.28,20,1,UPI,0,LOW,298,0
729.65,21,0,UPI,0,LOW,258,0
14045.55,6,1,CARD,0,LOW,176,0
2592.07,12,1,CARD,0,LOW,771,0
297.96,4,0,UPI,0,MEDIUM,524,0
14619.37,19,0,CARD,0,MEDIUM,18,0
457.11,19,1,CARD,0,LOW,764,0
647.53,11,1,CARD,0,LOW,771,0
470.6,19,1,WALLET,0,LOW,377,0
186941.01,14,1,UPI,0,LOW,752,0
789.03,23,1,NETBANKING,0,MEDIUM,158,0
1316.49,11,0,UPI,0,LOW,207,0
15496.36,13,0,CARD,0,LOW,95,0
127903.97,8,1,WALLET,0,LOW,918,0
85.83,15,0,CARD,0,MEDIUM,531,0
3105.44,1,1,CARD,1,MEDIUM,34,0
5573.77,10,0,NETBANKING,0,MEDIUM,490,0
636.57,5,1,CARD,0,MEDIUM,830,0
5500.0,14,1,UPI,0,LOW,564,0
906.71,5,0,UPI,0,MEDIUM,156,0
974.81,6,0,UPI,0,MEDIUM,252,0
948.84,11,1,NETBANKING,0,MEDIUM,700,0
513.03,3,0,UPI,0,LOW,9,0
9487.95,13,1,UPI,0,LOW,100,0
542.23,7,1,NETBANKING,0,HIGH,378,0
234.85,14,0,UPI,0,LOW,895,0
433.07,18,1,NETBANKING,0,LOW,792,0
242.15,5,0,CARD,0,MEDIUM,729,0
796.39,21,1,WALLET,0,LOW,841,0
18830.57,14,0,UPI,0,LOW,487,0
403.01,8,0,WALLET,0,MEDIUM,175,0
14168.7,19,0,NETBANKING,0,MEDIUM,97,0
796.87,10,1,CARD,0,MEDIUM,354,0
409.25,21,0,UPI,0,LOW,995,0
367.53,2,1,NETBANKING,0,LOW,985,0
270.98,3,1,NETBANKING,0,HIGH,345,0
60.83,9,1,CARD,0,LOW,393,0
136394.59,4,0,UPI,1,MEDIUM,396,1
9860.87,21,0,NETBANKING,0,LOW,1000,0
317.27,7,0,NETBANKING,0,MEDIUM,691,0
3897.92,3,0,WALLET,0,LOW,650,0
741.35,1,1,CARD,1,MEDIUM,976,0
399.99,5,1,CARD,0,MEDIUM,304,0
169.1,22,1,WALLET,0,LOW,428,0
547.35,10,0,WALLET,0,LOW,742,0
479.29,20,0,UPI,0,LOW,725,0
279.05,12,1,NETBANKING,0,LOW,572,0
122.0,9,1,NETBANKING,0,LOW,724,0
154.06,15,0,CARD,0,LOW,955,0
106559.66,18,1,NETBANKING,1,LOW,250,1
600.18,14,0,WALLET,1,LOW,548,0
572.97,22,0,NETBANKING,0,LOW,620,0
986.64,22,0,WALLET,0,LOW,322,0
41888.47,6,0,UPI,1,MEDIUM,127,0
18715.46,9,0,WALLET,0,MEDIUM,212,0
130.57,3,0,CARD,0,MEDIUM,664,0
986.68,7,0,UPI,0,LOW,777,0
241.42,3,0,CARD,0,LOW,823,0
655.73,5,1,WALLET,0,LOW,627,0
195648.09,10,0,UPI,0,LOW,890,0
346.37,9,1,CARD,0,LOW,100,0
414.65,21,0,NETBANKING,0,LOW,11,0
638.75,9,0,CARD,1,LOW,597,0
894.61,20,1,WALLET,0,LOW,913,0
861.28,2,1,UPI,0,MEDIUM,542,0
66.65,8,1,UPI,0,LOW,323,0
541.71,7,0,WALLET,0,MEDIUM,446,0
519.75,19,1,WALLET,1,LOW,125,0
485.62,10,0,NETBANKING,0,LOW,120,0
165854.99,22,1,UPI,0,LOW,336,0
377.25,14,0,CARD,0,LOW,666,0
889.49,7,1,WALLET,1,LOW,95,0
12496.78,18,1,WALLET,1,LOW,767,0
367.21,8,0,NETBANKING,1,MEDIUM,903,0
16410.68,20,0,NETBANKING,0,MEDIUM,990,0
10654.11,19,0,UPI,0,MEDIUM,60,0
12465.83,0,1,UPI,0,HIGH,546,0
538.64,13,0,WALLET,0,HIGH,879,0
196228.23,12,0,NETBANKING,0,LOW,189,0
68879.79,17,1,CARD,0,MEDIUM,802,0
193.43,17,0,WALLET,0,MEDIUM,279,0
939.91,16,1,UPI,0,LOW,382,0
33790.37,16,1,WALLET,0,MEDIUM,508,0
283.81,6,0,CARD,0,LOW,772,0
17379.53,7,1,NETBANKING,0,MEDIUM,216,0
185.29,12,0,NETBANKING,0,LOW,160,0
16709.53,4,0,CARD,0,MEDIUM,983,0
286.46,20,1,CARD,0,MEDIUM,149,0
631.66,23,0,NETBANKING,0,HIGH,144,0
744.0,7,1,WALLET,0,MEDIUM,853,0
908.48,16,0,WALLET,0,LOW,922,0
8919.67,8,1,CARD,0,LOW,755,0
13982.29,5,1,CARD,0,LOW,281,0
949.78,19,1,UPI,0,LOW,153,0
8686.3,1,0,WALLET,0,HIGH,795,0
373.71,11,0,WALLET,1,LOW,574,0
935.18,8,0,UPI,0,LOW,809,0
438.43,20,1,WALLET,1,LOW,899,0
12278.79,3,1,UPI,0,LOW,920,0
512.52,0,0,NETBANKING,0,LOW,388,0
200.6,8,1,UPI,0,LOW,237,0
55.47,12,1,WALLET,0,HIGH,578,0
247.28,12,0,CARD,0,MEDIUM,495,0
364.03,0,0,CARD,0,HIGH,678,0
176.58,12,0,NETBANKING,0,LOW,680,0
870.12,22,0,NETBANKING,1,LOW,67,0
14573.25,5,0,WALLET,0,MEDIUM,861,0
217.74,2,1,UPI,1,MEDIUM,776,0
258.37,4,0,UPI,0,LOW,725,0
10112.25,5,1,NETBANKING,0,LOW,55,0
18092.5,5,1,CARD,0,LOW,133,0
522.57,20,0,UPI,0,MEDIUM,9,0
302.8,5,1,UPI,0,MEDIUM,567,0
56.03,7,1,UPI,0,LOW,233,0
621.41,10,0,NETBANKING,0,MEDIUM,824,0
125.9,21,1,CARD,0,MEDIUM,881,0
6021.58,5,1,UPI,0,MEDIUM,602,0
158.27,7,0,UPI,0,MEDIUM,862,0
383.35,23,1,NETBANKING,0,MEDIUM,730,0
427.9,20,1,WALLET,0,LOW,262,0
255.54,23,0,CARD,0,LOW,873,0
19387.68,2,0,UPI,0,LOW,781,0
63.56,12,0,UPI,0,MEDIUM,153,0
143.88,22,0,NETBANKING,0,MEDIUM,139,0
221.98,5,1,UPI,0,LOW,523,0
3155.76,3,0,WALLET,0,LOW,723,0
320.41,8,1,CARD,0,LOW,158,0
182.81,14,0,CARD,0,MEDIUM,447,0
16193.09,5,0,UPI,0,LOW,702,0
876.52,5,0,WALLET,0,MEDIUM,861,0
171.07,9,0,UPI,0,MEDIUM,215,0
789.58,18,0,WALLET,0,LOW,251,0
303.42,17,0,NETBANKING,0,LOW,325,0
394.66,5,1,CARD,0,LOW,929,0
898.95,12,0,NETBANKING,0,LOW,991,0
312.5,21,0,UPI,0,MEDIUM,582,0
85142.64,8,0,CARD,0,LOW,895,0
273.44,0,0,NETBANKING,0,LOW,759,0
328.54,13,0,NETBANKING,0,LOW,682,0
6452.85,5,1,WALLET,0,MEDIUM,248,0
446.53,18,0,WALLET,0,HIGH,970,0
192.04,8,1,WALLET,0,LOW,12,0
532.12,3,0,UPI,1,LOW,296,0
14813.04,5,1,NETBANKING,0,LOW,441,0
371.85,23,1,UPI,0,LOW,624,0
189.98,18,0,UPI,0,HIGH,543,0
912.66,5,1,UPI,0,LOW,590,0
652.08,4,0,WALLET,1,LOW,237,1
516.92,6,0,UPI,0,LOW,588,0
73000.08,23,1,NETBANKING,0,LOW,7,0
869.35,15,1,WALLET,0,LOW,875,0
9074.83,18,1,CARD,0,LOW,242,0
335.78,16,0,WALLET,1,LOW,762,0
230.22,22,0,WALLET,0,LOW,781,0
284.87,0,0,UPI,0,LOW,446,0
7663.8,7,1,NETBANKING,0,LOW,385,0
3310.57,17,1,WALLET,0,MEDIUM,366,0
519.51,14,0,CARD,0,LOW,479,0
87.73,5,1,NETBANKING,0,MEDIUM,297,0
2520.3,11,1,WALLET,0,LOW,518,0
550.02,6,1,NETBANKING,0,MEDIUM,983,0
779.12,15,0,UPI,0,LOW,159,0
336.78,23,0,CARD,0,LOW,866,0
4473.22,11,0,WALLET,0,HIGH,916,0
1681.49,7,1,WALLET,0,LOW,857,0
544.61,9,1,UPI,0,MEDIUM,296,0
13295.12,11,0,UPI,0,MEDIUM,245,0
5901.85,11,1,NETBANKING,0,LOW,917,0
611.35,8,0,NETBANKING,0,MEDIUM,759,0
16586.84,17,1,CARD,0,LOW,277,0
2052.23,21,1,UPI,0,LOW,309,0
671.39,7,1,UPI,1,MEDIUM,18,1
79.11,13,1,NETBANKING,0,LOW,306,0
165.49,8,1,WALLET,0,LOW,911,0
477.18,7,1,WALLET,0,LOW,705,0
918.51,11,1,NETBANKING,0,LOW,69,0
745.46,20,0,UPI,1,LOW,662,0
127990.71,5,1,CARD,0,LOW,583,1
11502.19,8,0,UPI,0,LOW,828,0
770.75,0,0,NETBANKING,0,LOW,701,0
794.79,20,0,WALLET,0,LOW,236,0
110.88,9,0,UPI,0,LOW,380,0
999.41,23,1,UPI,0,LOW,156,0
739.38,16,1,WALLET,0,LOW,163,0
16.25,5,0,NETBANKING,0,LOW,997,0
93.86,12,0,WALLET,1,LOW,604,0
6487.0,3,1,CARD,0,LOW,739,0
125.08,4,0,NETBANKING,0,LOW,335,0
6462.16,13,0,CARD,0,LOW,327,0
12568.12,0,0,WALLET,0,MEDIUM,292,0
465.52,19,0,UPI,0,LOW,37,0
901.02,5,0,UPI,0,LOW,151,0
620.75,3,0,WALLET,0,MEDIUM,222,0
944.32,0,0,NETBANKING,0,LOW,299,0
397.54,5,0,NETBANKING,0,MEDIUM,691,0
321.76,22,1,CARD,1,LOW,160,0
229.79,11,1,UPI,0,LOW,572,0
4772.41,15,1,CARD,0,MEDIUM,388,0
98.38,19,0,WALLET,0,LOW,762,0
682.95,21,0,NETBANKING,0,MEDIUM,835,0
160.62,16,1,WALLET,0,LOW,534,0
10595.46,0,1,UPI,0,MEDIUM,772,0
232.58,22,1,CARD,1,LOW,730,0
2325.17,13,0,WALLET,0,LOW,575,0
620.35,10,1,UPI,0,LOW,152,0
912.89,14,1,NETBANKING,0,MEDIUM,222,0
276.3,10,0,NETBANKING,0,MEDIUM,573,0
667.89,7,0,UPI,0,MEDIUM,478,0
434.04,7,1,NETBANKING,0,MEDIUM,875,0
384.41,11,1,WALLET,0,LOW,48,0
1461.16,4,0,CARD,0,LOW,682,0
210.36,20,1,CARD,0,LOW,745,0
5970.11,3,0,NETBANKING,0,MEDIUM,646,0
87011.55,19,1,UPI,0,MEDIUM,513,0
2203.56,19,0,CARD,0,LOW,951,0
525.56,22,1,UPI,0,HIGH,193,0
757.9,22,1,WALLET,0,LOW,426,0
911.73,2,0,WALLET,0,LOW,177,0
7341.5,19,0,NETBANKING,0,LOW,740,0
556.95,13,1,UPI,0,HIGH,385,0
573.58,10,0,CARD,1,LOW,972,0
285.61,11,1,UPI,0,HIGH,228,0
190.4,1,1,CARD,0,LOW,362,0
541.15,15,0,WALLET,1,LOW,537,0
377.72,2,0,NETBANKING,0,LOW,738,0
897.69,4,1,WALLET,0,LOW,406,0
155211.39,1,1,UPI,0,LOW,917,1
277.9,15,0,NETBANKING,0,LOW,178,0
19404.87,9,1,NETBANKING,0,MEDIUM,588,0
18054.07,9,1,NETBANKING,0,LOW,800,0
142.23,0,1,CARD,0,MEDIUM,139,0
10221.64,1,1,UPI,0,HIGH,103,0
266.1,9,1,UPI,0,MEDIUM,266,0
678.54,7,0,NETBANKING,0,HIGH,321,0
170.14,6,0,CARD,0,LOW,929,0
18011.15,15,0,NETBANKING,0,LOW,276,0
511.62,19,0,UPI,1,LOW,644,0
178.32,1,1,UPI,0,MEDIUM,659,0
786.95,21,1,WALLET,0,MEDIUM,980,0
634.39,2,0,UPI,0,LOW,62,0
640.84,18,0,UPI,0,LOW,767,0
517.05,17,1,NETBANKING,1,LOW,852,0
206.51,17,0,CARD,0,LOW,248,0
289.36,18,0,NETBANKING,0,LOW,930,0
934.43,8,1,UPI,0,MEDIUM,820,0
2956.6,13,0,WALLET,0,LOW,631,0
789.52,6,1,UPI,0,MEDIUM,334,0
485.39,9,1,UPI,0,LOW,157,0
10383.03,13,0,NETBANKING,0,LOW,898,0
773.28,18,0,UPI,1,LOW,610,0
3504.73,19,0,UPI,0,LOW,784,0
807.77,14,0,UPI,0,LOW,562,0
4027.6,6,0,CARD,0,LOW,537,0
2965.83,17,1,CARD,0,MEDIUM,294,0
14104.2,18,0,CARD,0,MEDIUM,473,0
345.89,10,0,WALLET,0,MEDIUM,684,0
430.97,13,0,CARD,0,LOW,644,0
317.62,8,1,CARD,0,LOW,7,0
13999.76,5,0,NETBANKING,0,LOW,116,0
64.63,2,0,UPI,0,MEDIUM,800,0
339.82,0,1,NETBANKING,0,LOW,672,0
128913.0,6,0,WALLET,0,MEDIUM,578,0
676.87,3,0,CARD,0,MEDIUM,801,0
39.56,18,0,NETBANKING,0,HIGH,861,0
971.25,7,1,CARD,0,MEDIUM,661,0
432.2,4,0,NETBANKING,0,LOW,395,0
5599.5,14,0,NETBANKING,0,MEDIUM,286,0
346.26,14,1,UPI,0,LOW,392,0
867.39,18,0,WALLET,0,LOW,565,0
936.26,22,0,WALLET,0,HIGH,708,0
526.5,23,1,CARD,0,LOW,655,0
121355.44,0,0,WALLET,0,LOW,195,1
325.11,11,1,NETBANKING,0,MEDIUM,452,0
354.58,12,1,UPI,0,LOW,699,0
16614.76,23,1,UPI,0,LOW,251,0
268.13,6,0,CARD,1,MEDIUM,375,0
423.23,16,0,CARD,0,MEDIUM,512,0
448.06,21,1,UPI,0,MEDIUM,252,0
3581.78,4,0,UPI,0,HIGH,383,0
98.01,3,1,CARD,0,MEDIUM,887,0
250.31,17,1,WALLET,0,LOW,529,0
251.64,4,0,WALLET,0,LOW,438,0
720.27,7,1,UPI,0,HIGH,35,0
683.92,1,0,CARD,1,LOW,156,0
5109.82,11,0,CARD,1,LOW,86,0
669.85,4,1,WALLET,0,LOW,866,0
7235.55,1,0,NETBANKING,0,LOW,4,0
11.92,20,0,WALLET,0,MEDIUM,902,0
5943.35,6,0,NETBANKING,0,HIGH,577,0
847.43,3,1,UPI,0,LOW,928,0
417.89,15,1,UPI,0,HIGH,840,0
21329.71,7,1,UPI,0,HIGH,950,0
952.53,1,0,WALLET,0,LOW,789,0
201.15,0,0,UPI,0,MEDIUM,856,0
9953.62,7,1,WALLET,0,MEDIUM,516,0
478.97,21,1,CARD,0,LOW,301,0
825.01,19,1,UPI,0,LOW,193,0
271.61,20,0,CARD,0,LOW,561,0
10160.35,12,1,UPI,0,LOW,785,0
639.24,5,1,NETBANKING,0,LOW,413,0
539.47,14,1,NETBANKING,0,LOW,183,0
6382.4,2,1,WALLET,0,LOW,332,0
889.57,1,0,CARD,0,MEDIUM,126,0
8156.31,4,0,CARD,0,MEDIUM,341,0
16.45,17,0,UPI,0,LOW,986,0
707.59,17,1,CARD,0,LOW,982,0
8913.91,3,0,UPI,0,MEDIUM,56,0
9720.17,6,0,CARD,0,MEDIUM,620,0
129.85,6,0,WALLET,1,LOW,636,0
222.81,10,1,NETBANKING,0,HIGH,541,0
277.65,5,0,WALLET,0,MEDIUM,463,0
36.24,18,0,UPI,0,MEDIUM,489,0
404.51,7,1,CARD,0,MEDIUM,129,0
877.75,15,1,CARD,1,LOW,347,0
11132.39,11,1,CARD,0,HIGH,458,0
17.84,4,0,UPI,0,MEDIUM,965,0
88.96,3,0,WALLET,1,MEDIUM,946,0
2968.84,8,0,CARD,0,MEDIUM,146,0
388.56,13,1,UPI,1,LOW,948,0
891.5,7,0,UPI,0,MEDIUM,435,0
666.61,0,1,NETBANKING,0,LOW,601,0
608.34,3,0,UPI,0,LOW,590,0
953.02,15,1,NETBANKING,0,MEDIUM,781,0
868.92,4,0,CARD,0,LOW,587,0
1157.97,1,0,CARD,0,LOW,159,0
39.11,15,1,WALLET,0,LOW,296,0
699.35,16,1,NETBANKING,0,LOW,384,0
761.87,8,0,UPI,0,MEDIUM,206,0
504.01,3,1,UPI,0,LOW,570,0
373.12,1,1,NETBANKING,0,LOW,203,0
922.87,6,0,NETBANKING,1,LOW,834,0
15496.27,1,0,NETBANKING,0,LOW,297,0
951.28,15,1,CARD,0,LOW,940,0
777.51,0,0,NETBANKING,0,HIGH,61,0
832.04,17,1,WALLET,0,HIGH,654,0
915.61,0,0,CARD,0,LOW,660,0
12909.81,8,1,UPI,0,MEDIUM,683,0
644.8,11,0,UPI,0,LOW,378,0
203.9,16,1,CARD,1,MEDIUM,23,1
491.25,1,1,WALLET,0,LOW,866,0
114.74,11,0,WALLET,0,LOW,391,0
9747.12,12,0,UPI,0,LOW,871,0
4042.47,19,1,NETBANKING,0,LOW,430,0
706.26,11,1,UPI,0,MEDIUM,221,0
307.35,7,1,UPI,0,MEDIUM,567,0
745.29,3,1,NETBANKING,0,MEDIUM,83,0
975.12,8,0,CARD,0,LOW,707,0
4198.03,10,0,WALLET,0,MEDIUM,491,0
362.77,3,0,UPI,0,LOW,400,0
16022.84,2,0,NETBANKING,0,MEDIUM,395,0
18539.85,1,1,WALLET,0,LOW,139,0
461.97,10,0,CARD,1,MEDIUM,803,0
4493.49,3,1,UPI,1,LOW,943,0
367.55,0,1,UPI,0,HIGH,465,0
180235.54,18,0,NETBANKING,0,LOW,132,0
9533.52,1,1,WALLET,0,MEDIUM,886,0
66.04,8,0,NETBANKING,0,LOW,64,0
186.94,19,1,CARD,0,LOW,456,0
1375.45,4,1,NETBANKING,0,MEDIUM,610,0
183.77,14,1,UPI,0,MEDIUM,770,0
161295.08,5,1,WALLET,0,MEDIUM,870,1
567.03,13,0,WALLET,0,LOW,906,0
944.43,17,0,NETBANKING,1,HIGH,944,0
10595.2,18,1,UPI,0,LOW,182,0
18837.8,18,0,UPI,0,MEDIUM,508,0
86.24,17,1,UPI,0,MEDIUM,956,0
588.68,3,1,CARD,0,MEDIUM,486,0
230.64,20,1,UPI,1,MEDIUM,980,0
17658.05,8,1,CARD,0,LOW,84,0
969.47,2,0,CARD,0,MEDIUM,710,0
793.5,18,0,UPI,0,HIGH,367,0
282.7,10,1,WALLET,0,MEDIUM,772,0
216.18,21,0,UPI,0,LOW,558,0
64.42,7,1,UPI,0,LOW,50,0
708.72,14,1,WALLET,0,LOW,366,0
112373.39,16,0,CARD,0,LOW,161,1
11345.51,4,1,NETBANKING,1,LOW,587,0
160.82,22,0,NETBANKING,0,HIGH,293,0
876.49,13,1,WALLET,0,LOW,960,0
492.63,21,0,NETBANKING,0,LOW,798,0
12513.53,13,0,WALLET,0,LOW,995,0
1126.98,7,1,CARD,0,LOW,395,0
851.17,3,1,CARD,0,LOW,297,0
528.79,13,0,CARD,0,MEDIUM,661,0
898.25,6,0,CARD,0,LOW,744,0
154.94,0,1,WALLET,0,HIGH,817,0
1573.58,3,1,UPI,0,HIGH,580,0
289.7,2,0,WALLET,0,LOW,836,0
944.91,18,0,NETBANKING,0,LOW,266,0
702.17,16,1,CARD,0,LOW,576,0
649.05,14,1,UPI,1,MEDIUM,577,0
262.05,23,1,UPI,0,LOW,556,0
392.75,5,1,NETBANKING,0,LOW,903,0
136.26,18,0,UPI,0,LOW,442,0
784.87,23,0,UPI,0,LOW,83,0
488.88,5,0,NETBANKING,0,MEDIUM,880,0
7347.72,12,1,CARD,0,LOW,9,0
817.66,14,0,NETBANKING,0,MEDIUM,43,0
320.94,0,0,NETBANKING,0,MEDIUM,940,0
791.0,15,1,NETBANKING,0,MEDIUM,273,0
145.84,0,0,WALLET,0,LOW,802,0
276.32,1,0,WALLET,0,LOW,721,0
1264.37,8,0,WALLET,0,MEDIUM,63,0
671.5,0,0,CARD,0,LOW,167,0
120720.34,6,0,UPI,0,LOW,224,0
862.97,23,1,NETBANKING,1,MEDIUM,667,0
574.35,10,0,CARD,0,MEDIUM,696,0
7031.13,11,1,WALLET,0,LOW,937,0
358.44,6,1,WALLET,0,MEDIUM,813,0
3860.31,6,1,WALLET,0,LOW,126,0
9805.65,6,0,WALLET,0,LOW,474,0
206.92,1,1,CARD,0,LOW,285,0
63142.83,13,0,CARD,0,MEDIUM,177,0
5772.19,8,0,WALLET,0,HIGH,579,0
877.21,0,0,CARD,0,MEDIUM,877,0
870.41,10,0,WALLET,0,MEDIUM,868,0
99.67,5,0,UPI,0,LOW,72,0
14045.37,22,1,WALLET,0,MEDIUM,224,0
397.09,23,1,CARD,0,MEDIUM,528,0
2817.27,6,0,UPI,0,LOW,11,0
128.88,23,0,UPI,0,LOW,482,0
360.22,15,0,NETBANKING,0,LOW,697,0
12103.15,10,1,CARD,0,LOW,364,0
15032.28,8,0,NETBANKING,0,LOW,100,0
675.49,14,1,CARD,0,HIGH,873,0
16160.2,7,0,NETBANKING,0,MEDIUM,441,0
15852.53,7,1,CARD,0,LOW,90,0
240.35,17,1,WALLET,0,LOW,387,0
299.61,8,0,CARD,0,LOW,283,0
718.69,8,0,WALLET,0,LOW,787,0
12015.76,17,1,NETBANKING,1,LOW,65,0
317.19,21,1,UPI,0,HIGH,769,0
142.49,3,0,CARD,0,LOW,254,0
795.17,3,0,WALLET,0,LOW,348,0
677.53,15,0,UPI,0,MEDIUM,515,0
82.09,5,1,NETBANKING,0,LOW,198,0
5208.07,19,0,UPI,0,LOW,387,0
397.15,17,1,CARD,0,LOW,399,0
12194.49,7,1,UPI,0,MEDIUM,991,0
518.14,6,1,CARD,0,LOW,119,0
694.44,2,0,UPI,0,LOW,222,0
426.6,20,1,UPI,0,MEDIUM,638,0
267.57,5,0,WALLET,0,LOW,564,0
37481.47,23,0,WALLET,0,LOW,255,0
7009.76,0,0,WALLET,0,LOW,598,0
298.35,6,1,WALLET,0,LOW,148,0
872.58,15,1,CARD,0,MEDIUM,309,0
13218.99,7,0,NETBANKING,0,LOW,72,0
334.49,3,0,CARD,0,MEDIUM,838,0
174.3,17,1,UPI,0,LOW,14,0
678.1,19,0,NETBANKING,0,LOW,681,0
19163.2,22,1,WALLET,0,MEDIUM,178,0
698.36,11,1,CARD,0,LOW,8,0
457.93,14,0,CARD,0,LOW,609,0
157278.95,20,0,NETBANKING,0,HIGH,216,1
640.77,14,1,NETBANKING,0,MEDIUM,640,0
276.65,12,0,CARD,0,MEDIUM,879,0
19623.27,6,1,UPI,0,LOW,112,0
9392.97,23,1,NETBANKING,0,MEDIUM,881,0
833.24,12,0,CARD,0,MEDIUM,538,0
893.0,17,1,UPI,0,MEDIUM,85,0
601.32,13,1,NETBANKING,0,LOW,331,0
782.12,17,1,UPI,0,MEDIUM,265,0
189585.69,22,1,WALLET,0,MEDIUM,228,0
3841.92,16,0,UPI,0,MEDIUM,555,0
725.2,5,1,CARD,0,MEDIUM,389,0
95156.38,21,1,NETBANKING,0,MEDIUM,427,0
542.85,14,1,WALLET,0,LOW,436,0
152.13,6,1,UPI,0,LOW,390,0
1616.59,20,1,CARD,0,MEDIUM,44,0
326.48,2,1,NETBANKING,0,LOW,453,0
15702.16,22,0,WALLET,0,LOW,421,0
373.88,11,1,WALLET,0,LOW,573,0
493.7,12,1,UPI,0,LOW,62,0
314.32,21,0,UPI,0,MEDIUM,138,0
171713.31,16,1,NETBANKING,0,MEDIUM,913,0
8304.58,21,1,NETBANKING,0,LOW,683,0
19964.9,23,0,CARD,0,LOW,958,0
13837.47,9,1,CARD,0,MEDIUM,330,0
9841.38,23,1,WALLET,0,MEDIUM,274,0
979.09,1,0,NETBANKING,1,LOW,678,1
527.84,1,1,NETBANKING,0,LOW,391,0
490.05,18,1,WALLET,0,MEDIUM,53,0
8793.72,14,0,WALLET,0,LOW,12,0
17.76,4,0,CARD,0,MEDIUM,538,0
867.12,2,1,UPI,0,LOW,805,0
405.37,16,0,UPI,1,LOW,565,0
676.04,9,0,WALLET,0,LOW,224,0
998.53,6,1,WALLET,0,MEDIUM,991,0
208.93,6,1,CARD,0,LOW,871,0
706.48,23,0,UPI,0,MEDIUM,200,0
19049.68,8,0,NETBANKING,0,MEDIUM,779,0
408.35,21,1,WALLET,0,LOW,544,0
461.43,6,1,UPI,0,HIGH,291,0
90.04,9,1,UPI,0,LOW,916,0
188.95,9,1,CARD,1,LOW,885,0
409.24,7,0,WALLET,0,LOW,91,0
918.32,6,1,WALLET,0,MEDIUM,330,0
87.12,21,0,WALLET,0,LOW,890,0
690.95,10,0,WALLET,0,LOW,762,0
782.0,16,0,NETBANKING,0,LOW,86,0
17368.1,3,0,CARD,0,LOW,77,0
159.35,11,0,CARD,0,LOW,53,0
123870.62,15,1,UPI,0,HIGH,443,1
6034.33,23,0,UPI,0,MEDIUM,511,0
565.06,4,1,CARD,0,MEDIUM,958,0
916.16,5,0,WALLET,0,LOW,47,0
3346.73,16,0,UPI,0,MEDIUM,187,0
107.35,6,0,UPI,0,HIGH,329,0
347.48,9,0,UPI,0,LOW,833,0
539.91,3,0,NETBANKING,1,MEDIUM,217,0
124.23,1,0,WALLET,0,HIGH,393,0
14121.4,1,1,NETBANKING,0,MEDIUM,858,0
4046.09,8,1,UPI,0,LOW,966,0
832.42,19,1,WALLET,0,LOW,399,0
111.21,15,0,CARD,0,LOW,731,0
18853.75,1,1,CARD,0,HIGH,522,0
798.45,3,1,UPI,0,MEDIUM,179,0
124.34,2,1,NETBANKING,0,LOW,784,0
962.44,8,1,WALLET,0,MEDIUM,345,0
451.21,3,0,NETBANKING,1,MEDIUM,662,0
491.04,7,0,UPI,0,LOW,261,0
320.37,12,1,NETBANKING,0,MEDIUM,939,0
878.51,21,1,NETBANKING,0,LOW,581,0
716.5,4,0,CARD,0,MEDIUM,830,0
811.39,4,1,WALLET,0,MEDIUM,370,0
16429.87,14,0,CARD,0,LOW,303,0
527.32,12,1,CARD,0,HIGH,374,0
272.13,11,1,UPI,0,LOW,34,0
10.42,5,0,UPI,0,LOW,524,0
306.72,18,1,CARD,0,LOW,834,0
804.66,5,1,UPI,0,LOW,493,0
166235.22,13,1,UPI,0,MEDIUM,904,0
9808.0,20,1,UPI,0,LOW,798,0
557.01,6,0,WALLET,0,LOW,766,0
60.7,7,0,NETBANKING,0,LOW,45,0
332.12,23,1,WALLET,1,LOW,991,0
131.47,17,0,CARD,0,LOW,178,0
508.54,18,1,WALLET,0,MEDIUM,294,0
969.17,0,1,CARD,0,MEDIUM,340,0
185.57,16,1,NETBANKING,0,LOW,597,0
14977.62,7,1,UPI,0,LOW,724,0
536.25,22,0,CARD,1,MEDIUM,95,0
494.71,3,1,UPI,0,HIGH,301,0
692.96,1,1,NETBANKING,0,MEDIUM,557,0
770.63,19,1,CARD,0,LOW,27,0
289.75,5,0,UPI,0,MEDIUM,902,0
665.85,6,0,CARD,0,MEDIUM,650,0
212.75,19,1,UPI,0,MEDIUM,407,0
383.84,6,0,NETBANKING,0,MEDIUM,671,0
861.06,12,0,UPI,0,MEDIUM,623,0
18764.0,22,1,CARD,0,LOW,79,0
668.48,1,1,NETBANKING,0,MEDIUM,842,0
4171.77,8,0,NETBANKING,1,LOW,814,0
13221.11,8,1,UPI,1,MEDIUM,17,0
968.68,1,1,UPI,0,MEDIUM,718,0
5415.27,1,0,CARD,0,MEDIUM,329,0
937.43,16,0,UPI,0,MEDIUM,687,0
248.03,1,1,UPI,0,LOW,985,0
123569.09,13,1,WALLET,0,HIGH,69,1
397.72,9,1,CARD,0,MEDIUM,831,0
3974.88,20,0,WALLET,0,MEDIUM,318,0
457.53,6,0,CARD,0,MEDIUM,91,0
112.79,6,0,NETBANKING,0,HIGH,155,0
298.89,2,0,CARD,0,LOW,739,0
912.31,20,0,NETBANKING,0,LOW,585,0
323.22,22,0,UPI,0,MEDIUM,182,0
534.89,14,1,CARD,0,LOW,426,0
105108.6,21,1,NETBANKING,0,MEDIUM,763,0
897.15,6,1,UPI,0,LOW,909,0
2795.56,3,1,UPI,1,LOW,49,0
10644.89,16,0,UPI,1,MEDIUM,575,0
465.19,18,1,NETBANKING,0,HIGH,394,0
863.28,9,1,UPI,0,LOW,994,0
661.01,21,0,UPI,0,LOW,507,0
301.26,13,1,UPI,0,HIGH,968,0
210.35,9,1,CARD,0,MEDIUM,184,0
440.32,10,1,UPI,0,LOW,551,0
875.68,8,0,NETBANKING,0,LOW,926,0
100.22,2,0,CARD,0,LOW,735,0
772.94,18,1,WALLET,0,LOW,203,0
818.44,19,0,WALLET,0,HIGH,166,0
880.76,8,0,CARD,0,LOW,571,0
472.76,15,0,CARD,0,LOW,660,0
983.23,0,1,CARD,0,LOW,217,0
903.05,21,1,NETBANKING,0,LOW,514,0
6182.32,5,0,NETBANKING,0,LOW,941,0
13948.73,7,0,UPI,0,LOW,218,0
164.75,8,0,CARD,0,LOW,296,0
263.57,12,1,CARD,0,LOW,977,0
15454.56,20,1,CARD,0,LOW,266,0
489.86,20,1,UPI,1,LOW,954,0
498.58,1,0,CARD,0,MEDIUM,433,0
15650.25,9,0,WALLET,1,HIGH,247,1
13.45,22,1,NETBANKING,1,HIGH,903,1
104517.64,2,0,WALLET,1,LOW,622,1
654.57,3,1,WALLET,0,LOW,469,0
397.47,13,1,NETBANKING,0,MEDIUM,729,0
13962.35,16,1,UPI,0,LOW,358,0
279.89,17,0,CARD,1,MEDIUM,182,0
929.25,3,1,NETBANKING,0,MEDIUM,722,0
241.58,20,1,CARD,1,LOW,605,0
542.56,7,1,CARD,0,LOW,573,0
383.62,6,0,NETBANKING,0,LOW,17,0
194.84,19,1,NETBANKING,0,LOW,200,0
797.31,4,1,NETBANKING,0,LOW,785,0
271.57,8,1,CARD,1,HIGH,513,1
11725.34,20,1,NETBANKING,0,LOW,453,0
99105.57,8,0,WALLET,0,MEDIUM,116,0
45.41,22,0,UPI,0,LOW,486,0
978.45,18,1,NETBANKING,0,LOW,708,0
951.93,16,0,UPI,0,LOW,524,0
328.66,7,1,CARD,0,LOW,393,0
954.08,2,1,NETBANKING,0,LOW,683,0
18927.4,19,1,UPI,0,LOW,88,0
13752.07,21,0,UPI,0,HIGH,679,0
65.09,3,0,CARD,0,HIGH,648,0
24.84,7,0,NETBANKING,0,LOW,395,0
18954.55,21,1,NETBANKING,0,LOW,206,0
530.4,12,1,WALLET,0,LOW,892,0
118.9,21,0,CARD,0,LOW,977,0
12235.81,21,0,UPI,0,LOW,335,0
53.65,17,0,NETBANKING,0,LOW,484,0
15306.7,1,1,CARD,0,LOW,796,0
651.82,15,0,WALLET,0,MEDIUM,460,0
89.27,21,1,NETBANKING,0,MEDIUM,171,0
180.67,20,0,CARD,0,MEDIUM,330,0
16783.89,2,1,WALLET,0,LOW,625,0
383.47,6,0,WALLET,0,MEDIUM,724,0
291.67,21,0,WALLET,1,LOW,505,0
757.96,23,1,CARD,1,MEDIUM,552,0
449.03,15,1,CARD,0,LOW,767,0
21305.57,5,0,CARD,0,MEDIUM,833,0
13250.93,0,0,NETBANKING,0,HIGH,614,0
2732.63,22,1,NETBANKING,1,MEDIUM,745,0
14039.81,8,1,WALLET,0,LOW,851,0
15130.53,16,0,NETBANKING,0,LOW,794,0
735.08,8,0,UPI,0,LOW,840,0
919.85,10,1,NETBANKING,0,LOW,85,0
102982.51,23,1,UPI,0,LOW,502,0
77.24,11,0,NETBANKING,0,LOW,950,0
26974.09,5,0,NETBANKING,0,HIGH,503,0
636.21,12,1,CARD,0,LOW,420,0
228.62,13,0,UPI,0,LOW,911,0
918.48,15,0,CARD,0,LOW,358,0
994.48,11,0,UPI,0,MEDIUM,209,0
766.3,17,0,UPI,0,LOW,557,0
14903.0,23,0,UPI,0,HIGH,994,0
405.19,6,1,UPI,1,LOW,936,0
13865.61,6,0,CARD,0,MEDIUM,936,0
10116.3,5,1,WALLET,0,LOW,456,0
4354.19,21,1,NETBANKING,0,MEDIUM,803,0
593.2,23,0,CARD,0,MEDIUM,41,0
507.09,23,1,WALLET,0,HIGH,123,0
499.17,15,1,NETBANKING,0,HIGH,736,0
988.91,0,1,NETBANKING,0,HIGH,473,0
941.21,2,0,CARD,1,LOW,464,1
3681.29,6,1,NETBANKING,0,LOW,166,0
865.06,23,0,CARD,0,MEDIUM,583,0
731.18,9,0,WALLET,0,LOW,588,0
970.34,6,0,CARD,0,LOW,841,0
2643.27,19,1,NETBANKING,0,LOW,963,0
4177.68,1,1,UPI,0,MEDIUM,79,0
797.38,18,1,NETBANKING,0,LOW,950,0
13110.55,23,0,NETBANKING,0,LOW,6,0
94.85,3,1,UPI,0,LOW,490,0
9244.96,12,1,WALLET,0,LOW,173,0
302.4,8,1,CARD,0,MEDIUM,765,0
236.11,6,1,UPI,0,LOW,117,0
764.23,9,0,WALLET,1,LOW,429,0
15559.87,7,1,WALLET,0,MEDIUM,682,0
841.62,19,0,WALLET,0,LOW,465,0
694.71,16,1,UPI,0,LOW,95,0
533.15,10,1,CARD,0,LOW,851,0
758.32,10,1,CARD,0,MEDIUM,206,0
7193.82,10,1,NETBANKING,0,LOW,87,0
558.23,3,0,UPI,0,LOW,776,0
7924.18,1,0,UPI,0,HIGH,994,0
351.28,3,0,NETBANKING,0,HIGH,211,0
342.21,21,1,NETBANKING,0,MEDIUM,614,0
39.01,12,0,NETBANKING,0,MEDIUM,915,0
132.01,11,1,WALLET,0,LOW,282,0
133.89,19,0,CARD,0,HIGH,255,0
309.56,22,0,UPI,0,LOW,849,0
265.59,0,0,WALLET,0,LOW,434,0
552.09,20,0,UPI,0,MEDIUM,877,0
22037.1,20,0,WALLET,0,MEDIUM,805,0
452.4,14,0,CARD,0,MEDIUM,668,0
401.19,18,0,UPI,0,LOW,93,0
566.28,19,0,CARD,0,MEDIUM,417,0
863.82,8,0,NETBANKING,0,MEDIUM,510,0
611.15,21,1,WALLET,0,HIGH,692,0
664.23,4,0,NETBANKING,0,LOW,531,0
576.97,21,1,WALLET,0,LOW,389,0
950.7,7,0,NETBANKING,0,MEDIUM,855,0
410.83,18,1,WALLET,0,MEDIUM,98,0
14419.97,16,1,CARD,0,MEDIUM,547,0
798.32,17,0,NETBANKING,1,LOW,553,0
751.91,8,0,CARD,0,LOW,121,0
941.72,23,1,CARD,0,MEDIUM,255,0
441.69,20,1,UPI,0,LOW,827,0
125.56,2,1,WALLET,0,HIGH,83,0
644.24,23,0,WALLET,0,LOW,453,0
406.54,2,0,WALLET,0,LOW,273,0
300.54,20,0,WALLET,0,LOW,853,0
462.6,5,0,UPI,0,MEDIUM,891,0
629.66,3,0,WALLET,1,MEDIUM,522,0
879.62,5,1,WALLET,0,MEDIUM,947,0
692.28,20,1,WALLET,0,MEDIUM,747,0
947.89,2,0,NETBANKING,0,MEDIUM,358,0
339.6,7,0,UPI,0,MEDIUM,455,0
49.47,23,1,NETBANKING,0,LOW,761,0
630.23,19,0,CARD,0,LOW,286,0
1979.11,10,0,UPI,0,HIGH,741,0
699.15,11,0,UPI,0,MEDIUM,993,0
429.75,0,0,UPI,0,LOW,979,0
154.08,20,0,NETBANKING,0,LOW,932,0
808.03,15,1,CARD,0,LOW,552,0
274.96,10,0,NETBANKING,0,LOW,894,0
146.02,8,0,WALLET,0,MEDIUM,543,0
493.19,8,0,NETBANKING,0,LOW,94,0
1498.93,14,0,UPI,0,LOW,60,0
160645.26,13,0,WALLET,0,HIGH,854,1
193939.84,22,1,UPI,0,LOW,195,0
815.32,23,1,CARD,1,LOW,936,0
423.98,8,1,CARD,0,LOW,673,0
252.5,5,0,NETBANKING,0,HIGH,478,0
250.82,19,1,NETBANKING,0,LOW,291,0
19.88,14,1,NETBANKING,1,LOW,250,0
6686.26,18,0,WALLET,0,LOW,394,0
801.43,22,1,UPI,0,MEDIUM,463,0
19.35,0,1,UPI,0,LOW,562,0
891.54,5,0,CARD,0,LOW,626,0
584.3,18,0,NETBANKING,0,MEDIUM,853,0
782.67,3,0,WALLET,0,LOW,459,0
9226.43,13,1,NETBANKING,0,MEDIUM,204,0
3070.18,18,1,WALLET,0,LOW,883,0
5216.55,15,1,NETBANKING,0,MEDIUM,836,0
759.99,21,0,UPI,0,LOW,637,0
934.45,19,1,CARD,0,MEDIUM,661,0
284.66,4,0,CARD,0,LOW,716,0
375.46,22,1,WALLET,0,LOW,958,0
82.23,14,0,WALLET,0,MEDIUM,896,0
941.62,12,0,CARD,0,LOW,139,0
755.97,13,0,CARD,0,LOW,420,0
690.35,0,1,NETBANKING,0,MEDIUM,802,0
732.79,6,1,CARD,0,MEDIUM,472,0
853.66,10,1,NETBANKING,0,LOW,453,0
240.15,17,1,UPI,1,LOW,466,0
11462.24,8,1,CARD,0,HIGH,644,0
553.57,6,0,CARD,0,MEDIUM,958,0
146.06,2,1,WALLET,0,LOW,217,0
732.8,1,1,CARD,0,LOW,587,0
448.95,14,0,CARD,0,LOW,581,0
884.45,0,0,WALLET,0,LOW,416,0
619.54,3,1,UPI,0,MEDIUM,183,0
562.8,12,0,NETBANKING,0,LOW,335,0
393.6,6,0,CARD,0,LOW,657,0
933.2,6,1,CARD,0,LOW,832,0
123.61,5,0,CARD,0,LOW,790,0
17202.52,3,0,CARD,0,HIGH,890,0
95379.75,7,0,WALLET,0,MEDIUM,46,0
394.95,22,0,CARD,0,MEDIUM,816,0
12690.95,19,1,UPI,0,HIGH,740,0
738.77,21,0,CARD,0,LOW,132,0
900.15,7,0,WALLET,0,LOW,36,0
9993.42,17,0,WALLET,0,MEDIUM,566,0
395.4,13,1,NETBANKING,1,MEDIUM,24,1
692.57,22,1,UPI,0,LOW,381,0
806.46,20,0,WALLET,0,MEDIUM,804,0
737.98,12,1,WALLET,0,MEDIUM,609,0
682.31,16,1,WALLET,0,MEDIUM,900,0
19810.56,6,1,CARD,0,MEDIUM,801,0
539.13,10,1,WALLET,0,LOW,713,0
802.1,12,1,NETBANKING,0,LOW,742,0
3302.49,22,0,CARD,1,LOW,417,0
398.71,8,0,WALLET,0,LOW,941,0
619.43,13,1,NETBANKING,0,LOW,418,0
1263.32,17,0,WALLET,0,MEDIUM,10,0
407.01,3,1,WALLET,0,LOW,382,0
617.24,13,0,CARD,0,MEDIUM,163,0
213.02,23,1,UPI,0,MEDIUM,377,0
15225.3,14,0,UPI,0,MEDIUM,123,0
149.49,15,0,UPI,0,LOW,980,0
11848.65,12,0,UPI,0,MEDIUM,723,0
7588.85,22,1,WALLET,0,MEDIUM,180,0
112.23,21,1,WALLET,0,LOW,687,0
6379.81,8,0,WALLET,1,LOW,603,0
532.98,23,1,WALLET,1,MEDIUM,654,0
802.58,11,0,UPI,0,MEDIUM,593,0
7478.25,20,0,CARD,0,LOW,670,0
407.27,8,0,CARD,0,MEDIUM,94,0
18586.85,8,0,CARD,0,LOW,613,0
130854.21,4,1,WALLET,0,LOW,601,1
16012.57,20,0,UPI,0,MEDIUM,729,0
202.28,0,0,WALLET,0,LOW,691,0
3749.12,1,1,WALLET,0,HIGH,697,0
83172.75,2,0,NETBANKING,0,LOW,927,0
42524.0,6,1,UPI,0,LOW,764,0
124.47,19,0,CARD,0,LOW,990,0
12663.94,12,1,NETBANKING,0,LOW,205,0
397.15,19,1,NETBANKING,0,LOW,382,0
5389.1,11,0,CARD,0,LOW,260,0
15069.8,14,0,CARD,0,LOW,402,0
19471.99,4,1,UPI,0,LOW,663,0
844.56,23,0,WALLET,0,LOW,67,0
583.51,18,0,NETBANKING,0,MEDIUM,70,0
100.46,22,0,UPI,0,MEDIUM,34,0
321.25,9,0,NETBANKING,0,MEDIUM,366,0
961.72,19,0,WALLET,0,LOW,72,0
588.61,9,0,NETBANKING,0,MEDIUM,104,0
422.5,12,1,CARD,0,LOW,525,0
4998.68,9,0,UPI,0,LOW,708,0
57.31,12,1,UPI,0,LOW,283,0
14601.29,1,1,CARD,0,LOW,332,0
663.93,20,0,NETBANKING,0,MEDIUM,665,0
172743.92,11,1,UPI,0,MEDIUM,973,0
168.89,2,0,NETBANKING,0,LOW,661,0
2365.69,17,1,WALLET,0,MEDIUM,611,0
200.4,15,0,NETBANKING,0,LOW,613,0
181.86,13,0,CARD,1,MEDIUM,833,0
2363.02,4,1,NETBANKING,0,MEDIUM,100,0
698.19,6,0,CARD,0,LOW,871,0
39558.83,2,0,CARD,0,MEDIUM,206,0
18564.65,5,1,CARD,0,HIGH,663,0
13472.13,20,0,CARD,0,LOW,892,0
307.06,19,0,CARD,0,LOW,406,0
428.54,21,1,UPI,1,LOW,946,0
18980.08,10,0,CARD,0,LOW,844,0
339.33,9,1,NETBANKING,0,LOW,672,0
346.36,9,1,NETBANKING,0,MEDIUM,919,0
94404.19,2,0,CARD,1,LOW,370,1
662.28,0,0,WALLET,0,LOW,670,0
262.25,3,0,WALLET,0,LOW,903,0
6842.88,5,1,UPI,0,LOW,658,0
337.86,22,1,UPI,0,HIGH,690,0
96239.38,7,0,NETBANKING,0,HIGH,995,0
10137.53,6,1,WALLET,0,LOW,631,0
73.68,4,1,NETBANKING,0,LOW,611,0
448.18,21,1,CARD,0,MEDIUM,747,0
5124.87,5,0,NETBANKING,0,LOW,936,0
618.69,16,1,WALLET,0,HIGH,676,0
75.33,10,0,UPI,0,MEDIUM,595,0
405.69,15,0,UPI,0,HIGH,384,0
479.1,11,0,NETBANKING,0,MEDIUM,916,0
156261.42,16,1,WALLET,0,LOW,609,0
872.24,16,1,WALLET,0,LOW,586,0
945.98,4,1,WALLET,0,LOW,327,0
694.56,20,0,UPI,0,MEDIUM,359,0
16815.21,17,0,WALLET,0,MEDIUM,63,0
795.43,15,1,CARD,0,LOW,963,0
13358.18,19,0,NETBANKING,1,LOW,195,0
607.58,7,1,CARD,0,LOW,96,0
865.34,7,1,NETBANKING,0,LOW,461,0
795.02,5,1,UPI,0,HIGH,597,0
375.28,6,1,UPI,0,MEDIUM,837,0
13198.2,7,0,WALLET,0,LOW,536,0
9542.78,6,1,CARD,0,MEDIUM,845,0
472.78,13,0,NETBANKING,0,LOW,86,0
3983.62,9,1,WALLET,0,LOW,663,0
810.64,22,1,NETBANKING,0,HIGH,368,0
116909.53,15,1,WALLET,0,LOW,466,0
429.67,1,1,WALLET,0,LOW,138,0
645.04,4,0,NETBANKING,0,MEDIUM,652,0
59.44,13,1,WALLET,0,LOW,494,0
500.21,11,1,UPI,0,LOW,682,0
16330.91,17,0,UPI,0,HIGH,393,0
562.35,12,0,CARD,0,LOW,886,0
47.77,8,0,WALLET,0,MEDIUM,292,0
568.11,3,0,NETBANKING,0,MEDIUM,284,0
10436.91,11,0,WALLET,0,MEDIUM,72,0
373.32,7,0,UPI,0,LOW,157,0
834.9,21,0,NETBANKING,0,LOW,47,0
76.26,6,0,UPI,0,MEDIUM,986,0
5433.37,7,0,NETBANKING,0,LOW,964,0
106065.86,9,1,CARD,1,HIGH,797,1
6425.72,17,0,CARD,0,LOW,152,0
174.32,20,1,NETBANKING,0,LOW,905,0
928.99,3,0,CARD,0,LOW,736,0
5296.65,17,1,UPI,0,HIGH,679,0
794.5,12,1,CARD,1,LOW,420,0
11613.72,9,0,NETBANKING,0,LOW,412,0
914.64,7,1,UPI,0,MEDIUM,462,0
19164.68,2,1,CARD,1,LOW,517,0
44.57,3,0,WALLET,0,MEDIUM,49,0
321.52,19,1,CARD,0,LOW,952,0
194361.66,5,1,CARD,0,MEDIUM,62,1
5275.82,23,1,WALLET,0,HIGH,911,0
886.96,1,1,UPI,0,MEDIUM,903,0
9293.35,16,0,CARD,0,HIGH,262,0
7524.7,16,1,WALLET,0,LOW,185,0
46.8,9,0,NETBANKING,0,MEDIUM,299,0
765.43,0,0,NETBANKING,0,LOW,135,0
615.38,11,1,WALLET,0,LOW,319,0
975.18,14,1,CARD,0,LOW,184,0
127.2,22,0,WALLET,0,HIGH,881,0
129046.65,23,0,CARD,0,LOW,655,1
18162.53,3,1,UPI,0,MEDIUM,445,0
17736.22,20,1,WALLET,0,LOW,318,0
14076.8,10,0,CARD,0,LOW,318,0
6686.24,8,1,CARD,0,LOW,740,0
525.35,19,1,WALLET,1,HIGH,866,0
14980.15,5,1,UPI,0,MEDIUM,886,0
723.52,19,0,NETBANKING,0,LOW,843,0
100.12,21,0,NETBANKING,0,MEDIUM,744,0
789.42,10,0,WALLET,0,MEDIUM,989,0
300.08,6,0,CARD,0,LOW,668,0
387.39,17,1,UPI,0,MEDIUM,611,0
294.86,23,1,CARD,0,LOW,69,0
686.96,8,0,WALLET,0,MEDIUM,446,0
931.76,4,1,NETBANKING,0,HIGH,560,0
9239.93,1,1,CARD,0,LOW,150,0
16233.47,4,0,CARD,1,MEDIUM,913,1
426.72,9,0,WALLET,0,HIGH,53,0
11233.07,2,1,WALLET,0,LOW,120,0
13523.0,2,0,UPI,0,LOW,299,0
355.11,10,0,CARD,0,HIGH,114,0
264.8,22,0,WALLET,0,MEDIUM,164,0
148.61,19,0,CARD,0,LOW,829,0
379.75,14,0,NETBANKING,0,LOW,131,0
295.96,12,0,UPI,0,LOW,342,0
88.86,9,0,NETBANKING,1,LOW,411,0
16502.78,18,1,CARD,0,LOW,100,0
98.58,6,1,CARD,0,HIGH,268,0
887.14,0,1,CARD,0,MEDIUM,171,0
822.92,13,1,CARD,0,LOW,76,0
60909.37,12,0,CARD,0,LOW,785,0
557.45,17,1,NETBANKING,0,MEDIUM,24,0
6493.27,2,0,NETBANKING,0,MEDIUM,283,0
207.18,17,0,NETBANKING,0,MEDIUM,82,0
295.01,15,0,CARD,0,LOW,58,0
562.61,19,0,NETBANKING,0,MEDIUM,731,0
6327.37,22,0,UPI,0,MEDIUM,354,0
361.99,12,0,WALLET,1,LOW,371,0
306.95,14,0,CARD,0,LOW,289,0
394.56,18,0,UPI,0,LOW,193,0
1002.29,0,0,CARD,0,LOW,870,0
524.08,4,0,CARD,0,HIGH,935,0
600.25,20,1,WALLET,0,LOW,215,0
238.42,6,1,UPI,0,MEDIUM,76,0
597.91,10,0,NETBANKING,0,LOW,622,0
2439.83,20,1,WALLET,0,MEDIUM,807,0
9623.76,19,1,WALLET,0,LOW,993,0
702.69,15,0,NETBANKING,0,LOW,369,0
217.62,7,0,CARD,0,LOW,791,0
105.39,0,0,CARD,0,MEDIUM,670,0
636.93,19,1,WALLET,0,LOW,530,0
843.26,18,0,CARD,1,LOW,788,0
550.73,5,0,WALLET,0,LOW,161,0
751.58,16,0,UPI,0,LOW,254,0
379.84,21,0,NETBANKING,0,MEDIUM,284,0
10065.16,15,0,UPI,1,HIGH,365,0
1596.72,14,1,UPI,0,MEDIUM,393,0
838.83,9,1,CARD,0,MEDIUM,512,0
135.91,1,1,NETBANKING,0,MEDIUM,642,0
19891.04,13,0,NETBANKING,0,LOW,823,0
3596.81,5,1,NETBANKING,0,LOW,395,0
399.97,8,0,NETBANKING,0,LOW,475,0
185.16,20,0,WALLET,0,LOW,283,0
200.11,13,1,WALLET,0,LOW,28,0
209.03,11,1,NETBANKING,0,HIGH,561,0
720.1,1,1,UPI,0,LOW,276,0
774.25,13,1,CARD,0,LOW,532,0
220.72,12,0,CARD,0,LOW,842,0
498.55,17,0,NETBANKING,1,LOW,785,0
8734.55,8,0,UPI,0,LOW,262,0
144.57,13,0,WALLET,0,LOW,202,0
776.63,19,0,UPI,0,LOW,540,0
135020.6,9,0,CARD,0,LOW,33,1
186.06,21,0,NETBANKING,0,LOW,451,0
164.35,15,1,WALLET,1,MEDIUM,19,1
15272.81,17,0,CARD,1,MEDIUM,356,0
4327.53,21,1,WALLET,1,LOW,659,0
3498.5,0,1,NETBANKING,1,LOW,550,0
452.35,8,0,NETBANKING,0,HIGH,865,0
158.23,9,0,UPI,1,MEDIUM,419,0
14484.16,8,0,NETBANKING,0,LOW,263,0
700.45,3,0,CARD,1,MEDIUM,111,0
7296.24,7,0,WALLET,0,MEDIUM,262,0
44.2,0,1,WALLET,0,HIGH,139,0
9727.21,16,0,WALLET,0,LOW,960,0
13089.6,9,0,UPI,1,LOW,703,0
15281.53,15,1,NETBANKING,0,LOW,260,0
927.51,23,0,UPI,0,LOW,317,0
220.91,6,1,NETBANKING,0,LOW,370,0
762.85,13,0,UPI,0,LOW,197,0
271.66,0,1,UPI,0,LOW,264,0
390.47,12,0,CARD,0,LOW,810,0
19518.54,19,0,UPI,0,LOW,121,0
7970.95,4,0,UPI,0,LOW,432,0
632.9,1,0,CARD,0,LOW,535,0
331.06,13,0,WALLET,0,MEDIUM,771,0
390.15,18,0,UPI,0,LOW,999,0
996.75,2,1,NETBANKING,0,LOW,251,0
10912.84,2,0,CARD,1,HIGH,769,1
256.49,14,0,WALLET,0,LOW,951,0
688.39,10,1,CARD,0,HIGH,212,0
9048.55,1,1,UPI,0,LOW,654,0
138.75,2,1,UPI,0,MEDIUM,907,0
14259.0,13,0,CARD,0,LOW,676,0
692.89,16,0,CARD,0,LOW,437,0
241.1,10,1,NETBANKING,0,LOW,340,0
699.76,6,1,UPI,1,HIGH,821,0
312.98,5,0,CARD,0,LOW,271,0
420.42,1,0,UPI,0,MEDIUM,342,0
969.62,17,0,NETBANKING,0,LOW,164,0
81.61,23,0,WALLET,0,LOW,650,0
902.66,11,1,UPI,0,LOW,650,0
39.5,23,1,CARD,0,MEDIUM,262,0
7607.5,3,0,WALLET,0,MEDIUM,192,0
568.91,0,0,UPI,0,LOW,370,0
81.03,21,1,WALLET,0,MEDIUM,736,0
13300.07,21,0,NETBANKING,1,LOW,557,0
4897.66,9,1,UPI,0,LOW,424,0
13933.88,9,1,NETBANKING,0,LOW,11,0
102.13,3,0,UPI,0,LOW,651,0
11573.9,11,1,WALLET,0,MEDIUM,38,0
840.06,19,0,UPI,0,MEDIUM,25,0
14606.81,20,1,UPI,0,LOW,29,0
149.04,22,1,UPI,0,LOW,124,0
846.88,20,1,UPI,0,HIGH,236,0
654.41,21,0,WALLET,0,LOW,111,0
12344.66,18,1,NETBANKING,1,LOW,598,0
9235.22,8,0,WALLET,0,MEDIUM,163,0
805.28,13,0,NETBANKING,0,HIGH,471,0
325.24,18,0,CARD,0,MEDIUM,378,0
759.98,3,0,WALLET,0,MEDIUM,231,0
298.61,8,0,WALLET,0,MEDIUM,727,0
9589.64,11,0,NETBANKING,0,MEDIUM,629,0
79.61,23,1,NETBANKING,0,MEDIUM,306,0
15410.0,21,1,CARD,1,MEDIUM,311,0
423.44,21,0,UPI,0,LOW,965,0
642.52,6,0,NETBANKING,0,MEDIUM,524,0
298.84,23,0,NETBANKING,0,LOW,79,0
492.0,17,0,NETBANKING,0,LOW,607,0
461.77,19,0,CARD,0,LOW,902,0
16715.38,19,1,WALLET,0,LOW,487,0
480.25,1,0,NETBANKING,0,LOW,319,0
555.71,3,0,CARD,0,LOW,552,0
654.31,18,0,UPI,0,LOW,534,0
978.91,3,1,UPI,0,MEDIUM,404,0
313.77,20,0,CARD,1,LOW,659,0
8923.22,22,1,CARD,0,MEDIUM,506,0
654.11,19,1,UPI,0,MEDIUM,488,0
18784.89,9,0,NETBANKING,0,MEDIUM,155,0
976.02,23,1,NETBANKING,0,LOW,411,0
756.69,4,0,CARD,0,LOW,844,0
408.41,16,1,WALLET,0,MEDIUM,806,0
201.97,21,0,WALLET,0,LOW,826,0
981.13,21,1,NETBANKING,0,LOW,816,0
633.13,1,0,NETBANKING,1,LOW,927,0
742.97,11,1,WALLET,0,LOW,194,0
4413.81,10,1,CARD,0,LOW,78,0
537.38,6,1,NETBANKING,0,MEDIUM,216,0
1405.6,11,0,CARD,0,LOW,215,0
73160.76,2,1,NETBANKING,0,LOW,886,0
309.47,6,1,NETBANKING,0,LOW,995,0
79.41,1,1,WALLET,0,LOW,44,0
653.3,4,1,WALLET,0,LOW,423,0
12673.85,14,0,NETBANKING,0,MEDIUM,505,0
11088.0,11,1,WALLET,0,LOW,644,0
244.56,15,0,CARD,0,LOW,5,0
8887.42,6,0,NETBANKING,0,LOW,87,0
18393.47,12,0,CARD,0,LOW,920,0
231.43,4,0,UPI,0,LOW,657,0
490.66,14,1,CARD,0,LOW,447,0
444.31,1,1,WALLET,0,LOW,148,0
9655.94,23,0,UPI,0,MEDIUM,170,0
365.08,14,1,CARD,0,LOW,941,0
468.2,14,0,WALLET,0,MEDIUM,612,0
620.64,21,1,UPI,0,LOW,720,0
789.58,16,1,UPI,0,LOW,654,0
506.8,19,1,UPI,0,LOW,575,0
12698.36,9,0,NETBANKING,0,HIGH,588,0
585.76,21,1,NETBANKING,1,MEDIUM,871,0
874.51,14,0,UPI,0,HIGH,397,0
351.43,23,1,WALLET,0,LOW,645,0
817.24,17,1,UPI,0,LOW,426,0
930.79,5,0,NETBANKING,0,HIGH,937,0
688.96,5,1,WALLET,0,LOW,182,0
16686.47,7,0,WALLET,0,LOW,940,0
737.71,4,0,UPI,0,MEDIUM,635,0
40.4,4,1,CARD,0,HIGH,270,0
885.55,9,1,CARD,0,MEDIUM,56,0
904.74,5,1,UPI,1,MEDIUM,55,0
115.02,1,0,CARD,0,LOW,812,0
274.99,11,1,WALLET,0,LOW,303,0
826.31,18,0,NETBANKING,0,LOW,745,0
629.4,9,0,CARD,0,LOW,758,0
9029.18,9,0,WALLET,0,LOW,623,0
836.04,12,0,UPI,0,MEDIUM,204,0
10442.58,20,1,WALLET,0,MEDIUM,349,0
813.91,7,0,UPI,0,LOW,221,0
250.3,19,1,UPI,0,LOW,965,0
64809.88,2,0,WALLET,0,HIGH,17,1
89768.91,23,0,CARD,0,MEDIUM,741,0
707.07,1,0,WALLET,0,MEDIUM,899,0
7150.44,4,1,WALLET,0,HIGH,491,0
790.28,10,1,NETBANKING,0,HIGH,637,0
17126.59,19,0,CARD,0,LOW,808,0
5473.62,20,0,UPI,1,HIGH,522,0
231.91,17,1,NETBANKING,0,MEDIUM,948,0
547.76,5,0,NETBANKING,0,MEDIUM,125,0
261.59,1,0,NETBANKING,0,LOW,537,0
261.71,2,0,NETBANKING,1,MEDIUM,792,0
47.25,10,0,NETBANKING,0,HIGH,504,0
265.8,16,1,CARD,0,LOW,413,0
813.0,17,1,CARD,0,MEDIUM,335,0
112.62,5,1,UPI,1,HIGH,873,1
386.14,17,1,NETBANKING,0,LOW,625,0
4334.4,20,1,WALLET,0,LOW,686,0
505.72,0,1,CARD,0,MEDIUM,532,0
21.08,13,1,WALLET,0,HIGH,42,0
437.3,22,1,WALLET,0,MEDIUM,592,0
11.19,15,0,NETBANKING,0,LOW,615,0
733.53,19,0,UPI,0,MEDIUM,578,0
2652.02,20,0,NETBANKING,0,LOW,670,0
722.07,8,0,UPI,0,HIGH,461,0
680.06,10,0,CARD,0,LOW,173,0
54.39,18,1,WALLET,0,LOW,909,0
333.89,18,1,WALLET,0,MEDIUM,125,0
15503.63,22,0,NETBANKING,0,MEDIUM,156,0
15307.92,8,1,NETBANKING,0,LOW,632,0
253.54,0,1,WALLET,0,HIGH,441,0
835.72,20,1,WALLET,0,HIGH,493,0
459.56,13,1,CARD,0,MEDIUM,40,0
487.2,0,0,CARD,0,MEDIUM,161,0
18.91,16,1,CARD,0,LOW,753,0
24301.4,9,0,WALLET,0,MEDIUM,112,0
11509.86,5,1,CARD,0,LOW,627,0
180.25,10,0,CARD,0,LOW,973,0
862.27,12,0,CARD,0,MEDIUM,138,0
955.29,17,1,UPI,1,LOW,491,0
685.91,8,0,NETBANKING,0,LOW,316,0
349.96,21,0,UPI,0,LOW,71,0
404.18,22,1,WALLET,0,MEDIUM,76,0
3851.84,7,1,UPI,0,LOW,247,0
949.0,17,0,WALLET,0,MEDIUM,578,0
952.89,0,1,CARD,0,LOW,539,0
131.18,10,0,CARD,0,LOW,839,0
2656.19,3,1,NETBANKING,0,LOW,70,0
948.65,16,0,UPI,0,MEDIUM,375,0
142.16,11,1,WALLET,0,LOW,261,0
563.36,16,1,NETBANKING,0,LOW,411,0
407.66,15,1,WALLET,0,LOW,372,0
11056.66,18,0,UPI,0,MEDIUM,186,0
10308.03,18,0,UPI,0,LOW,16,0
483.98,10,1,UPI,0,LOW,235,0
9916.56,4,0,CARD,0,LOW,281,0
927.39,18,1,UPI,0,MEDIUM,691,0
927.85,14,0,WALLET,0,MEDIUM,99,0
38535.52,13,0,NETBANKING,0,LOW,925,0
214.24,15,1,CARD,1,LOW,778,0
96.37,18,0,NETBANKING,0,LOW,501,0
125066.39,23,0,WALLET,0,MEDIUM,996,0
13896.05,22,1,UPI,1,MEDIUM,339,0
14268.21,23,1,NETBANKING,0,LOW,554,0
14116.46,14,0,WALLET,0,LOW,86,0
613.66,5,0,WALLET,0,MEDIUM,113,0
562.3,14,1,CARD,0,MEDIUM,809,0
379.91,5,1,UPI,0,LOW,839,0
695.7,9,1,CARD,0,LOW,26,0
162.46,14,1,CARD,0,MEDIUM,574,0
145.1,19,0,NETBANKING,0,MEDIUM,913,0
889.16,21,1,NETBANKING,0,MEDIUM,202,0
666.8,4,0,WALLET,0,LOW,250,0
998.1,6,1,WALLET,0,LOW,712,0
8661.39,3,1,UPI,0,MEDIUM,128,0
476.67,9,1,WALLET,0,MEDIUM,104,0
535.99,19,0,NETBANKING,0,LOW,553,0
4876.76,14,1,WALLET,0,LOW,610,0
772.83,22,1,CARD,0,LOW,601,0
152.19,18,1,NETBANKING,0,MEDIUM,254,0
65.32,10,1,UPI,1,LOW,185,0
11287.26,22,0,UPI,0,LOW,866,0
477.93,14,1,NETBANKING,0,MEDIUM,411,0
126.68,12,1,CARD,0,MEDIUM,892,0
190.37,21,0,CARD,0,MEDIUM,249,0
735.03,10,1,WALLET,0,MEDIUM,860,0
827.06,19,0,CARD,0,LOW,814,0
10231.17,21,1,UPI,0,LOW,799,0
781.54,15,1,NETBANKING,0,LOW,986,0
10090.66,11,0,NETBANKING,0,LOW,624,0
177.44,3,0,WALLET,0,LOW,230,0
371.27,22,0,NETBANKING,0,LOW,665,0
545.82,17,0,UPI,0,MEDIUM,315,0
277.62,21,1,CARD,0,LOW,821,0
757.56,0,0,NETBANKING,0,MEDIUM,437,0
689.65,23,1,WALLET,0,LOW,382,0
175494.24,4,1,NETBANKING,0,LOW,147,1
696.55,10,0,CARD,0,LOW,550,0
373.74,3,1,WALLET,0,LOW,281,0
971.47,14,1,NETBANKING,0,LOW,539,0
418.76,4,0,WALLET,1,LOW,244,1
743.0,4,0,CARD,0,LOW,984,0
83948.79,22,0,WALLET,0,LOW,708,0
571.29,1,1,WALLET,0,LOW,582,0
493.75,13,1,NETBANKING,0,LOW,504,0
567.51,6,1,NETBANKING,0,LOW,983,0
939.96,10,0,NETBANKING,0,MEDIUM,589,0
7003.35,22,1,NETBANKING,0,MEDIUM,602,0
743.16,13,1,WALLET,0,MEDIUM,717,0
547.62,10,0,NETBANKING,0,LOW,669,0
171.31,10,0,UPI,0,LOW,904,0
636.1,10,0,NETBANKING,0,LOW,201,0
10428.11,2,1,NETBANKING,0,LOW,994,0
975.49,10,1,UPI,0,LOW,786,0
1446.61,0,1,UPI,0,MEDIUM,697,0
15730.06,21,0,CARD,0,MEDIUM,763,0
566.2,13,1,UPI,0,LOW,34,0
412.04,22,1,CARD,0,MEDIUM,664,0
5857.33,23,1,NETBANKING,0,MEDIUM,485,0
511.13,9,0,UPI,0,LOW,474,0
422.73,23,1,UPI,0,MEDIUM,310,0
835.99,2,0,NETBANKING,0,LOW,744,0
492.06,23,0,WALLET,0,LOW,543,0
178.02,2,1,NETBANKING,0,MEDIUM,63,0
64.3,21,1,WALLET,0,MEDIUM,697,0
16648.38,17,0,NETBANKING,0,LOW,864,0
705.57,15,1,UPI,0,LOW,207,0
7133.82,0,0,CARD,0,LOW,318,0
119.83,20,0,WALLET,0,LOW,976,0
17885.16,8,1,UPI,0,HIGH,356,0
573.04,17,1,CARD,0,MEDIUM,34,0
382.43,14,1,CARD,0,MEDIUM,796,0
179.11,11,0,CARD,0,LOW,632,0
10915.79,11,1,NETBANKING,0,LOW,845,0
10309.12,0,1,CARD,0,MEDIUM,355,0
565.93,18,1,UPI,0,LOW,143,0
846.56,23,1,UPI,0,LOW,846,0
7907.08,13,0,UPI,0,LOW,994,0
328.4,19,1,WALLET,0,LOW,673,0
169.84,6,1,CARD,0,HIGH,9,0
14356.76,14,0,CARD,0,MEDIUM,641,0
123.33,19,1,UPI,0,LOW,506,0
101.06,22,1,WALLET,0,LOW,164,0
53.56,3,1,CARD,0,MEDIUM,878,0
1608.49,2,1,UPI,0,LOW,6,0
17721.86,13,1,WALLET,0,LOW,118,0
455.59,8,0,CARD,0,MEDIUM,905,0
505.59,15,1,CARD,0,LOW,279,0
550.66,23,1,WALLET,0,LOW,847,0
11839.54,11,1,UPI,0,LOW,53,0
19250.19,23,0,NETBANKING,0,LOW,633,0
18140.03,6,1,UPI,0,LOW,755,0
361.94,11,1,UPI,0,MEDIUM,185,0
87.43,20,0,UPI,0,LOW,903,0
413.83,21,1,CARD,0,LOW,441,0
486.94,18,0,WALLET,0,LOW,275,0
232.62,10,0,NETBANKING,0,HIGH,586,0
865.74,20,0,UPI,0,HIGH,229,0
820.09,21,0,NETBANKING,0,HIGH,868,0
127728.42,9,1,WALLET,0,LOW,755,0
280.7,15,1,NETBANKING,1,LOW,609,0
6244.2,2,0,NETBANKING,0,MEDIUM,598,0
529.72,22,0,CARD,0,LOW,523,0
381.95,10,1,NETBANKING,0,MEDIUM,138,0
181084.35,14,0,WALLET,1,LOW,954,1
8089.39,10,0,NETBANKING,0,MEDIUM,810,0
139.65,11,0,WALLET,0,LOW,230,0
6139.99,20,0,UPI,0,LOW,281,0
787.35,13,1,NETBANKING,0,LOW,51,0
265.59,21,0,CARD,1,LOW,484,0
427.05,23,0,WALLET,0,LOW,175,0
4233.0,6,0,CARD,0,MEDIUM,772,0
463.58,0,1,UPI,0,LOW,603,0
359.57,22,1,WALLET,0,LOW,887,0
238.03,12,0,UPI,0,LOW,82,0
9454.03,3,1,CARD,0,LOW,54,0
519.52,8,1,NETBANKING,0,LOW,8,0
74.27,0,1,NETBANKING,0,LOW,236,0
16367.12,15,0,UPI,0,LOW,374,0
469.61,17,1,NETBANKING,0,HIGH,974,0
398.23,9,0,CARD,0,MEDIUM,992,0
492.6,20,0,WALLET,0,LOW,532,0
873.36,2,1,CARD,0,LOW,583,0
753.1,6,0,UPI,1,LOW,62,0
916.77,15,1,CARD,1,LOW,314,0
494.39,1,0,WALLET,0,MEDIUM,339,0
329.45,14,1,NETBANKING,0,MEDIUM,215,0
908.25,18,1,CARD,1,LOW,5,1
3769.04,17,0,NETBANKING,0,LOW,315,0
296.42,14,0,NETBANKING,0,MEDIUM,998,0
3848.0,10,1,CARD,0,LOW,906,0
792.72,20,0,CARD,0,LOW,356,0
18774.35,7,0,UPI,1,MEDIUM,891,0
153.3,23,0,NETBANKING,0,LOW,590,0
530.5,21,1,WALLET,0,MEDIUM,8,0
592.47,17,1,WALLET,0,LOW,278,0
209.25,22,1,WALLET,0,LOW,891,0
216.78,16,0,WALLET,0,MEDIUM,726,0
12161.43,1,0,NETBANKING,0,LOW,506,0
95.26,12,0,WALLET,0,LOW,838,0
601.71,23,0,CARD,0,MEDIUM,74,0
960.13,15,1,CARD,0,LOW,741,0
500.16,4,1,CARD,0,LOW,283,0
32244.58,2,0,NETBANKING,0,LOW,604,0
156.5,2,0,WALLET,0,LOW,355,0
435.02,13,0,WALLET,0,LOW,933,0
11377.72,9,1,UPI,0,MEDIUM,261,0
12361.07,10,0,UPI,0,MEDIUM,958,0
606.86,16,0,NETBANKING,0,HIGH,340,0
859.95,14,1,NETBANKING,0,MEDIUM,917,0
17916.05,14,0,UPI,0,MEDIUM,687,0
536.68,14,0,NETBANKING,0,MEDIUM,189,0
121.38,10,1,UPI,0,LOW,416,0
19600.73,17,1,WALLET,0,HIGH,424,0
885.46,19,1,UPI,0,LOW,291,0
195.62,4,1,UPI,1,MEDIUM,591,0
657.94,23,0,UPI,0,LOW,854,0
794.54,0,1,NETBANKING,0,LOW,255,0
197.98,1,1,WALLET,0,LOW,132,0
122.99,2,0,WALLET,0,MEDIUM,456,0
6551.67,16,0,NETBANKING,0,HIGH,189,0
193.38,7,1,UPI,0,LOW,173,0
910.17,21,0,NETBANKING,0,LOW,121,0
180.3,8,0,NETBANKING,0,HIGH,107,0
319.06,19,0,CARD,0,LOW,174,0
17417.85,11,1,UPI,1,LOW,253,0
490.49,1,1,UPI,0,LOW,7,0
92.04,20,0,WALLET,1,LOW,853,0
336.04,19,1,NETBANKING,0,HIGH,598,0
14420.43,4,0,UPI,0,MEDIUM,73,0
18686.02,19,1,UPI,0,MEDIUM,316,0
155722.57,12,0,WALLET,0,LOW,396,0
426.74,19,0,WALLET,0,LOW,853,0
18714.42,5,0,UPI,0,LOW,990,0
664.15,18,0,WALLET,0,LOW,357,0
14578.67,17,0,NETBANKING,0,LOW,178,0
732.81,4,1,CARD,0,MEDIUM,834,0
518.38,18,1,CARD,0,LOW,656,0
2622.1,13,0,WALLET,0,LOW,289,0
3542.6,20,1,CARD,0,LOW,74,0
183.63,23,0,UPI,0,LOW,42,0
623.32,21,0,UPI,0,LOW,426,0
538.22,19,1,CARD,0,LOW,474,0
34.21,17,0,WALLET,0,MEDIUM,631,0
16226.83,17,0,CARD,0,MEDIUM,420,0
742.47,21,0,NETBANKING,0,LOW,197,0
13998.09,17,0,WALLET,0,LOW,141,0
180456.67,19,1,WALLET,0,MEDIUM,487,0
189.69,2,0,WALLET,0,HIGH,350,0
343.18,13,0,CARD,0,LOW,990,0
799.24,2,0,NETBANKING,0,MEDIUM,363,0
659.75,12,1,CARD,0,LOW,407,0
817.09,15,1,UPI,0,LOW,50,0
744.04,16,1,UPI,0,LOW,250,0
118.04,21,1,CARD,0,MEDIUM,83,0
497.98,23,1,NETBANKING,0,LOW,565,0
321.93,15,0,NETBANKING,0,MEDIUM,600,0
254.1,11,0,NETBANKING,0,MEDIUM,999,0
54154.11,3,1,CARD,0,HIGH,591,1
6660.98,4,1,CARD,0,LOW,153,0
1997.16,18,0,WALLET,0,LOW,581,0
173.86,18,0,WALLET,0,LOW,276,0
892.59,19,0,NETBANKING,0,LOW,516,0
230.73,11,0,CARD,0,LOW,167,0
820.56,6,0,NETBANKING,0,LOW,235,0
847.21,11,0,WALLET,0,LOW,564,0
813.09,14,0,CARD,0,MEDIUM,127,0
518.78,2,1,WALLET,1,HIGH,431,1
11887.95,8,1,UPI,0,MEDIUM,302,0
620.52,9,0,NETBANKING,0,LOW,442,0
810.27,9,1,NETBANKING,0,LOW,957,0
9418.54,10,1,UPI,0,HIGH,999,0
363.37,11,1,WALLET,0,LOW,153,0
142.02,17,1,WALLET,0,MEDIUM,716,0
73.97,1,1,NETBANKING,0,LOW,484,0
19444.79,23,0,UPI,1,LOW,237,0
1634.47,11,0,UPI,0,LOW,698,0
7527.96,23,1,WALLET,0,MEDIUM,983,0
560.17,8,1,CARD,0,LOW,337,0
770.48,9,1,CARD,0,LOW,350,0
956.4,21,1,UPI,0,MEDIUM,758,0
49.4,2,1,UPI,0,MEDIUM,769,0
93.03,13,1,CARD,0,HIGH,828,0
188434.57,15,1,NETBANKING,0,LOW,536,0
474.13,4,0,NETBANKING,0,LOW,665,0
103342.96,13,0,UPI,0,HIGH,299,1
516.14,6,1,CARD,0,MEDIUM,740,0
154.04,10,1,UPI,0,LOW,854,0
12811.38,6,1,UPI,0,LOW,384,0
689.33,12,0,WALLET,1,MEDIUM,853,0
6975.16,20,1,NETBANKING,0,MEDIUM,536,0
727.61,0,0,WALLET,0,MEDIUM,835,0
9161.93,20,1,CARD,0,MEDIUM,846,0
947.7,18,1,WALLET,1,MEDIUM,995,0
13960.36,14,0,NETBANKING,0,LOW,898,0
20807.13,3,0,CARD,0,LOW,962,0
11889.55,6,0,NETBANKING,0,MEDIUM,554,0
65.39,5,1,NETBANKING,0,MEDIUM,969,0
835.74,1,1,UPI,0,LOW,657,0
547.79,9,0,NETBANKING,0,LOW,900,0
182.71,10,1,NETBANKING,0,MEDIUM,803,0
516.26,4,0,NETBANKING,0,LOW,493,0
62276.35,9,0,CARD,0,LOW,487,0
441.77,22,1,NETBANKING,0,LOW,951,0
923.36,17,0,UPI,0,LOW,79,0
17.71,8,1,NETBANKING,0,LOW,880,0
9306.17,10,0,UPI,0,LOW,565,0
797.84,22,1,NETBANKING,0,LOW,84,0
929.36,12,0,CARD,0,MEDIUM,894,0
253.85,4,1,NETBANKING,0,LOW,478,0
345.19,1,1,CARD,0,LOW,381,0
181.57,21,0,CARD,0,MEDIUM,877,0
681.09,16,0,NETBANKING,1,MEDIUM,171,0
19833.27,1,1,WALLET,0,HIGH,496,0
306.27,14,0,CARD,0,LOW,489,0
355.76,1,1,NETBANKING,0,LOW,274,0
518.39,13,1,NETBANKING,0,LOW,301,0
696.04,16,0,UPI,0,LOW,1000,0
439.47,5,0,CARD,0,LOW,582,0
80.63,8,1,UPI,0,MEDIUM,859,0
3235.19,3,0,CARD,0,LOW,497,0
10596.7,6,0,UPI,0,LOW,457,0
11932.78,1,0,WALLET,0,MEDIUM,933,0
863.64,8,0,WALLET,0,LOW,550,0
811.8,11,0,NETBANKING,0,HIGH,245,0
140627.93,2,1,CARD,0,LOW,419,1
4266.34,14,1,CARD,0,LOW,92,0
17348.37,3,1,CARD,0,HIGH,531,0
9732.22,17,1,CARD,0,LOW,651,0
484.37,12,1,UPI,0,LOW,948,0
503.02,6,1,NETBANKING,0,MEDIUM,160,0
804.02,7,0,NETBANKING,0,MEDIUM,367,0
186907.2,3,1,WALLET,0,MEDIUM,200,1
19383.46,18,1,CARD,0,LOW,393,0
113.75,3,0,NETBANKING,0,MEDIUM,482,0
552.03,17,1,UPI,0,LOW,886,0
668.72,20,0,UPI,0,LOW,750,0
785.63,22,1,NETBANKING,0,LOW,934,0
566.22,13,0,NETBANKING,0,LOW,338,0
355.66,5,1,CARD,0,MEDIUM,224,0
250.97,4,0,UPI,0,MEDIUM,326,0
574.42,6,1,UPI,1,MEDIUM,349,0
2848.07,23,1,UPI,0,LOW,514,0
263.2,18,1,CARD,0,LOW,508,0
793.07,23,0,CARD,0,LOW,354,0
9782.32,23,0,NETBANKING,0,LOW,58,0
529.38,14,0,WALLET,0,LOW,690,0
5364.32,7,1,NETBANKING,0,LOW,467,0
851.37,0,1,UPI,0,LOW,882,0
8259.4,13,0,CARD,0,LOW,694,0
18262.76,17,0,WALLET,0,LOW,580,0
306.86,1,1,WALLET,0,LOW,233,0
803.87,10,1,CARD,0,LOW,877,0
13815.19,22,0,WALLET,0,MEDIUM,632,0
701.92,7,1,WALLET,0,MEDIUM,306,0
530.18,10,1,CARD,0,MEDIUM,238,0
688.03,19,0,NETBANKING,0,MEDIUM,198,0
14470.22,22,0,NETBANKING,1,LOW,332,0
7607.06,5,0,UPI,0,LOW,746,0
774.47,14,0,CARD,0,LOW,130,0
2783.2,17,0,CARD,0,MEDIUM,620,0
241.19,8,1,WALLET,0,LOW,326,0
108.43,11,0,WALLET,0,HIGH,463,0
327.17,8,1,UPI,0,MEDIUM,851,0
4337.38,15,0,UPI,0,MEDIUM,212,0
180.76,20,1,UPI,0,HIGH,582,0
355.34,5,0,NETBANKING,0,HIGH,191,0
104754.45,15,1,NETBANKING,0,LOW,516,0
218.1,3,0,WALLET,0,LOW,148,0
439.04,19,0,WALLET,1,LOW,41,0
900.59,16,0,WALLET,0,LOW,442,0
365.21,9,1,WALLET,0,LOW,98,0
942.36,3,1,WALLET,0,LOW,135,0
15366.22,1,1,WALLET,0,LOW,100,0
4500.4,20,0,WALLET,0,LOW,779,0
12082.51,13,1,UPI,0,MEDIUM,895,0
933.76,1,1,CARD,0,MEDIUM,363,0
11860.4,5,1,WALLET,0,HIGH,566,0
18533.04,3,0,UPI,0,LOW,508,0
2547.47,15,0,CARD,1,LOW,463,0
246.79,22,1,WALLET,0,LOW,468,0
41577.28,5,0,NETBANKING,0,LOW,431,0
67.93,10,1,CARD,0,LOW,370,0
6080.09,16,1,CARD,0,LOW,997,0
17452.37,15,1,CARD,1,HIGH,774,1
408.59,13,0,CARD,0,LOW,885,0
108849.8,13,1,NETBANKING,1,MEDIUM,937,1
172.9,14,0,CARD,0,LOW,673,0
977.2,6,0,WALLET,0,LOW,536,0
18489.42,13,1,NETBANKING,0,LOW,670,0
411.63,5,0,UPI,0,LOW,956,0
853.49,14,0,CARD,0,LOW,696,0
261.46,3,0,NETBANKING,0,LOW,357,0
506.52,12,1,NETBANKING,0,LOW,719,0
995.84,1,0,CARD,0,LOW,746,0
55159.57,9,0,WALLET,0,MEDIUM,761,0
511.57,14,0,WALLET,1,LOW,361,0
873.92,1,0,UPI,0,LOW,485,0
974.48,14,1,NETBANKING,0,MEDIUM,92,0
555.11,3,0,WALLET,0,MEDIUM,267,0
13.71,15,1,UPI,0,MEDIUM,941,0
203.49,19,1,WALLET,0,LOW,139,0
769.28,19,1,NETBANKING,0,MEDIUM,656,0
13626.39,14,1,WALLET,0,LOW,260,0
474.68,21,0,WALLET,0,LOW,680,0
379.2,6,0,CARD,0,LOW,908,0
8459.5,10,0,CARD,0,LOW,167,0
184496.0,8,0,WALLET,0,MEDIUM,582,0
503.6,10,1,UPI,0,MEDIUM,703,0
11288.48,15,1,UPI,0,LOW,714,0
732.36,18,0,WALLET,0,MEDIUM,692,0
63.11,15,1,UPI,0,MEDIUM,485,0
614.76,9,0,UPI,0,LOW,993,0
7452.26,3,1,UPI,0,LOW,907,0
10667.19,13,0,UPI,0,LOW,426,0
555.95,8,0,NETBANKING,1,MEDIUM,900,0
60.04,5,0,UPI,0,HIGH,203,0
548.86,8,1,NETBANKING,0,LOW,560,0
1988.19,19,0,UPI,0,LOW,388,0
327.27,15,1,UPI,0,LOW,357,0
531.44,9,1,NETBANKING,0,MEDIUM,969,0
505.85,10,1,WALLET,0,LOW,94,0
14208.97,2,0,NETBANKING,1,LOW,520,0
969.12,4,1,NETBANKING,0,LOW,849,0
424.84,22,0,NETBANKING,0,LOW,295,0
456.21,19,1,UPI,0,LOW,206,0
9808.96,14,1,UPI,1,LOW,792,0
480.95,18,0,NETBANKING,0,LOW,178,0
576.26,1,1,CARD,0,MEDIUM,995,0
10588.0,7,1,UPI,0,LOW,152,0
2530.69,16,1,CARD,0,LOW,117,0
119.21,4,1,NETBANKING,0,LOW,42,0
338.31,12,1,WALLET,0,MEDIUM,537,0
224.22,15,1,NETBANKING,0,MEDIUM,304,0
135733.77,7,0,CARD,1,MEDIUM,728,1
438.56,11,0,WALLET,0,LOW,302,0
578.83,14,0,CARD,0,MEDIUM,450,0
5839.44,17,0,CARD,0,HIGH,355,0
4532.85,1,1,NETBANKING,0,MEDIUM,548,0
365.21,7,1,NETBANKING,0,LOW,280,0
440.97,14,0,CARD,0,LOW,591,0
220.58,11,0,NETBANKING,0,HIGH,428,0
779.26,21,0,WALLET,0,HIGH,481,0
541.48,22,1,UPI,0,MEDIUM,994,0
148.38,17,1,WALLET,0,MEDIUM,25,0
208.41,8,1,WALLET,0,MEDIUM,705,0
18.2,0,0,NETBANKING,0,MEDIUM,623,0
873.36,15,0,WALLET,0,HIGH,452,0
992.97,21,0,NETBANKING,0,MEDIUM,806,0
14077.48,21,1,CARD,0,LOW,350,0
19633.96,17,1,UPI,0,LOW,957,0
730.57,7,1,NETBANKING,0,LOW,575,0
9942.69,19,1,NETBANKING,0,MEDIUM,670,0
329.93,15,0,WALLET,0,MEDIUM,155,0
67.31,17,0,CARD,0,MEDIUM,578,0
97611.7,7,1,NETBANKING,0,MEDIUM,417,0
665.53,2,1,WALLET,0,LOW,232,0
83575.56,0,1,UPI,0,LOW,989,0
676.85,7,1,NETBANKING,0,HIGH,883,0
1340.94,19,1,WALLET,1,LOW,839,0
578.9,14,1,CARD,0,MEDIUM,611,0
151.87,0,0,CARD,0,LOW,787,0
2176.53,20,0,WALLET,0,LOW,350,0
19399.3,15,0,UPI,0,MEDIUM,630,0
30.11,14,0,WALLET,0,MEDIUM,819,0
228.46,15,1,UPI,0,LOW,951,0
562.57,5,1,UPI,0,LOW,434,0
4548.44,17,0,WALLET,0,LOW,247,0
690.3,6,0,UPI,0,LOW,616,0
191.33,10,0,NETBANKING,0,LOW,853,0
911.83,3,0,CARD,0,MEDIUM,543,0
414.29,17,0,NETBANKING,1,MEDIUM,514,0
154078.43,23,0,WALLET,0,LOW,983,0
802.53,19,1,UPI,1,LOW,444,0
12519.21,6,0,UPI,1,MEDIUM,465,0
10427.6,12,1,CARD,0,LOW,707,0
159.69,4,1,WALLET,0,MEDIUM,214,0
606.96,23,1,UPI,0,LOW,102,0
597.74,16,1,UPI,1,LOW,124,0
411.02,22,0,CARD,0,MEDIUM,460,0
187.76,19,0,UPI,0,MEDIUM,399,0
503.15,8,0,WALLET,0,MEDIUM,782,0
11400.56,15,0,WALLET,0,MEDIUM,501,0
14601.52,15,0,CARD,0,MEDIUM,814,0
585.69,13,1,CARD,0,LOW,812,0
11126.04,13,0,WALLET,0,LOW,856,0
983.36,2,1,NETBANKING,0,LOW,289,0
461.77,16,0,UPI,0,LOW,734,0
996.54,11,0,UPI,0,LOW,791,0
1984.58,1,0,WALLET,0,MEDIUM,779,0
565.82,20,1,NETBANKING,0,LOW,920,0
469.54,10,0,UPI,0,LOW,837,0
541.45,8,0,NETBANKING,0,MEDIUM,360,0
14135.35,8,0,UPI,0,LOW,248,0
956.02,5,1,WALLET,0,LOW,3,0
177.36,11,1,NETBANKING,1,MEDIUM,904,0
613.44,1,0,NETBANKING,0,MEDIUM,344,0
253.43,9,0,NETBANKING,0,LOW,407,0
3087.96,10,1,UPI,1,LOW,100,0
17132.86,13,0,UPI,0,LOW,31,0
7544.48,8,1,CARD,0,MEDIUM,277,0
846.56,5,1,WALLET,0,LOW,660,0
808.17,6,1,WALLET,0,MEDIUM,836,0
28946.86,4,0,CARD,1,HIGH,199,1
1018.42,16,1,CARD,0,MEDIUM,391,0
356.68,16,1,UPI,0,MEDIUM,773,0
905.83,20,1,CARD,0,LOW,825,0
403.17,4,1,UPI,0,LOW,128,0
74892.74,20,0,UPI,0,MEDIUM,578,0
921.84,19,0,WALLET,0,LOW,324,0
395.09,2,1,NETBANKING,0,LOW,443,0
653.56,13,0,UPI,0,MEDIUM,647,0
498.14,15,0,CARD,0,MEDIUM,134,0
177865.81,6,0,WALLET,0,LOW,133,0
592.17,19,0,UPI,0,MEDIUM,583,0
638.82,6,1,WALLET,0,LOW,852,0
19753.96,13,0,UPI,0,LOW,844,0
825.31,14,1,NETBANKING,0,LOW,578,0
5718.07,19,1,UPI,1,LOW,292,0
39.4,10,0,NETBANKING,0,HIGH,950,0
926.79,22,1,CARD,0,LOW,642,0
537.96,3,1,UPI,0,LOW,88,0
10618.41,1,1,WALLET,0,MEDIUM,29,0
1972.55,19,0,WALLET,0,LOW,931,0
302.16,3,1,WALLET,0,LOW,387,0
660.67,8,1,WALLET,1,LOW,776,0
19243.4,12,0,UPI,0,MEDIUM,9,0
711.35,13,1,NETBANKING,0,MEDIUM,643,0
3601.87,3,1,UPI,0,LOW,666,0
358.8,20,0,NETBANKING,0,MEDIUM,676,0
17148.78,16,0,NETBANKING,0,MEDIUM,523,0
6285.1,13,1,CARD,0,LOW,418,0
879.17,0,0,UPI,0,LOW,767,0
5602.5,7,0,NETBANKING,0,LOW,762,0
4273.75,2,0,NETBANKING,0,LOW,755,0
480.22,14,1,WALLET,1,LOW,319,0
1181.81,1,0,NETBANKING,0,MEDIUM,72,0
10395.76,18,0,UPI,0,MEDIUM,445,0
205.61,12,0,NETBANKING,0,MEDIUM,987,0
67510.29,23,1,UPI,0,LOW,579,0
78.93,7,1,CARD,0,LOW,326,0
4773.32,10,0,CARD,0,LOW,794,0
228.71,7,0,CARD,0,LOW,647,0
842.45,15,1,UPI,0,LOW,111,0
968.01,11,0,CARD,1,MEDIUM,340,0
186058.37,21,1,WALLET,0,LOW,411,0
103060.37,8,0,WALLET,0,LOW,528,0
452.96,6,1,NETBANKING,0,MEDIUM,935,0
688.07,16,0,CARD,0,MEDIUM,703,0
276.55,22,0,NETBANKING,0,LOW,441,0
589.42,6,0,NETBANKING,0,LOW,643,0
171185.52,18,1,CARD,0,HIGH,76,1
439.58,17,0,UPI,0,LOW,759,0
856.52,14,0,WALLET,0,MEDIUM,817,0
48.6,19,0,NETBANKING,0,LOW,162,0
979.96,3,1,CARD,0,MEDIUM,50,0
13968.56,19,0,CARD,0,LOW,159,0
308.21,22,0,UPI,0,LOW,408,0
229.01,3,0,NETBANKING,0,MEDIUM,508,0
11749.96,6,0,WALLET,0,HIGH,34,0
914.3,12,1,CARD,0,LOW,515,0
18087.01,3,1,UPI,0,HIGH,803,0
14615.42,2,0,UPI,0,LOW,85,0
411.62,18,0,CARD,0,MEDIUM,659,0
719.68,14,1,CARD,0,LOW,730,0
645.33,21,1,WALLET,0,MEDIUM,267,0
2741.8,6,0,UPI,0,LOW,129,0
1669.44,22,1,CARD,0,LOW,914,0
6025.48,13,0,UPI,0,LOW,16,0
124.58,0,0,CARD,0,HIGH,543,0
784.28,3,1,UPI,0,LOW,519,0
961.73,19,0,UPI,0,LOW,802,0
328.69,1,1,NETBANKING,0,MEDIUM,308,0
955.41,17,1,UPI,0,HIGH,152,0
486.56,20,1,NETBANKING,0,LOW,772,0
92.21,0,0,NETBANKING,0,HIGH,916,0
3808.81,12,1,CARD,0,LOW,515,0
530.56,4,1,CARD,0,MEDIUM,305,0
749.0,22,0,WALLET,0,LOW,509,0
18681.34,10,1,UPI,0,LOW,687,0
396.69,23,1,UPI,0,LOW,745,0
382.6,7,0,NETBANKING,0,LOW,681,0
21.93,20,1,UPI,0,MEDIUM,565,0
2559.07,23,0,WALLET,0,HIGH,615,0
19056.94,15,0,WALLET,0,LOW,567,0
941.79,0,1,UPI,0,MEDIUM,753,0
626.93,16,0,UPI,0,LOW,960,0
537.01,14,1,WALLET,0,HIGH,604,0
11.36,10,0,NETBANKING,0,MEDIUM,348,0
285.05,6,1,WALLET,1,LOW,625,0
446.57,0,1,CARD,0,LOW,323,0
18319.92,14,1,UPI,0,LOW,683,0
209.27,0,0,CARD,0,LOW,789,0
537.5,21,0,UPI,0,MEDIUM,418,0
996.24,17,1,CARD,0,LOW,649,0
390.32,6,1,WALLET,0,MEDIUM,368,0
12185.0,14,0,NETBANKING,0,LOW,677,0
630.35,0,1,CARD,0,HIGH,177,0
185.39,8,1,NETBANKING,0,LOW,256,0
599.36,19,0,WALLET,0,MEDIUM,712,0
623.0,23,1,NETBANKING,1,MEDIUM,142,0
738.86,9,0,UPI,0,LOW,268,0
203.76,20,0,NETBANKING,0,LOW,870,0
439.05,19,1,NETBANKING,0,LOW,42,0
118.1,19,0,WALLET,1,MEDIUM,702,0
340.88,6,0,CARD,0,LOW,77,0
776.97,22,0,NETBANKING,1,MEDIUM,452,0
234.77,5,0,WALLET,0,LOW,795,0
876.43,13,1,UPI,0,MEDIUM,724,0
874.55,22,1,NETBANKING,0,LOW,147,0
837.87,23,0,NETBANKING,0,HIGH,380,0
873.45,6,1,CARD,0,HIGH,451,0
17554.49,16,0,NETBANKING,0,LOW,917,0
475.88,17,0,UPI,0,MEDIUM,745,0
203.04,9,1,NETBANKING,0,MEDIUM,36,0
870.17,7,1,UPI,1,HIGH,228,1
183.44,17,1,WALLET,0,MEDIUM,99,0
122797.67,11,0,NETBANKING,0,HIGH,426,1
911.2,15,1,WALLET,0,MEDIUM,295,0
10943.0,12,0,CARD,1,LOW,380,0
640.89,15,1,CARD,0,LOW,380,0
10226.37,14,1,CARD,1,LOW,943,0
461.78,22,1,UPI,0,LOW,574,0
858.9,12,0,UPI,0,HIGH,82,0
667.24,14,0,CARD,0,LOW,329,0
416.79,18,0,CARD,0,LOW,102,0
811.74,2,0,CARD,0,LOW,656,0
598.14,13,1,WALLET,0,LOW,214,0
6018.16,13,0,UPI,0,LOW,472,0
851.34,13,0,NETBANKING,0,HIGH,488,0
269.0,10,0,CARD,0,MEDIUM,347,0
494.81,11,1,WALLET,0,HIGH,853,0
14231.14,22,1,WALLET,1,MEDIUM,818,0
116.99,22,0,UPI,0,LOW,206,0
128.1,20,0,WALLET,0,LOW,600,0
953.89,16,0,UPI,1,MEDIUM,718,0
72.39,20,0,UPI,0,LOW,775,0
717.35,4,1,CARD,0,MEDIUM,228,0
836.82,8,1,WALLET,0,LOW,683,0
793.03,21,0,CARD,1,MEDIUM,655,0
14152.07,11,0,NETBANKING,0,LOW,991,0
157.05,10,1,WALLET,0,MEDIUM,950,0
198525.3,5,1,WALLET,0,MEDIUM,660,1
477.07,5,1,CARD,1,HIGH,137,1
658.71,7,0,CARD,0,MEDIUM,524,0
134.5,21,1,CARD,0,MEDIUM,434,0
351.69,7,1,NETBANKING,0,MEDIUM,251,0
16837.41,2,0,UPI,0,LOW,221,0
481.33,22,1,WALLET,0,LOW,227,0
17443.82,13,0,CARD,0,MEDIUM,752,0
338.52,16,0,CARD,0,MEDIUM,443,0
9885.91,15,1,UPI,1,HIGH,386,0
2539.29,23,0,WALLET,1,MEDIUM,352,0
7303.59,14,0,UPI,0,LOW,371,0
941.73,13,0,WALLET,1,MEDIUM,818,0
33.07,8,1,CARD,0,MEDIUM,472,0
177072.71,19,0,CARD,0,MEDIUM,235,1
17662.88,0,0,WALLET,0,LOW,258,0
9097.15,23,1,NETBANKING,0,LOW,261,0
433.24,12,0,UPI,0,LOW,104,0
15957.52,3,1,WALLET,0,LOW,763,0
16559.95,22,0,CARD,0,LOW,523,0
6368.99,16,1,UPI,0,LOW,244,0
249.88,4,1,UPI,1,MEDIUM,764,1
839.95,20,1,CARD,0,LOW,43,0
304.55,11,0,WALLET,0,LOW,978,0
835.2,14,1,CARD,0,LOW,857,0
610.45,13,0,UPI,0,HIGH,60,0
117.06,19,0,WALLET,0,MEDIUM,291,0
3992.87,13,0,UPI,0,MEDIUM,228,0
1560.17,15,1,UPI,0,LOW,920,0
515.43,13,0,CARD,0,LOW,210,0
674.5,12,0,UPI,0,MEDIUM,378,0
16686.87,10,1,UPI,0,MEDIUM,457,0
3665.76,15,0,CARD,0,LOW,430,0
4628.74,16,0,CARD,1,MEDIUM,887,0
13185.67,2,0,CARD,0,LOW,154,0
132043.4,17,0,UPI,0,HIGH,18,1
558.28,0,0,NETBANKING,0,HIGH,148,0
178.43,11,0,NETBANKING,0,LOW,10,0
10186.07,14,1,NETBANKING,0,HIGH,388,0
918.14,20,0,CARD,0,LOW,500,0
273.42,6,0,CARD,1,LOW,661,0
920.13,6,1,UPI,0,LOW,322,0
16794.35,2,1,WALLET,0,LOW,259,0
593.63,16,0,UPI,0,MEDIUM,237,0
558.35,22,0,CARD,0,LOW,213,0
14922.44,11,0,NETBANKING,0,LOW,706,0
391.06,17,0,NETBANKING,1,LOW,275,0
507.47,15,1,UPI,0,LOW,465,0
16618.7,9,1,CARD,0,MEDIUM,776,0
767.5,6,1,CARD,0,LOW,164,0
485.31,21,1,UPI,0,LOW,608,0
14778.81,8,1,WALLET,0,MEDIUM,973,0
746.51,8,0,CARD,0,LOW,33,0
891.62,5,1,CARD,0,LOW,242,0
13671.97,8,0,NETBANKING,0,MEDIUM,32,0
131.28,1,0,CARD,0,LOW,209,0
7435.97,16,0,WALLET,0,LOW,888,0
792.82,12,1,NETBANKING,0,MEDIUM,83,0
33.09,12,1,UPI,0,MEDIUM,882,0
553.25,16,0,UPI,0,LOW,807,0
424.79,3,0,UPI,0,LOW,564,0
15624.04,13,1,UPI,0,LOW,751,0
8404.83,9,1,NETBANKING,0,LOW,26,0
53.05,19,0,WALLET,0,MEDIUM,976,0
616.31,15,1,WALLET,0,LOW,365,0
549.99,11,0,NETBANKING,0,LOW,47,0
3928.53,16,1,CARD,0,MEDIUM,195,0
10768.84,0,0,CARD,0,LOW,624,0
521.14,23,0,UPI,0,LOW,626,0
886.37,4,0,WALLET,0,LOW,378,0
574.57,21,1,WALLET,0,HIGH,92,0
930.92,3,1,UPI,0,LOW,512,0
173.94,9,1,WALLET,0,MEDIUM,296,0
3574.16,2,1,WALLET,0,LOW,917,0
911.48,6,1,CARD,0,HIGH,211,0
127.48,4,0,CARD,0,MEDIUM,630,0
439.52,6,0,WALLET,0,LOW,149,0
977.1,10,0,UPI,0,LOW,224,0
16.78,15,0,NETBANKING,0,LOW,241,0
341.7,11,1,NETBANKING,0,LOW,834,0
868.35,18,0,CARD,0,LOW,902,0
4575.71,19,0,NETBANKING,0,MEDIUM,200,0
638.88,9,1,UPI,0,MEDIUM,731,0
494.11,17,0,UPI,1,HIGH,43,1
4469.76,6,0,CARD,1,LOW,779,0
112.07,10,1,NETBANKING,0,HIGH,607,0
15411.36,13,0,UPI,0,LOW,845,0
12521.43,16,1,CARD,0,LOW,126,0
553.33,22,0,CARD,0,LOW,851,0
5423.4,4,0,WALLET,0,LOW,805,0
193.36,7,0,UPI,0,HIGH,495,0
471.48,2,0,NETBANKING,0,HIGH,112,0
3220.1,20,1,WALLET,1,HIGH,136,1
74.87,22,0,UPI,0,MEDIUM,766,0
31.69,18,0,UPI,0,MEDIUM,984,0
909.23,8,0,WALLET,0,LOW,214,0
932.62,23,1,NETBANKING,0,LOW,783,0
8123.69,18,0,NETBANKING,0,LOW,188,0
3267.36,2,0,WALLET,0,LOW,110,0
20.45,16,0,NETBANKING,0,LOW,705,0
12939.5,1,0,NETBANKING,1,MEDIUM,540,0
40.57,16,1,CARD,0,LOW,163,0
164415.32,1,1,WALLET,0,MEDIUM,252,1
456.73,8,1,NETBANKING,0,MEDIUM,139,0
387.55,11,1,NETBANKING,1,MEDIUM,406,0
37.04,6,0,WALLET,0,LOW,270,0
870.66,18,0,UPI,0,MEDIUM,617,0
833.49,18,0,CARD,0,MEDIUM,200,0
775.34,4,0,CARD,0,HIGH,604,0
590.88,13,0,WALLET,0,LOW,456,0
962.22,22,1,WALLET,0,MEDIUM,431,0
17957.12,18,0,WALLET,0,LOW,254,0
12114.17,1,0,WALLET,1,MEDIUM,653,0
730.73,12,1,WALLET,0,HIGH,629,0
174532.54,6,1,CARD,0,MEDIUM,947,1
671.87,7,1,UPI,0,HIGH,166,0
288.01,1,0,NETBANKING,0,LOW,241,0
748.23,15,0,CARD,0,MEDIUM,520,0
553.12,23,1,NETBANKING,0,LOW,648,0
120.83,0,0,WALLET,0,LOW,31,0
18375.06,22,0,NETBANKING,0,LOW,367,0
5293.53,4,1,NETBANKING,0,LOW,875,0
674.23,0,1,CARD,0,MEDIUM,338,0
5042.83,5,0,WALLET,0,LOW,223,0
144.61,19,0,CARD,0,LOW,334,0
274.08,19,1,CARD,0,LOW,598,0
620.99,5,1,UPI,0,HIGH,147,0
13652.83,16,0,CARD,1,LOW,798,0
294.01,21,0,WALLET,0,MEDIUM,291,0
746.55,6,0,UPI,0,MEDIUM,777,0
132.84,4,0,WALLET,0,HIGH,798,0
220.05,2,0,CARD,0,LOW,606,0
951.69,22,0,UPI,0,MEDIUM,711,0
733.7,10,0,WALLET,0,MEDIUM,3,0
4489.08,8,0,WALLET,0,MEDIUM,358,0
60.91,13,1,NETBANKING,0,MEDIUM,34,0
234.15,8,1,NETBANKING,1,MEDIUM,857,0
616.5,9,1,CARD,0,LOW,990,0
13450.74,14,0,NETBANKING,0,LOW,654,0
331.07,10,0,NETBANKING,0,MEDIUM,26,0
12130.93,16,1,UPI,0,LOW,13,0
10786.16,19,1,UPI,0,MEDIUM,943,0
274.09,15,1,NETBANKING,0,HIGH,87,0
538.27,2,1,NETBANKING,0,MEDIUM,609,0
939.78,9,1,UPI,0,LOW,720,0
838.74,8,0,CARD,0,LOW,707,0
645.36,7,0,WALLET,0,MEDIUM,605,0
678.78,17,1,NETBANKING,0,LOW,191,0
19617.97,14,0,UPI,0,MEDIUM,208,0
615.21,7,0,UPI,0,MEDIUM,233,0
345.04,20,0,UPI,0,LOW,550,0
254.87,6,0,NETBANKING,0,LOW,465,0
402.4,0,0,CARD,0,MEDIUM,604,0
5498.27,21,0,WALLET,0,LOW,550,0
260.39,17,1,UPI,0,MEDIUM,966,0
723.66,4,1,UPI,0,MEDIUM,154,0
535.21,13,0,NETBANKING,0,LOW,523,0
136.89,16,0,UPI,0,LOW,79,0
333.88,22,0,NETBANKING,0,HIGH,254,0
16602.38,2,1,WALLET,0,LOW,821,0
186.17,21,0,UPI,1,LOW,69,0
996.6,7,1,CARD,0,MEDIUM,242,0
199.12,17,0,UPI,0,LOW,588,0
637.42,21,1,WALLET,0,MEDIUM,236,0
727.99,4,1,UPI,1,LOW,723,0
247.32,9,1,CARD,0,MEDIUM,608,0
586.07,12,0,UPI,0,LOW,553,0
941.26,11,1,CARD,0,MEDIUM,186,0
467.8,23,1,WALLET,1,MEDIUM,350,0
90.83,13,1,WALLET,0,LOW,386,0
842.02,11,0,CARD,0,LOW,516,0
918.11,22,0,UPI,0,MEDIUM,493,0
9840.9,1,1,UPI,0,LOW,347,0
395.59,13,0,WALLET,0,MEDIUM,332,0
6957.96,16,0,WALLET,0,MEDIUM,928,0
376.8,22,1,NETBANKING,1,HIGH,819,1
284.38,7,1,CARD,0,LOW,601,0
724.82,23,1,NETBANKING,0,LOW,403,0
300.94,5,1,NETBANKING,0,LOW,20,0
19819.91,21,0,UPI,0,LOW,520,0
640.95,14,1,WALLET,0,LOW,376,0
562.71,3,0,UPI,0,LOW,666,0
53.51,14,0,NETBANKING,0,MEDIUM,262,0
62394.4,16,1,WALLET,0,MEDIUM,575,0
12654.82,22,0,NETBANKING,0,LOW,854,0
3451.63,16,0,UPI,0,LOW,166,0
9840.65,3,1,NETBANKING,0,LOW,95,0
2416.1,16,1,UPI,0,MEDIUM,408,0
782.23,12,1,UPI,0,HIGH,643,0
13549.74,9,1,CARD,0,MEDIUM,634,0
600.41,11,1,WALLET,0,MEDIUM,772,0
967.74,4,1,UPI,0,MEDIUM,119,0
1606.76,0,0,WALLET,0,LOW,227,0
742.9,9,1,UPI,1,LOW,1,0
661.33,2,1,CARD,0,LOW,457,0
3605.46,4,0,UPI,0,LOW,666,0
323.65,21,0,UPI,0,HIGH,201,0
720.9,18,0,WALLET,0,MEDIUM,220,0
455.26,13,1,WALLET,0,MEDIUM,742,0
20.42,4,0,UPI,0,MEDIUM,53,0
540.08,7,0,NETBANKING,0,MEDIUM,806,0
858.23,16,0,CARD,0,LOW,853,0
16461.7,13,0,UPI,0,LOW,324,0
131968.51,18,1,WALLET,0,LOW,876,0
121627.11,21,0,CARD,0,MEDIUM,628,1
329.04,6,1,WALLET,0,LOW,28,0
7108.47,7,1,NETBANKING,0,LOW,373,0
916.91,6,1,NETBANKING,0,HIGH,914,0
7235.68,3,0,UPI,0,LOW,112,0
203.45,23,1,WALLET,1,MEDIUM,178,0
277.88,20,0,WALLET,0,LOW,192,0
369.85,15,1,UPI,0,LOW,906,0
156856.76,1,0,CARD,0,LOW,698,1
8013.1,2,0,CARD,0,MEDIUM,572,0
822.46,4,0,NETBANKING,0,LOW,613,0
711.91,22,1,WALLET,0,MEDIUM,309,0
95.26,3,1,WALLET,0,HIGH,586,0
80753.21,8,1,UPI,0,LOW,893,0
341.35,9,1,NETBANKING,0,LOW,714,0
197.38,23,1,UPI,0,MEDIUM,162,0
454.6,0,1,WALLET,1,MEDIUM,726,0
710.5,5,1,NETBANKING,0,MEDIUM,600,0
549.09,9,1,UPI,0,MEDIUM,199,0
728.23,1,1,WALLET,0,HIGH,56,0
173.75,2,0,NETBANKING,0,LOW,961,0
1401.87,7,1,CARD,0,HIGH,645,0
101271.11,23,0,WALLET,0,LOW,442,0
154762.49,14,1,NETBANKING,0,MEDIUM,841,0
852.14,5,0,WALLET,0,MEDIUM,682,0
334.93,1,1,NETBANKING,0,MEDIUM,5,0
316.42,3,0,UPI,0,LOW,979,0
17624.76,11,1,UPI,0,LOW,897,0
873.96,16,0,UPI,0,MEDIUM,848,0
199539.05,22,0,UPI,0,LOW,941,0
517.09,4,1,CARD,0,LOW,587,0
109.41,7,1,NETBANKING,0,LOW,942,0
720.13,10,0,NETBANKING,0,LOW,448,0
704.04,18,1,WALLET,0,LOW,899,0
881.43,16,0,WALLET,0,LOW,974,0
633.65,5,0,UPI,0,MEDIUM,602,0
718.77,3,1,UPI,0,HIGH,239,0
10530.64,4,1,NETBANKING,1,HIGH,462,1
10157.58,17,0,UPI,0,LOW,275,0
670.59,22,0,NETBANKING,0,MEDIUM,650,0
289.72,12,1,CARD,0,LOW,716,0
221.73,8,0,CARD,0,MEDIUM,563,0
9662.91,1,0,NETBANKING,0,LOW,996,0
963.83,23,0,NETBANKING,1,MEDIUM,961,0
773.94,19,1,CARD,0,LOW,128,0
535.12,6,1,UPI,0,LOW,812,0
3569.14,16,0,CARD,0,LOW,52,0
397.45,2,1,NETBANKING,0,LOW,877,0
219.61,5,0,CARD,0,LOW,549,0
464.37,5,1,NETBANKING,0,MEDIUM,250,0
253.57,13,0,WALLET,0,MEDIUM,688,0
287.8,3,1,WALLET,0,MEDIUM,226,0
410.89,4,0,CARD,1,LOW,336,0
337.57,14,1,UPI,0,LOW,927,0
293.99,23,0,WALLET,0,MEDIUM,377,0
3691.83,9,1,WALLET,0,LOW,357,0
176403.91,23,1,WALLET,0,LOW,377,0
758.93,1,0,UPI,0,HIGH,672,0
917.79,8,1,UPI,0,LOW,116,0
31.73,6,0,NETBANKING,0,LOW,859,0
663.37,7,0,WALLET,0,LOW,933,0
5298.89,22,0,WALLET,0,LOW,983,0
107.16,0,0,UPI,0,MEDIUM,410,0
880.59,3,0,CARD,0,LOW,296,0
429.84,19,0,WALLET,0,HIGH,11,0
898.83,10,1,WALLET,0,MEDIUM,740,0
467.91,11,0,CARD,0,LOW,806,0
605.47,10,0,CARD,0,LOW,849,0
119.55,23,0,WALLET,0,MEDIUM,483,0
12223.31,23,0,NETBANKING,0,LOW,43,0
333.82,16,1,NETBANKING,0,LOW,237,0
17324.36,19,0,WALLET,0,LOW,753,0
9735.9,2,0,WALLET,0,MEDIUM,593,0
4531.86,23,0,NETBANKING,0,LOW,578,0
1579.16,16,0,WALLET,0,HIGH,668,0
341.25,8,0,NETBANKING,0,LOW,104,0
972.38,23,0,WALLET,0,LOW,402,0
14313.24,2,0,CARD,0,LOW,960,0
446.52,6,1,CARD,0,MEDIUM,541,0
363.2,5,1,CARD,0,LOW,85,0
65.67,22,0,WALLET,0,MEDIUM,644,0
988.78,0,0,WALLET,0,LOW,364,0
740.17,0,1,WALLET,0,LOW,716,0
472.69,5,0,WALLET,0,LOW,118,0
939.06,14,0,CARD,0,HIGH,247,0
171.56,19,1,WALLET,0,LOW,63,0
477.63,11,1,WALLET,0,LOW,972,0
18533.17,2,0,UPI,0,MEDIUM,367,0
9862.9,1,1,UPI,0,MEDIUM,538,0
16865.64,21,0,NETBANKING,0,LOW,730,0
3625.42,19,1,NETBANKING,0,HIGH,648,0
676.03,1,0,CARD,0,LOW,948,0
2007.39,6,0,WALLET,0,MEDIUM,656,0
20.04,7,1,UPI,0,HIGH,623,0
92.08,14,0,WALLET,1,HIGH,780,1
543.9,11,1,CARD,0,MEDIUM,144,0
3132.09,15,0,WALLET,0,LOW,488,0
807.62,13,1,CARD,0,LOW,148,0
76.95,12,0,CARD,0,LOW,57,0
753.34,15,1,UPI,0,MEDIUM,406,0
552.8,18,1,NETBANKING,0,LOW,685,0
171.25,6,0,WALLET,0,LOW,325,0
13160.07,19,1,NETBANKING,0,MEDIUM,463,0
2162.14,13,1,NETBANKING,0,LOW,585,0
107.74,21,1,NETBANKING,0,LOW,943,0
677.77,23,0,UPI,0,LOW,124,0
365.45,0,1,CARD,0,LOW,576,0
958.57,22,1,NETBANKING,0,LOW,974,0
662.38,18,1,CARD,0,LOW,595,0
68.51,8,0,UPI,0,MEDIUM,262,0
151.26,0,0,WALLET,0,MEDIUM,837,0
4798.52,8,1,UPI,0,LOW,486,0
7840.92,5,1,UPI,0,MEDIUM,806,0
813.84,8,0,UPI,0,LOW,270,0
586.07,3,1,CARD,0,LOW,872,0
807.14,11,0,CARD,0,LOW,986,0
546.29,18,1,CARD,0,MEDIUM,123,0
66.69,22,1,WALLET,0,LOW,349,0
219.82,23,0,WALLET,0,LOW,527,0
405.34,12,1,NETBANKING,0,LOW,38,0
9510.67,23,1,WALLET,1,HIGH,904,0
637.64,11,1,NETBANKING,0,MEDIUM,426,0
536.61,18,1,UPI,0,LOW,751,0
786.44,1,0,NETBANKING,0,MEDIUM,159,0
115333.58,19,1,CARD,0,LOW,105,1
118.72,15,0,UPI,0,LOW,38,0
951.91,2,1,UPI,0,LOW,738,0
17893.92,1,1,UPI,1,LOW,700,0
720.41,5,1,NETBANKING,1,MEDIUM,967,0
863.73,6,1,CARD,0,LOW,167,0
901.45,18,0,UPI,0,LOW,972,0
548.6,9,1,NETBANKING,1,HIGH,213,1
2023.02,12,1,WALLET,0,HIGH,144,0
520.17,14,0,WALLET,0,LOW,54,0
9385.61,5,1,WALLET,0,LOW,493,0
833.24,18,0,NETBANKING,0,LOW,425,0
1550.38,16,0,WALLET,0,MEDIUM,704,0
154677.23,18,0,CARD,0,LOW,457,1
360.41,0,1,NETBANKING,0,MEDIUM,215,0
422.89,23,0,CARD,0,LOW,850,0
831.31,17,0,NETBANKING,1,LOW,583,0
185.64,13,1,WALLET,1,LOW,206,0
14862.02,13,0,WALLET,1,LOW,221,0
214.66,20,0,CARD,0,LOW,638,0
789.03,13,0,NETBANKING,0,LOW,425,0
995.05,1,0,CARD,0,LOW,373,0
902.68,23,0,UPI,0,LOW,361,0
554.79,5,0,WALLET,0,LOW,109,0
529.48,6,0,NETBANKING,0,MEDIUM,528,0
144.85,4,0,WALLET,0,LOW,745,0
14683.14,9,1,CARD,0,MEDIUM,374,0
138.51,4,0,NETBANKING,0,HIGH,498,0
327.27,21,0,UPI,0,MEDIUM,785,0
660.77,20,1,UPI,0,LOW,28,0
7087.35,9,0,UPI,0,MEDIUM,371,0
360.96,3,1,NETBANKING,0,MEDIUM,685,0
6809.21,11,0,WALLET,0,LOW,63,0
535.86,3,1,CARD,0,LOW,39,0
156.22,20,0,UPI,0,LOW,936,0
969.68,11,0,CARD,1,LOW,383,0
18853.12,18,0,CARD,0,LOW,354,0
140.85,2,0,WALLET,1,MEDIUM,106,0
92.05,3,0,CARD,0,LOW,597,0
591.88,8,0,NETBANKING,0,MEDIUM,838,0
990.03,18,1,NETBANKING,0,HIGH,878,0
724.09,14,1,WALLET,0,HIGH,442,0
364.6,14,1,UPI,0,LOW,979,0
154.14,11,1,UPI,0,LOW,585,0
8354.42,1,0,UPI,0,HIGH,443,0
4696.58,19,0,NETBANKING,0,LOW,819,0
141.81,15,1,UPI,0,LOW,55,0
75225.58,16,1,CARD,0,LOW,979,0
433.57,5,0,UPI,0,LOW,698,0
678.91,10,1,WALLET,0,LOW,347,0
639.4,23,1,NETBANKING,0,HIGH,86,0
5911.83,22,1,NETBANKING,0,MEDIUM,780,0
229.57,17,0,WALLET,0,MEDIUM,330,0
11374.56,10,0,CARD,0,MEDIUM,15,0
33.96,3,1,WALLET,0,MEDIUM,595,0
2189.84,14,1,CARD,0,HIGH,25,0
49163.1,22,1,WALLET,0,LOW,683,0
351.52,0,1,UPI,0,HIGH,88,0
143482.14,3,1,CARD,0,MEDIUM,201,1
507.74,4,0,CARD,0,MEDIUM,876,0
102.73,16,1,WALLET,0,LOW,252,0
875.22,23,0,WALLET,1,LOW,120,0
425.81,19,0,UPI,0,LOW,100,0
8321.48,8,1,WALLET,0,LOW,354,0
484.04,3,1,CARD,0,LOW,284,0
11960.27,6,0,CARD,0,LOW,547,0
11576.62,1,1,NETBANKING,0,MEDIUM,127,0
396.86,23,0,CARD,0,MEDIUM,497,0
54.08,17,1,UPI,0,MEDIUM,146,0
172.66,14,1,UPI,0,LOW,4,0
240.2,15,1,CARD,0,LOW,918,0
699.87,18,1,NETBANKING,0,LOW,352,0
14700.15,9,1,NETBANKING,0,LOW,159,0
25.42,19,0,NETBANKING,0,MEDIUM,276,0
7360.7,22,0,CARD,0,LOW,137,0
708.38,10,0,NETBANKING,0,LOW,741,0
61.1,8,0,NETBANKING,0,MEDIUM,125,0
733.46,20,1,NETBANKING,0,MEDIUM,629,0
519.12,21,0,UPI,0,LOW,856,0
17472.64,16,1,WALLET,0,LOW,491,0
325.09,15,0,UPI,0,HIGH,419,0
991.56,14,1,NETBANKING,0,MEDIUM,681,0
831.52,17,0,CARD,0,LOW,793,0
711.19,0,0,NETBANKING,0,LOW,488,0
582.4,20,0,NETBANKING,1,LOW,956,0
544.69,13,1,NETBANKING,0,LOW,863,0
215.92,21,1,NETBANKING,1,MEDIUM,426,0
673.19,0,0,CARD,0,MEDIUM,316,0
248.73,0,1,WALLET,0,LOW,526,0
8664.32,16,0,CARD,0,MEDIUM,858,0
554.85,2,1,WALLET,0,MEDIUM,306,0
933.44,8,1,WALLET,0,LOW,388,0
230.18,18,0,UPI,0,LOW,482,0
527.88,0,1,UPI,0,HIGH,607,0
547.36,22,0,UPI,0,LOW,689,0
2596.86,23,0,WALLET,0,LOW,459,0
622.96,13,1,WALLET,0,MEDIUM,352,0
625.75,15,0,UPI,0,MEDIUM,547,0
223.42,19,1,WALLET,0,MEDIUM,557,0
539.93,19,1,WALLET,0,MEDIUM,998,0
17282.0,21,1,WALLET,0,MEDIUM,576,0
15750.28,11,0,NETBANKING,1,HIGH,555,1
2634.74,19,0,WALLET,0,MEDIUM,179,0
971.34,10,1,WALLET,1,LOW,676,0
3830.86,8,1,WALLET,0,LOW,560,0
975.7,7,0,UPI,0,MEDIUM,414,0
59.57,19,1,NETBANKING,0,MEDIUM,786,0
968.72,1,1,WALLET,0,MEDIUM,123,0
742.23,14,0,UPI,0,LOW,590,0
14176.93,23,1,NETBANKING,0,LOW,271,0
451.0,21,0,WALLET,0,LOW,620,0
7682.17,18,0,CARD,0,MEDIUM,192,0
54.51,1,0,NETBANKING,0,LOW,272,0
108.73,20,1,UPI,1,LOW,110,0
8251.57,20,0,NETBANKING,1,LOW,25,0
469.6,14,0,UPI,0,LOW,973,0
302.34,14,1,WALLET,0,LOW,609,0
12402.72,7,1,CARD,1,MEDIUM,705,0
11643.03,20,0,UPI,0,LOW,393,0
4577.51,12,0,UPI,0,MEDIUM,215,0
156.25,17,1,WALLET,0,LOW,867,0
10363.94,5,0,UPI,0,LOW,202,0
327.76,10,0,NETBANKING,0,LOW,224,0
18601.91,22,0,UPI,0,LOW,777,0
643.26,13,1,UPI,0,HIGH,285,0
957.62,1,0,CARD,0,MEDIUM,437,0
13971.66,11,0,UPI,0,MEDIUM,71,0
432.12,17,0,WALLET,0,LOW,124,0
967.18,23,0,WALLET,0,LOW,594,0
6429.52,5,0,WALLET,0,LOW,170,0
644.1,14,0,WALLET,0,LOW,779,0
256.1,22,1,NETBANKING,0,MEDIUM,707,0
3579.25,1,1,NETBANKING,0,LOW,460,0
696.24,8,1,UPI,0,LOW,49,0
9910.5,20,1,WALLET,0,HIGH,187,0
425.03,4,0,WALLET,0,MEDIUM,825,0
21783.29,21,0,NETBANKING,0,LOW,492,0
675.43,18,0,UPI,0,LOW,101,0
8667.14,14,1,NETBANKING,0,LOW,388,0
929.83,11,0,NETBANKING,0,LOW,807,0
587.71,9,0,NETBANKING,1,LOW,393,0
998.75,18,1,CARD,0,LOW,335,0
18879.15,16,1,CARD,0,MEDIUM,976,0
180.18,16,0,UPI,0,LOW,137,0
81702.59,10,1,WALLET,0,LOW,855,0
300.87,20,1,NETBANKING,0,HIGH,369,0
19.11,1,0,CARD,0,MEDIUM,737,0
12899.61,13,1,UPI,0,MEDIUM,141,0
19.93,13,1,CARD,0,LOW,643,0
196.59,2,0,NETBANKING,0,LOW,96,0
565.42,22,0,WALLET,0,LOW,417,0
598.47,7,0,WALLET,0,LOW,680,0
169.26,0,1,CARD,0,HIGH,731,0
977.3,23,0,WALLET,0,LOW,781,0
296.8,20,0,NETBANKING,0,HIGH,214,0
483.81,11,1,CARD,0,LOW,89,0
121.77,2,0,UPI,0,LOW,572,0
82.71,20,1,CARD,0,LOW,557,0
11759.09,13,1,UPI,0,MEDIUM,151,0
829.9,13,1,UPI,0,LOW,383,0
415.65,13,0,CARD,0,LOW,897,0
1358.95,1,1,NETBANKING,0,LOW,386,0
348.57,6,0,UPI,0,MEDIUM,105,0
8367.75,0,0,UPI,0,MEDIUM,8,0
325.86,15,0,CARD,0,LOW,463,0
8949.03,2,0,CARD,0,LOW,716,0
32.45,7,0,NETBANKING,0,MEDIUM,415,0
707.33,10,1,WALLET,0,LOW,990,0
348.03,21,0,WALLET,0,MEDIUM,941,0
87.52,23,1,UPI,0,LOW,508,0
5979.79,23,0,WALLET,0,MEDIUM,341,0
314.1,21,1,UPI,0,LOW,664,0
533.73,15,1,NETBANKING,0,LOW,336,0
15744.72,1,1,CARD,0,LOW,964,0
1643.54,2,1,NETBANKING,0,LOW,490,0
751.65,22,1,NETBANKING,0,LOW,301,0
177.17,21,1,NETBANKING,0,HIGH,327,0
633.68,3,1,CARD,0,LOW,876,0
709.42,18,1,NETBANKING,0,LOW,288,0
10.47,15,1,WALLET,0,LOW,956,0
638.34,3,1,WALLET,1,LOW,586,0
91.0,11,0,NETBANKING,0,LOW,796,0
604.3,22,0,CARD,0,LOW,240,0
3217.95,1,0,NETBANKING,0,LOW,118,0
758.89,19,1,CARD,0,MEDIUM,326,0
19863.55,3,1,CARD,0,LOW,898,0
89.46,8,0,WALLET,0,HIGH,560,0
734.08,7,1,UPI,0,HIGH,343,0
65396.11,13,0,WALLET,0,LOW,220,0
30.66,11,0,NETBANKING,0,MEDIUM,737,0
705.76,9,1,CARD,0,MEDIUM,722,0
116.81,14,1,NETBANKING,0,MEDIUM,825,0
989.09,0,0,UPI,0,LOW,702,0
173.19,6,0,WALLET,1,MEDIUM,692,0
5605.47,14,0,WALLET,0,LOW,870,0
927.67,5,0,CARD,0,LOW,517,0
894.1,2,0,CARD,0,MEDIUM,724,0
219.12,15,1,NETBANKING,0,MEDIUM,48,0
643.23,8,1,WALLET,0,LOW,138,0
870.61,17,0,UPI,0,LOW,430,0
411.91,0,0,WALLET,0,LOW,993,0
961.93,8,1,NETBANKING,0,MEDIUM,645,0
896.11,11,0,UPI,0,LOW,540,0
381.69,2,0,CARD,0,MEDIUM,774,0
7577.44,15,0,WALLET,0,LOW,572,0
708.42,15,0,WALLET,0,MEDIUM,30,0
920.72,22,1,WALLET,0,LOW,272,0
383.93,4,1,WALLET,0,LOW,142,0
777.43,18,1,WALLET,0,LOW,829,0
624.33,20,1,WALLET,0,LOW,675,0
68.17,10,1,UPI,0,MEDIUM,810,0
327.57,21,0,NETBANKING,0,LOW,844,0
966.87,3,0,NETBANKING,0,MEDIUM,239,0
907.66,1,0,UPI,0,LOW,92,0
987.73,13,1,NETBANKING,0,LOW,128,0
801.33,12,0,CARD,0,LOW,950,0
153.0,9,1,WALLET,0,HIGH,128,0
404.43,5,1,CARD,0,MEDIUM,903,0
10522.22,17,1,WALLET,0,LOW,221,0
861.7,0,1,UPI,0,LOW,31,0
212.61,12,0,WALLET,0,MEDIUM,802,0
65.03,6,0,UPI,0,LOW,79,0
914.99,2,0,WALLET,0,LOW,569,0
1524.11,20,1,UPI,0,LOW,542,0
18.93,10,0,UPI,0,LOW,612,0
861.91,4,1,WALLET,0,LOW,40,0
870.34,22,1,UPI,0,LOW,469,0
376.44,3,0,UPI,0,HIGH,830,0
630.51,20,1,WALLET,1,LOW,929,0
122.33,17,1,CARD,0,LOW,511,0
667.77,16,1,UPI,0,LOW,756,0
3359.26,2,1,WALLET,0,MEDIUM,562,0
579.28,1,0,UPI,0,MEDIUM,183,0
468.67,20,0,WALLET,0,LOW,950,0
643.41,6,0,UPI,0,LOW,794,0
531.9,0,1,CARD,0,MEDIUM,445,0
633.68,8,0,CARD,0,HIGH,126,0
933.46,23,0,UPI,0,LOW,469,0
608.95,6,1,NETBANKING,0,MEDIUM,767,0
856.29,4,0,CARD,0,LOW,907,0
41701.82,8,0,CARD,0,LOW,870,0
821.71,4,1,UPI,0,MEDIUM,211,0
17612.3,4,1,WALLET,0,LOW,673,0
597.91,7,0,UPI,0,LOW,963,0
2689.98,6,1,CARD,0,MEDIUM,139,0
2345.77,20,0,UPI,0,LOW,888,0
874.86,6,1,UPI,0,MEDIUM,398,0
271.21,21,1,NETBANKING,0,LOW,747,0
386.22,19,0,NETBANKING,0,LOW,186,0
369.69,1,1,WALLET,0,HIGH,627,0
338.06,7,0,CARD,0,LOW,295,0
360.76,19,0,UPI,0,MEDIUM,310,0
564.0,13,0,NETBANKING,0,MEDIUM,886,0
14020.02,6,1,CARD,0,LOW,424,0
2451.47,16,0,NETBANKING,1,LOW,722,0
520.23,21,0,UPI,0,LOW,469,0
133866.75,6,0,WALLET,0,HIGH,967,1
17456.44,21,1,CARD,0,LOW,88,0
164.53,9,0,CARD,0,MEDIUM,286,0
8721.17,19,0,CARD,0,HIGH,831,0
921.54,22,0,UPI,0,MEDIUM,886,0
254.33,16,1,CARD,0,LOW,274,0
8664.1,20,0,UPI,0,MEDIUM,802,0
725.83,23,1,UPI,0,LOW,505,0
541.38,13,1,UPI,0,LOW,878,0
824.0,4,1,CARD,1,LOW,261,0
869.44,1,1,NETBANKING,0,LOW,491,0
1604.19,13,0,WALLET,0,LOW,260,0
110.44,1,1,UPI,0,MEDIUM,558,0
109161.22,4,0,NETBANKING,0,LOW,847,1
163.36,4,1,UPI,0,LOW,898,0
12579.33,12,0,UPI,0,HIGH,871,0
38.86,15,0,CARD,0,HIGH,393,0
90.66,17,1,CARD,0,LOW,703,0
508.21,22,1,NETBANKING,0,MEDIUM,175,0
121.8,6,0,WALLET,0,MEDIUM,507,0
640.51,22,0,NETBANKING,0,LOW,966,0
518.01,2,0,CARD,0,HIGH,745,0
9296.49,11,1,UPI,0,LOW,764,0
187673.23,22,0,UPI,0,MEDIUM,859,0
292.96,14,0,CARD,0,LOW,603,0
923.64,23,1,NETBANKING,1,LOW,174,0
479.18,23,0,WALLET,0,LOW,532,0
90.3,21,0,CARD,0,LOW,666,0
298.91,23,1,UPI,0,LOW,666,0
85.05,5,1,NETBANKING,1,LOW,405,0
3466.6,5,1,UPI,0,HIGH,628,0
223.59,1,1,NETBANKING,0,LOW,426,0
647.49,15,1,CARD,1,MEDIUM,177,0
17336.05,6,0,NETBANKING,0,LOW,948,0
950.48,23,1,UPI,1,LOW,316,0
17462.63,1,0,UPI,0,MEDIUM,930,0
408.08,19,0,WALLET,0,MEDIUM,308,0
18134.15,12,0,CARD,0,MEDIUM,65,0
736.03,5,0,CARD,0,MEDIUM,173,0
966.6,13,0,NETBANKING,0,MEDIUM,128,0
690.21,0,0,UPI,1,MEDIUM,13,1
812.52,12,0,UPI,0,LOW,366,0
994.46,3,0,CARD,0,LOW,889,0
390.94,3,0,CARD,0,HIGH,835,0
10016.43,17,0,UPI,0,LOW,706,0
950.71,6,0,CARD,0,LOW,620,0
12851.93,9,0,WALLET,0,LOW,556,0
263.35,2,1,UPI,0,MEDIUM,272,0
536.73,9,1,UPI,0,LOW,989,0
15463.42,10,0,UPI,0,LOW,875,0
123.26,9,0,UPI,0,HIGH,114,0
3599.5,2,1,WALLET,0,LOW,240,0
672.47,3,0,WALLET,0,MEDIUM,427,0
717.76,21,1,UPI,0,LOW,631,0
248.85,10,0,CARD,0,LOW,948,0
268.46,2,1,CARD,0,LOW,70,0
9848.46,18,1,NETBANKING,0,MEDIUM,922,0
95566.85,1,0,NETBANKING,1,HIGH,919,1
7802.97,22,0,UPI,1,LOW,671,0
9647.5,17,0,CARD,0,LOW,563,0
1539.97,6,1,CARD,0,MEDIUM,715,0
572.38,9,0,NETBANKING,0,MEDIUM,671,0
157090.28,20,1,UPI,0,MEDIUM,499,0
621.03,9,0,UPI,0,LOW,230,0
524.56,12,0,NETBANKING,0,LOW,437,0
751.17,10,0,WALLET,0,LOW,7,0
15220.28,17,0,WALLET,0,LOW,486,0
16859.01,12,0,CARD,0,LOW,590,0
9926.51,1,0,WALLET,0,MEDIUM,845,0
446.52,16,1,WALLET,0,LOW,994,0
19435.24,22,1,CARD,0,LOW,911,0
8103.11,9,0,WALLET,0,MEDIUM,552,0
76.84,13,1,CARD,0,LOW,469,0
850.86,21,1,NETBANKING,0,LOW,954,0
749.39,11,1,WALLET,1,LOW,32,0
185482.85,22,1,WALLET,0,HIGH,786,1
857.65,16,1,UPI,0,LOW,27,0
589.07,10,0,NETBANKING,0,MEDIUM,445,0
19203.29,5,0,NETBANKING,0,MEDIUM,699,0
411.1,8,0,NETBANKING,0,MEDIUM,45,0
846.0,20,1,CARD,0,MEDIUM,528,0
927.79,23,1,CARD,0,MEDIUM,182,0
617.86,0,1,NETBANKING,0,LOW,601,0
82.45,4,1,CARD,0,MEDIUM,501,0
13912.27,20,0,NETBANKING,0,LOW,189,0
863.93,1,0,CARD,0,LOW,556,0
806.64,21,1,NETBANKING,0,MEDIUM,162,0
808.5,5,0,CARD,0,LOW,602,0
11312.95,20,1,UPI,0,LOW,311,0
232.16,0,1,UPI,0,LOW,387,0
533.27,7,1,NETBANKING,0,LOW,615,0
269.77,19,0,UPI,0,MEDIUM,583,0
114.64,11,1,WALLET,0,MEDIUM,397,0
76.77,19,1,CARD,0,LOW,696,0
841.76,23,1,CARD,0,MEDIUM,567,0
4847.68,18,0,UPI,0,MEDIUM,14,0
49.09,4,0,NETBANKING,0,LOW,627,0
5312.23,6,1,WALLET,0,HIGH,992,0
536.77,17,0,WALLET,0,LOW,839,0
489.11,19,1,UPI,0,MEDIUM,639,0
6488.14,23,0,CARD,0,MEDIUM,2,0
468.22,5,1,CARD,0,MEDIUM,151,0
93.99,23,0,UPI,0,MEDIUM,832,0
79056.61,22,1,WALLET,0,LOW,459,0
13913.72,7,1,NETBANKING,0,MEDIUM,560,0
162126.82,8,1,UPI,0,MEDIUM,323,0
13695.39,5,1,WALLET,0,LOW,868,0
195.75,15,1,CARD,0,MEDIUM,837,0
823.41,15,0,NETBANKING,0,LOW,947,0
257.55,3,1,UPI,0,LOW,93,0
90.47,6,1,NETBANKING,0,MEDIUM,526,0
37878.16,0,0,NETBANKING,0,LOW,483,0
15629.95,14,0,WALLET,0,MEDIUM,269,0
704.86,19,0,CARD,1,MEDIUM,853,0
958.91,10,0,WALLET,0,LOW,610,0
188152.34,12,0,NETBANKING,0,LOW,980,0
504.22,10,1,WALLET,1,LOW,504,0
791.45,7,1,WALLET,0,LOW,629,0
8676.23,20,1,NETBANKING,0,MEDIUM,608,0
12995.98,21,1,UPI,0,HIGH,4,0
337.91,18,0,CARD,0,LOW,417,0
436.53,18,1,UPI,0,MEDIUM,126,0
116.73,20,0,UPI,0,LOW,115,0
536.74,10,1,UPI,0,LOW,366,0
692.39,11,0,NETBANKING,0,MEDIUM,284,0
31426.6,20,1,WALLET,0,LOW,555,0
724.16,18,1,CARD,0,LOW,982,0
997.73,11,1,CARD,0,LOW,251,0
332.15,10,0,CARD,0,LOW,735,0
463.58,0,1,CARD,0,HIGH,408,0
89.26,8,1,CARD,0,LOW,796,0
677.43,5,1,CARD,0,LOW,235,0
877.72,20,1,CARD,0,MEDIUM,839,0
180379.24,17,0,NETBANKING,0,LOW,234,0
18734.02,5,1,UPI,0,LOW,554,0
334.61,1,1,WALLET,1,MEDIUM,696,0
414.1,1,1,NETBANKING,1,LOW,909,0
351.32,2,0,WALLET,0,MEDIUM,758,0
683.11,12,0,UPI,0,LOW,830,0
451.31,3,0,NETBANKING,0,LOW,780,0
677.56,18,0,WALLET,0,MEDIUM,586,0
204.54,9,0,UPI,0,LOW,604,0
10346.01,6,1,CARD,0,HIGH,370,0
696.49,4,0,WALLET,0,MEDIUM,285,0
455.62,12,1,WALLET,0,LOW,882,0
629.24,6,1,UPI,0,LOW,994,0
445.78,20,0,CARD,0,MEDIUM,56,0
42.36,7,1,WALLET,0,HIGH,781,0
349.21,8,1,NETBANKING,0,HIGH,350,0
19859.72,1,1,WALLET,0,LOW,758,0
4211.15,17,0,WALLET,0,LOW,828,0
12.83,18,1,NETBANKING,0,LOW,331,0
11568.02,11,0,UPI,0,LOW,910,0
55590.76,0,0,NETBANKING,0,LOW,150,0
676.82,5,1,UPI,0,LOW,895,0
10828.56,5,0,CARD,0,MEDIUM,288,0
110.48,7,0,UPI,0,MEDIUM,275,0
507.18,10,1,UPI,0,HIGH,142,0
12809.08,13,0,UPI,0,HIGH,955,0
564.49,12,0,NETBANKING,0,LOW,705,0
396.09,20,1,WALLET,0,LOW,88,0
76.9,18,1,WALLET,0,MEDIUM,217,0
551.47,0,1,WALLET,1,LOW,249,1
8873.68,20,0,UPI,0,LOW,337,0
985.91,9,0,CARD,0,MEDIUM,398,0
368.76,8,0,CARD,0,MEDIUM,485,0
457.53,11,0,CARD,0,LOW,887,0
119.54,12,1,CARD,0,LOW,834,0
165.01,22,1,CARD,0,MEDIUM,868,0
2008.46,19,0,WALLET,0,LOW,84,0
245.94,12,1,NETBANKING,1,LOW,66,0
272.09,21,0,UPI,0,MEDIUM,165,0
843.74,11,1,WALLET,0,LOW,656,0
227.74,4,0,NETBANKING,0,LOW,999,0
832.11,8,1,CARD,0,MEDIUM,64,0
5804.18,19,0,WALLET,0,LOW,168,0
79.32,15,0,NETBANKING,0,LOW,663,0
11820.15,6,0,CARD,0,MEDIUM,827,0
867.91,22,1,CARD,0,HIGH,674,0
175.33,14,1,CARD,0,HIGH,863,0
3174.15,12,0,CARD,0,HIGH,263,0
937.61,3,1,UPI,0,LOW,335,0
19540.43,12,1,WALLET,0,LOW,697,0
380.76,21,0,WALLET,0,LOW,144,0
531.22,15,1,WALLET,0,MEDIUM,195,0
654.62,8,0,CARD,0,LOW,513,0
201.86,2,0,UPI,0,LOW,380,0
671.95,19,1,WALLET,0,LOW,984,0
846.75,13,1,CARD,0,LOW,98,0
75.81,22,1,NETBANKING,0,LOW,946,0
426.05,19,1,CARD,0,LOW,236,0
825.53,20,1,CARD,0,MEDIUM,167,0
841.89,12,0,UPI,0,LOW,931,0
353.53,11,1,NETBANKING,0,LOW,138,0
142.96,11,1,NETBANKING,0,MEDIUM,221,0
688.97,20,0,WALLET,0,MEDIUM,656,0
18184.92,13,1,CARD,0,LOW,140,0
6770.84,8,0,CARD,0,MEDIUM,926,0
936.52,17,0,UPI,0,MEDIUM,374,0
471.58,20,0,NETBANKING,0,LOW,625,0
436.52,20,0,WALLET,0,LOW,661,0
261.19,21,1,CARD,0,LOW,521,0
756.06,12,1,CARD,0,LOW,809,0
506.31,17,0,WALLET,0,LOW,879,0
508.55,3,0,UPI,0,LOW,360,0
311.28,13,0,NETBANKING,0,MEDIUM,841,0
296.5,11,0,WALLET,0,LOW,7,0
281.08,0,0,UPI,1,MEDIUM,337,0
10504.13,8,0,NETBANKING,0,LOW,666,0
990.67,6,0,UPI,0,HIGH,305,0
345.84,6,1,CARD,1,HIGH,271,0
285.59,1,0,WALLET,0,LOW,582,0
122.92,5,0,WALLET,0,LOW,101,0
951.22,15,0,NETBANKING,0,LOW,225,0
5001.65,23,0,UPI,0,MEDIUM,878,0
6365.06,17,1,NETBANKING,1,LOW,972,0
985.48,11,0,NETBANKING,0,MEDIUM,874,0
81.29,9,0,CARD,0,LOW,631,0
120.86,5,0,UPI,0,LOW,219,0
917.09,20,1,NETBANKING,0,HIGH,700,0
618.55,3,1,NETBANKING,1,LOW,521,0
676.41,12,0,CARD,0,LOW,193,0
164.78,17,1,WALLET,0,HIGH,493,0
434.41,23,1,NETBANKING,0,LOW,534,0
796.37,17,1,UPI,0,MEDIUM,201,0
3399.84,21,0,UPI,0,LOW,472,0
442.99,11,0,NETBANKING,0,HIGH,491,0
502.7,9,1,NETBANKING,0,LOW,666,0
598.66,10,0,WALLET,0,MEDIUM,884,0
433.3,6,1,WALLET,0,LOW,138,0
8164.94,4,0,WALLET,0,MEDIUM,998,0
870.95,15,0,UPI,0,LOW,648,0
13986.23,0,1,CARD,0,MEDIUM,90,0
101.78,11,1,UPI,0,LOW,689,0
93.77,18,0,UPI,0,MEDIUM,451,0
15083.8,0,1,WALLET,0,LOW,236,0
913.96,23,1,WALLET,0,LOW,60,0
170.77,3,0,WALLET,0,HIGH,883,0
435.79,18,1,NETBANKING,0,MEDIUM,555,0
8915.15,20,0,WALLET,0,LOW,658,0
933.75,18,1,UPI,0,LOW,31,0
11084.0,19,0,CARD,0,LOW,75,0
439.01,21,0,WALLET,1,LOW,834,0
18237.13,18,0,NETBANKING,0,LOW,344,0
508.07,1,1,CARD,0,MEDIUM,764,0
215.55,17,0,CARD,1,LOW,763,0
409.35,21,0,NETBANKING,0,HIGH,339,0
61.53,23,1,CARD,0,LOW,8,0
992.41,11,0,UPI,1,MEDIUM,836,0
488.72,9,0,NETBANKING,0,LOW,31,0
999.22,15,0,UPI,0,MEDIUM,304,0
485.36,16,0,CARD,0,HIGH,335,0
16851.56,20,1,UPI,0,LOW,618,0
620.37,1,1,WALLET,0,LOW,832,0
6842.77,1,0,UPI,1,LOW,71,1
592.92,7,0,NETBANKING,0,LOW,98,0
443.78,8,0,CARD,0,MEDIUM,103,0
321.95,4,1,UPI,0,LOW,414,0
205.8,7,0,WALLET,0,MEDIUM,772,0
21.49,3,0,UPI,0,MEDIUM,522,0
6993.69,22,1,UPI,0,MEDIUM,588,0
324.06,12,0,UPI,0,LOW,902,0
249.59,12,0,CARD,0,LOW,993,0
637.29,2,1,NETBANKING,0,MEDIUM,466,0
971.16,21,0,WALLET,0,LOW,208,0
699.66,8,0,WALLET,0,LOW,991,0
688.48,13,0,WALLET,0,LOW,347,0
311.06,11,1,WALLET,0,LOW,198,0
172.49,6,0,UPI,0,HIGH,303,0
4943.33,17,0,NETBANKING,0,MEDIUM,620,0
2045.98,6,1,WALLET,0,LOW,280,0
739.6,16,1,UPI,0,LOW,16,0
9022.92,19,1,NETBANKING,0,MEDIUM,227,0
14199.12,19,1,WALLET,0,MEDIUM,36,0
17953.39,11,0,CARD,0,MEDIUM,610,0
6006.31,12,1,UPI,0,LOW,892,0
19743.4,10,1,UPI,0,HIGH,528,0
54.79,1,0,NETBANKING,0,LOW,517,0
11697.16,13,0,UPI,0,MEDIUM,505,0
12035.11,19,1,NETBANKING,0,LOW,165,0
129029.88,3,0,UPI,0,LOW,885,1
16025.15,10,0,UPI,0,LOW,105,0
257.05,4,0,UPI,0,MEDIUM,879,0
869.78,15,0,UPI,0,LOW,452,0
723.34,0,0,WALLET,0,LOW,875,0
580.86,19,1,CARD,0,HIGH,321,0
19564.94,19,1,UPI,0,MEDIUM,134,0
789.24,5,0,CARD,0,HIGH,668,0
9257.2,2,1,WALLET,0,MEDIUM,487,0
131.52,3,0,WALLET,0,LOW,376,0
487.92,4,1,CARD,0,LOW,387,0
130984.5,5,0,NETBANKING,1,LOW,80,1
14715.89,7,0,NETBANKING,0,MEDIUM,158,0
630.09,22,1,UPI,0,LOW,991,0
883.24,17,0,CARD,1,LOW,532,0
480.09,14,1,UPI,0,LOW,246,0
948.66,12,0,UPI,0,LOW,44,0
8857.61,8,1,UPI,1,LOW,6,0
724.89,23,1,UPI,1,MEDIUM,620,0
592.5,23,1,WALLET,0,MEDIUM,293,0
96.28,23,1,UPI,0,LOW,904,0
758.96,13,0,CARD,0,LOW,221,0
614.98,6,0,CARD,0,LOW,512,0
114.6,14,1,NETBANKING,0,LOW,988,0
221.65,1,1,CARD,0,LOW,476,0
894.76,4,1,UPI,0,LOW,660,0
624.4,3,1,CARD,0,LOW,895,0
18651.92,19,0,NETBANKING,0,LOW,272,0
446.29,12,1,NETBANKING,0,LOW,623,0
11910.78,5,1,WALLET,0,MEDIUM,324,0
425.22,9,0,NETBANKING,0,HIGH,266,0
155.01,17,1,WALLET,0,LOW,288,0
900.14,10,0,CARD,1,MEDIUM,450,0
180.02,14,1,CARD,0,MEDIUM,17,0
699.89,17,1,WALLET,0,LOW,809,0
381.5,19,1,UPI,0,LOW,712,0
584.18,20,1,WALLET,0,MEDIUM,524,0
11436.25,6,0,NETBANKING,0,MEDIUM,546,0
758.67,9,1,NETBANKING,0,HIGH,794,0
252.38,14,0,NETBANKING,0,MEDIUM,62,0
460.36,10,0,WALLET,0,LOW,861,0
95.71,18,1,NETBANKING,0,MEDIUM,534,0
241.96,7,0,WALLET,0,LOW,284,0
893.34,6,1,UPI,0,LOW,668,0
1125.95,2,0,NETBANKING,0,MEDIUM,232,0
651.88,8,1,CARD,0,LOW,158,0
385.74,15,0,UPI,0,LOW,629,0
901.58,8,0,CARD,0,HIGH,999,0
46.32,6,1,UPI,0,HIGH,559,0
390.38,20,0,UPI,0,LOW,152,0
916.69,21,1,WALLET,0,LOW,235,0
546.92,15,1,NETBANKING,0,LOW,879,0
726.3,7,0,UPI,0,MEDIUM,365,0
644.46,13,0,UPI,0,HIGH,872,0
9539.66,5,1,NETBANKING,1,MEDIUM,782,0
320.87,9,1,WALLET,0,LOW,674,0
311.52,16,1,NETBANKING,0,LOW,88,0
4481.03,2,0,NETBANKING,0,HIGH,848,0
794.94,23,0,NETBANKING,0,LOW,962,0
153.64,16,1,NETBANKING,0,MEDIUM,649,0
10746.61,10,1,WALLET,0,MEDIUM,277,0
243.44,21,1,CARD,0,MEDIUM,653,0
192893.12,2,1,WALLET,0,LOW,622,1
74.51,13,0,WALLET,0,MEDIUM,66,0
16.02,18,0,WALLET,0,LOW,838,0
24.03,21,1,WALLET,0,MEDIUM,67,0
443.7,6,0,UPI,0,LOW,534,0
423.94,16,0,CARD,0,MEDIUM,746,0
373.03,23,1,UPI,0,LOW,355,0
976.98,10,0,UPI,0,LOW,501,0
396.72,18,0,CARD,0,MEDIUM,407,0
704.5,6,0,UPI,0,LOW,777,0
870.22,23,1,WALLET,0,LOW,455,0
7805.11,6,1,UPI,0,MEDIUM,930,0
10202.74,8,0,CARD,0,MEDIUM,676,0
823.36,18,1,UPI,0,LOW,482,0
9758.91,4,1,WALLET,0,LOW,710,0
93.89,9,1,NETBANKING,0,MEDIUM,89,0
964.54,10,0,UPI,1,LOW,628,0
677.66,20,1,WALLET,0,MEDIUM,472,0
853.48,12,0,CARD,0,LOW,313,0
14854.7,13,0,NETBANKING,0,HIGH,244,0
699.39,21,1,CARD,0,LOW,566,0
189.64,14,1,NETBANKING,0,LOW,169,0
154.64,1,1,WALLET,0,MEDIUM,741,0
453.82,21,1,CARD,0,MEDIUM,839,0
93018.23,6,1,NETBANKING,0,LOW,287,0
94149.92,14,0,NETBANKING,0,LOW,721,0
787.36,17,1,NETBANKING,0,MEDIUM,817,0
13106.83,15,1,NETBANKING,0,HIGH,271,0
4769.12,1,1,UPI,0,LOW,160,0
784.74,21,1,WALLET,0,LOW,664,0
586.22,14,1,NETBANKING,0,MEDIUM,373,0
11029.12,2,1,CARD,0,LOW,294,0
597.24,13,1,NETBANKING,0,HIGH,109,0
23.29,8,1,UPI,0,MEDIUM,241,0
380.77,16,1,CARD,0,LOW,131,0
213.92,9,1,WALLET,0,LOW,709,0
431.15,3,0,WALLET,1,LOW,122,0
186.76,0,0,NETBANKING,0,LOW,694,0
103.71,21,0,NETBANKING,0,MEDIUM,999,0
569.57,22,1,NETBANKING,0,HIGH,842,0
24.01,17,0,NETBANKING,1,LOW,300,0
321.54,5,1,WALLET,0,LOW,503,0
12816.1,3,0,WALLET,0,LOW,960,0
863.4,13,1,CARD,0,MEDIUM,298,0
31.3,5,0,NETBANKING,0,LOW,522,0
81.12,18,0,CARD,0,LOW,120,0
8478.71,16,0,CARD,0,LOW,895,0
187.44,17,1,UPI,0,LOW,97,0
426.08,4,0,NETBANKING,0,LOW,163,0
605.64,11,0,UPI,0,LOW,207,0
10867.32,4,0,NETBANKING,0,LOW,403,0
13109.16,18,0,NETBANKING,0,MEDIUM,821,0
885.29,19,1,CARD,0,LOW,760,0
44801.9,6,0,UPI,0,LOW,24,0
276.75,14,0,WALLET,0,LOW,354,0
793.88,8,0,UPI,0,HIGH,377,0
879.49,7,1,UPI,0,LOW,625,0
56.02,21,0,NETBANKING,0,MEDIUM,771,0
405.66,9,0,NETBANKING,0,LOW,520,0
11719.83,23,1,UPI,0,LOW,104,0
300.48,23,0,UPI,0,LOW,369,0
129.9,21,1,UPI,0,LOW,648,0
13556.75,14,1,WALLET,0,LOW,211,0
12997.11,19,1,UPI,0,LOW,748,0
487.47,4,1,CARD,0,MEDIUM,78,0
2786.91,13,0,NETBANKING,0,HIGH,847,0
355.01,15,0,NETBANKING,1,LOW,117,0
14399.67,18,0,NETBANKING,0,MEDIUM,464,0
136578.18,5,0,WALLET,0,MEDIUM,594,1
124.74,20,0,UPI,0,LOW,717,0
715.16,19,1,CARD,0,LOW,849,0
346.85,7,1,CARD,1,LOW,586,0
1268.12,12,1,UPI,1,LOW,777,0
19720.54,14,0,WALLET,0,LOW,905,0
762.48,11,0,WALLET,0,MEDIUM,782,0
464.91,21,0,UPI,0,LOW,396,0
945.69,10,0,WALLET,0,MEDIUM,945,0
589.37,2,1,CARD,1,HIGH,255,1
212.15,5,0,CARD,0,MEDIUM,512,0
948.96,15,0,CARD,0,MEDIUM,542,0
999.18,14,1,CARD,0,MEDIUM,651,0
600.22,10,1,UPI,0,LOW,949,0
413.47,5,0,CARD,0,MEDIUM,334,0
535.53,8,0,WALLET,0,LOW,137,0
215.91,0,0,NETBANKING,0,LOW,761,0
120.32,1,1,UPI,0,LOW,408,0
330.77,18,0,UPI,0,MEDIUM,509,0
796.47,18,0,WALLET,0,MEDIUM,395,0
801.32,22,0,NETBANKING,0,LOW,96,0
10702.05,20,1,WALLET,0,LOW,614,0
148128.91,5,0,NETBANKING,0,LOW,346,1
111.36,21,0,UPI,0,MEDIUM,101,0
3439.28,18,0,NETBANKING,0,LOW,462,0
2656.6,18,0,UPI,0,MEDIUM,671,0
12904.08,15,0,CARD,0,LOW,40,0
160.84,18,0,UPI,0,LOW,742,0
806.96,16,1,NETBANKING,0,MEDIUM,9,0
230.4,1,0,WALLET,0,MEDIUM,966,0
53.23,5,1,NETBANKING,0,LOW,744,0
357.64,23,0,UPI,0,LOW,894,0
618.9,12,0,NETBANKING,0,MEDIUM,448,0
579.61,16,0,CARD,0,LOW,754,0
555.25,18,0,UPI,1,LOW,961,0
200.55,22,1,CARD,0,LOW,284,0
246.48,18,1,WALLET,0,LOW,395,0
246.25,3,1,UPI,0,LOW,41,0
685.2,9,0,NETBANKING,0,LOW,850,0
472.77,22,0,CARD,0,MEDIUM,711,0
867.72,14,1,WALLET,0,LOW,140,0
17821.03,1,1,NETBANKING,0,MEDIUM,715,0
308.87,8,1,NETBANKING,0,LOW,41,0
18305.77,9,1,CARD,0,MEDIUM,906,0
697.07,23,1,UPI,0,HIGH,27,0
10563.5,7,0,WALLET,0,LOW,755,0
130.4,11,1,UPI,0,MEDIUM,825,0
10426.48,4,0,CARD,0,HIGH,586,0
430.52,13,1,NETBANKING,0,MEDIUM,263,0
6165.21,7,1,CARD,0,LOW,289,0
119.1,10,1,UPI,0,MEDIUM,199,0
120280.36,3,1,CARD,0,LOW,357,1
548.25,5,0,CARD,0,HIGH,617,0
10070.75,3,0,WALLET,0,MEDIUM,19,0
224.52,3,1,NETBANKING,0,LOW,281,0
144.49,2,0,UPI,0,HIGH,852,0
472.41,17,0,UPI,0,HIGH,452,0
987.47,8,1,WALLET,0,LOW,682,0
475.78,12,0,CARD,1,MEDIUM,526,0
383.46,4,1,WALLET,0,LOW,121,0
9441.34,1,1,WALLET,0,MEDIUM,811,0
607.99,4,1,UPI,0,LOW,355,0
452.93,13,0,UPI,0,LOW,16,0
15831.5,9,0,WALLET,0,MEDIUM,877,0
5136.79,18,1,NETBANKING,0,MEDIUM,477,0
15255.6,4,0,CARD,0,LOW,224,0
18517.15,22,0,WALLET,0,LOW,807,0
187.83,22,1,CARD,0,MEDIUM,473,0
469.91,22,1,UPI,0,LOW,578,0
242.71,7,0,UPI,0,LOW,876,0
356.41,21,1,WALLET,0,MEDIUM,209,0
194.74,4,0,WALLET,0,MEDIUM,667,0
17334.24,17,0,CARD,0,MEDIUM,40,0
31876.81,8,0,UPI,0,LOW,513,0
543.56,9,1,UPI,0,LOW,188,0
909.81,12,0,WALLET,1,LOW,911,0
6350.6,2,0,NETBANKING,0,MEDIUM,326,0
106.05,12,1,UPI,1,MEDIUM,901,0
18000.34,15,1,CARD,1,MEDIUM,689,0
756.55,9,0,WALLET,0,LOW,40,0
217.61,1,1,CARD,0,HIGH,81,0
12752.04,23,1,WALLET,0,LOW,977,0
688.94,23,0,WALLET,0,HIGH,795,0
3452.09,12,1,NETBANKING,0,LOW,607,0
576.52,11,0,UPI,0,LOW,750,0
1953.39,23,0,WALLET,0,LOW,91,0
787.82,4,1,WALLET,0,LOW,473,0
401.3,9,1,NETBANKING,0,MEDIUM,745,0
345.59,11,1,CARD,0,LOW,638,0
70874.13,16,0,CARD,0,LOW,871,0
98.09,14,0,NETBANKING,0,LOW,411,0
870.3,8,1,WALLET,0,LOW,298,0
12.59,12,0,WALLET,0,LOW,165,0
6007.37,12,1,UPI,0,LOW,465,0
14538.92,20,0,UPI,1,LOW,828,0
721.8,7,1,NETBANKING,0,MEDIUM,37,0
554.97,14,0,NETBANKING,0,MEDIUM,626,0
540.49,17,1,NETBANKING,0,MEDIUM,419,0
594.84,14,1,WALLET,0,LOW,744,0
909.78,12,0,CARD,0,LOW,137,0
344.6,9,0,UPI,0,LOW,598,0
21.1,8,0,NETBANKING,0,MEDIUM,985,0
605.54,16,1,CARD,0,MEDIUM,754,0
6639.65,7,1,WALLET,0,LOW,765,0
573.57,16,1,UPI,0,MEDIUM,342,0
16.29,15,0,WALLET,0,LOW,516,0
80.74,23,1,UPI,0,LOW,554,0
948.81,18,0,NETBANKING,0,LOW,153,0
960.37,12,1,CARD,0,MEDIUM,315,0
596.32,2,0,CARD,0,HIGH,486,0
18019.82,5,0,NETBANKING,1,LOW,318,1
130.03,6,0,CARD,0,LOW,738,0
16751.0,6,1,CARD,0,MEDIUM,923,0
752.96,5,1,UPI,0,LOW,450,0
2777.46,22,0,UPI,1,LOW,769,0
657.84,16,0,UPI,0,LOW,290,0
204.46,3,1,UPI,0,LOW,604,0
335.58,14,1,CARD,0,LOW,617,0
19089.32,5,0,CARD,1,LOW,432,0
175.38,13,0,NETBANKING,0,MEDIUM,640,0
17171.27,8,0,WALLET,0,LOW,338,0
189.21,15,1,UPI,0,LOW,878,0
7279.8,3,0,CARD,0,MEDIUM,131,0
83.42,14,1,CARD,0,MEDIUM,656,0
926.6,13,0,UPI,0,LOW,624,0
572.71,17,0,CARD,0,MEDIUM,788,0
19372.82,15,0,WALLET,0,MEDIUM,320,0
634.18,8,0,WALLET,0,HIGH,811,0
212.46,14,0,UPI,0,HIGH,222,0
269.87,15,0,WALLET,0,MEDIUM,424,0
4764.59,1,1,CARD,0,MEDIUM,770,0
905.77,22,0,WALLET,0,LOW,975,0
806.3,20,0,CARD,0,MEDIUM,290,0
415.35,14,1,CARD,0,LOW,961,0
916.17,16,1,CARD,0,LOW,529,0
373.22,2,0,CARD,0,MEDIUM,443,0
147.23,9,1,CARD,0,LOW,668,0
4290.82,22,0,WALLET,0,LOW,367,0
2784.08,17,1,UPI,1,LOW,851,0
12164.09,21,0,WALLET,0,HIGH,311,0
592.97,12,1,WALLET,1,MEDIUM,837,0
9490.28,18,1,UPI,0,LOW,52,0
831.27,14,0,UPI,0,HIGH,668,0
989.43,15,0,WALLET,1,HIGH,525,1
201.33,11,1,WALLET,0,LOW,452,0
127660.6,11,1,CARD,0,LOW,810,0
5239.84,20,0,CARD,0,MEDIUM,215,0
23.16,12,0,CARD,0,LOW,503,0
443.71,22,1,CARD,0,LOW,720,0
10145.26,11,1,NETBANKING,0,LOW,191,0
571.44,22,1,WALLET,0,LOW,872,0
40.02,18,1,UPI,0,LOW,239,0
248.56,19,1,NETBANKING,0,LOW,383,0
826.1,15,0,UPI,0,LOW,647,0
328.71,22,0,UPI,0,LOW,172,0
6162.85,9,0,NETBANKING,0,LOW,611,0
543.69,6,0,UPI,1,LOW,552,0
246.97,0,0,WALLET,0,LOW,776,0
18.77,4,1,CARD,0,MEDIUM,194,0
362.29,8,1,NETBANKING,0,LOW,260,0
624.69,1,1,UPI,0,HIGH,197,0
585.28,3,1,CARD,0,LOW,326,0
82.52,5,1,UPI,0,LOW,265,0
261.87,2,1,NETBANKING,0,LOW,7,0
234.02,9,1,NETBANKING,0,LOW,365,0
472.79,7,0,WALLET,0,HIGH,796,0
76.28,4,1,NETBANKING,0,LOW,948,0
548.67,10,0,CARD,0,MEDIUM,125,0
2787.09,19,0,UPI,0,HIGH,190,0
5083.28,18,0,UPI,0,MEDIUM,595,0
3151.12,5,1,WALLET,0,MEDIUM,335,0
844.44,20,0,NETBANKING,0,HIGH,94,0
160.05,16,0,CARD,1,LOW,366,0
841.47,5,1,NETBANKING,0,LOW,227,0
801.32,0,1,CARD,0,LOW,526,0
15933.43,9,1,WALLET,0,MEDIUM,22,0
145.32,8,0,UPI,0,HIGH,599,0
118059.79,10,1,NETBANKING,0,LOW,302,0
734.53,12,1,UPI,0,LOW,32,0
624.66,11,0,CARD,0,MEDIUM,290,0
12531.14,22,0,CARD,1,HIGH,472,1
938.93,8,1,UPI,0,LOW,90,0
315.04,21,1,NETBANKING,0,LOW,992,0
299.68,2,1,WALLET,0,LOW,453,0
629.73,3,0,WALLET,0,LOW,817,0
272.12,17,0,CARD,0,LOW,426,0
267.45,8,0,WALLET,0,LOW,186,0
424.23,23,0,WALLET,0,MEDIUM,134,0
76.73,18,1,WALLET,0,LOW,389,0
7293.02,23,1,NETBANKING,0,LOW,599,0
16152.94,0,0,UPI,0,LOW,46,0
290.28,2,1,NETBANKING,0,LOW,102,0
261.97,1,0,UPI,0,LOW,745,0
172410.44,18,1,NETBANKING,1,MEDIUM,984,1
11636.78,11,0,CARD,0,MEDIUM,519,0
956.72,0,1,CARD,0,LOW,607,0
183.88,9,1,CARD,0,LOW,832,0
303.42,16,0,WALLET,0,MEDIUM,847,0
458.02,3,1,NETBANKING,0,LOW,873,0
154.78,0,0,CARD,0,MEDIUM,175,0
7084.71,17,0,CARD,0,LOW,171,0
10137.63,1,0,UPI,0,LOW,125,0
597.69,18,1,UPI,0,MEDIUM,845,0
463.94,4,0,CARD,0,LOW,766,0
550.89,21,1,WALLET,0,MEDIUM,314,0
17799.61,5,1,NETBANKING,0,LOW,81,0
127.74,6,0,NETBANKING,0,MEDIUM,338,0
569.62,14,0,CARD,0,LOW,304,0
765.58,16,1,WALLET,0,LOW,188,0
8784.76,1,0,NETBANKING,1,HIGH,818,1
228.55,13,1,NETBANKING,0,LOW,394,0
697.57,1,0,UPI,0,LOW,666,0
149.94,2,0,WALLET,0,LOW,990,0
508.33,2,1,UPI,0,LOW,583,0
776.73,19,0,UPI,1,LOW,106,0
12.23,17,0,UPI,0,LOW,230,0
677.19,23,0,NETBANKING,0,LOW,630,0
736.69,1,1,UPI,0,LOW,453,0
951.5,13,1,WALLET,1,LOW,352,0
12915.76,7,0,WALLET,0,LOW,162,0
190175.0,8,1,CARD,0,LOW,646,1
630.23,6,1,WALLET,0,LOW,464,0
192.07,7,0,NETBANKING,0,MEDIUM,917,0
15533.59,14,0,UPI,0,MEDIUM,365,0
4497.57,10,0,NETBANKING,0,MEDIUM,21,0
10562.61,0,1,WALLET,0,MEDIUM,568,0
987.57,18,0,UPI,0,MEDIUM,547,0
825.65,20,1,NETBANKING,0,HIGH,624,0
941.87,10,1,NETBANKING,0,LOW,949,0
201.75,3,0,UPI,0,LOW,471,0
563.37,21,0,CARD,0,LOW,768,0
892.51,1,0,UPI,0,LOW,12,0
546.86,23,1,NETBANKING,0,LOW,621,0
397.44,22,0,WALLET,1,LOW,977,0
43488.51,21,0,UPI,0,LOW,29,0
77.48,12,0,NETBANKING,0,LOW,802,0
10725.88,17,1,WALLET,0,LOW,288,0
125.75,10,0,WALLET,0,LOW,576,0
82.87,22,0,UPI,0,MEDIUM,341,0
3574.97,21,1,UPI,0,LOW,807,0
530.44,0,1,UPI,0,LOW,418,0
815.57,7,0,WALLET,0,LOW,408,0
962.26,13,1,NETBANKING,0,MEDIUM,967,0
10987.63,3,0,WALLET,0,LOW,194,0
823.36,0,1,UPI,0,MEDIUM,570,0
161.64,0,0,NETBANKING,0,LOW,665,0
3684.74,17,1,NETBANKING,1,MEDIUM,665,0
994.71,6,1,WALLET,0,MEDIUM,868,0
10289.54,22,0,CARD,0,LOW,579,0
88.76,2,1,NETBANKING,0,LOW,468,0
283.41,19,0,UPI,0,LOW,511,0
539.95,11,1,NETBANKING,0,MEDIUM,982,0
657.98,15,1,CARD,0,LOW,663,0
910.88,20,1,UPI,0,MEDIUM,991,0
398.9,15,0,WALLET,0,MEDIUM,794,0
885.11,8,1,NETBANKING,0,LOW,633,0
782.92,4,1,WALLET,0,LOW,587,0
187688.11,2,1,UPI,0,LOW,775,1
961.44,21,0,UPI,0,MEDIUM,125,0
373.83,5,1,WALLET,0,LOW,70,0
778.35,12,0,WALLET,0,LOW,219,0
314.08,22,0,NETBANKING,0,LOW,6,0
561.03,6,0,WALLET,0,MEDIUM,362,0
104.27,13,0,NETBANKING,0,LOW,887,0
105696.68,5,1,NETBANKING,1,LOW,368,1
635.9,3,0,UPI,0,MEDIUM,563,0
458.85,15,0,NETBANKING,0,MEDIUM,114,0
581.15,4,1,NETBANKING,0,LOW,10,0
198.46,12,1,CARD,0,LOW,783,0
971.36,13,0,NETBANKING,0,LOW,638,0
645.83,1,1,UPI,0,HIGH,343,0
18404.31,17,0,WALLET,0,LOW,829,0
129.74,12,0,NETBANKING,0,LOW,406,0
714.0,9,1,WALLET,0,MEDIUM,477,0
939.62,8,0,WALLET,0,HIGH,749,0
680.34,11,0,NETBANKING,0,MEDIUM,783,0
503.55,11,1,NETBANKING,0,MEDIUM,61,0
922.06,8,0,NETBANKING,0,MEDIUM,864,0
12290.21,7,1,UPI,0,MEDIUM,225,0
92265.69,4,1,UPI,0,LOW,627,0
505.6,0,0,WALLET,0,MEDIUM,896,0
183.96,17,0,NETBANKING,0,MEDIUM,357,0
741.81,15,0,CARD,0,LOW,372,0
614.22,1,0,NETBANKING,0,LOW,572,0
4837.77,6,1,CARD,0,LOW,661,0
193467.81,6,0,CARD,1,LOW,734,1
122.09,11,1,CARD,0,LOW,243,0
810.49,23,0,UPI,0,HIGH,108,0
228.04,1,1,UPI,0,LOW,583,0
960.82,9,1,UPI,0,LOW,193,0
652.75,12,1,NETBANKING,1,LOW,897,0
803.78,15,1,NETBANKING,0,LOW,401,0
6781.44,10,0,CARD,0,HIGH,864,0
13.93,6,1,UPI,0,LOW,857,0
708.34,6,1,CARD,0,MEDIUM,203,0
1856.56,21,1,UPI,0,MEDIUM,824,0
10736.04,4,1,CARD,0,MEDIUM,175,0
58458.4,1,1,WALLET,0,LOW,438,0
3021.04,16,1,UPI,0,LOW,125,0
6319.74,10,0,CARD,0,MEDIUM,609,0
994.17,21,0,UPI,0,LOW,259,0
9317.82,10,1,WALLET,1,MEDIUM,596,0
750.38,2,1,UPI,0,MEDIUM,379,0
516.65,12,1,NETBANKING,0,HIGH,146,0
48.31,23,1,WALLET,0,MEDIUM,56,0
327.53,16,0,WALLET,0,LOW,94,0
298.14,8,0,WALLET,0,LOW,11,0
162656.47,17,1,NETBANKING,0,MEDIUM,919,0
16934.29,20,0,UPI,0,LOW,183,0
567.24,1,1,NETBANKING,0,MEDIUM,728,0
57.26,20,0,WALLET,0,MEDIUM,465,0
6077.47,7,0,WALLET,0,LOW,10,0
472.69,22,1,UPI,0,LOW,31,0
18393.4,20,0,UPI,0,MEDIUM,591,0
945.67,20,1,CARD,0,LOW,619,0
159294.44,12,1,CARD,0,MEDIUM,886,1
114.2,18,1,WALLET,0,LOW,450,0
438.98,17,1,NETBANKING,0,MEDIUM,316,0
522.71,7,1,WALLET,0,LOW,502,0
263.68,11,0,UPI,0,LOW,319,0
205.48,13,0,UPI,0,LOW,126,0
815.1,2,1,CARD,0,MEDIUM,171,0
509.06,1,1,CARD,0,LOW,875,0
712.13,1,1,WALLET,0,LOW,531,0
730.66,16,1,NETBANKING,1,LOW,790,0
7911.87,1,1,CARD,0,LOW,365,0
94.4,13,1,CARD,0,MEDIUM,745,0
700.26,8,0,UPI,0,LOW,700,0
289.53,16,0,CARD,0,LOW,851,0
993.59,16,0,WALLET,0,MEDIUM,117,0
315.19,3,1,UPI,0,MEDIUM,871,0
404.92,9,0,NETBANKING,0,HIGH,568,0
3287.71,14,1,CARD,0,LOW,464,0
216.78,21,1,CARD,0,LOW,253,0
916.01,20,1,CARD,0,MEDIUM,610,0
8618.5,0,0,NETBANKING,0,LOW,994,0
835.77,8,1,UPI,1,LOW,566,0
6544.94,18,0,UPI,0,MEDIUM,821,0
331.26,23,1,WALLET,0,LOW,696,0
872.18,20,0,UPI,0,LOW,78,0
622.71,14,1,CARD,0,MEDIUM,992,0
949.93,12,0,UPI,0,LOW,268,0
960.19,3,0,UPI,0,MEDIUM,113,0
18.5,22,1,NETBANKING,1,MEDIUM,665,0
178.9,9,0,WALLET,0,LOW,483,0
7303.64,19,0,UPI,0,LOW,245,0
968.59,13,0,UPI,0,MEDIUM,918,0
660.7,17,0,WALLET,0,LOW,952,0
650.02,1,1,UPI,0,HIGH,100,0
144.27,6,1,CARD,0,HIGH,956,0
19947.28,21,1,UPI,0,LOW,861,0
22677.29,16,1,NETBANKING,0,MEDIUM,925,0
989.88,3,0,NETBANKING,0,LOW,270,0
666.46,10,0,UPI,0,LOW,368,0
2329.02,3,1,UPI,0,LOW,625,0
944.73,21,0,NETBANKING,0,HIGH,513,0
186579.3,3,1,CARD,0,MEDIUM,164,1
449.15,1,0,WALLET,0,LOW,911,0
249.52,4,1,WALLET,1,LOW,585,0
97.18,8,1,UPI,0,LOW,527,0
341.51,15,1,CARD,0,MEDIUM,40,0
640.76,7,1,CARD,0,LOW,594,0
721.97,14,0,NETBANKING,0,LOW,397,0
600.57,14,0,WALLET,0,MEDIUM,69,0
4527.85,6,0,NETBANKING,0,HIGH,501,0
9521.53,10,1,NETBANKING,0,LOW,681,0
883.29,23,1,WALLET,0,LOW,385,0
433.67,14,0,WALLET,0,HIGH,420,0
621.0,0,0,NETBANKING,0,LOW,116,0
278.78,5,0,CARD,0,LOW,10,0
139.75,4,1,UPI,1,LOW,498,0
688.68,5,0,UPI,0,HIGH,894,0
867.34,15,0,UPI,1,LOW,667,0
160.03,1,0,NETBANKING,1,MEDIUM,634,0
93.8,7,1,UPI,0,LOW,188,0
957.75,2,0,WALLET,0,LOW,136,0
7396.9,16,1,WALLET,1,LOW,316,0
777.79,22,0,WALLET,0,LOW,902,0
614.39,13,0,UPI,1,HIGH,781,1
980.42,23,1,NETBANKING,0,MEDIUM,658,0
364.37,0,1,WALLET,0,LOW,837,0
4831.12,3,1,CARD,0,LOW,927,0
987.48,15,1,UPI,0,LOW,496,0
954.2,19,1,WALLET,1,MEDIUM,129,0
345.39,3,1,NETBANKING,1,MEDIUM,931,0
252.85,17,1,UPI,0,HIGH,134,0
47.95,3,0,WALLET,0,MEDIUM,725,0
949.71,8,1,WALLET,0,LOW,459,0
6362.75,6,1,UPI,0,MEDIUM,651,0
5136.22,13,1,NETBANKING,1,LOW,897,0
799.17,18,0,NETBANKING,0,LOW,704,0
13776.49,2,0,CARD,0,LOW,178,0
134.7,17,1,UPI,0,MEDIUM,487,0
255.35,2,0,WALLET,0,LOW,786,0
847.29,22,1,WALLET,0,LOW,566,0
995.87,0,1,WALLET,0,LOW,551,0
294.62,23,1,WALLET,0,MEDIUM,67,0
941.47,18,0,NETBANKING,1,LOW,126,0
195.04,11,0,CARD,0,LOW,117,0
9251.74,10,0,NETBANKING,0,LOW,706,0
969.09,9,1,NETBANKING,0,LOW,411,0
14025.78,7,0,CARD,1,LOW,557,0
13400.8,17,0,NETBANKING,1,MEDIUM,774,0
16211.26,3,0,CARD,0,LOW,433,0
121.02,12,0,WALLET,0,LOW,752,0
666.61,18,0,NETBANKING,0,LOW,544,0
8411.02,0,0,WALLET,0,LOW,654,0
704.81,10,1,UPI,0,LOW,462,0
2696.68,8,0,NETBANKING,0,MEDIUM,569,0
240.37,13,1,WALLET,0,LOW,960,0
539.83,9,1,WALLET,0,MEDIUM,515,0
769.76,19,0,NETBANKING,1,LOW,781,0
6569.58,4,0,NETBANKING,0,MEDIUM,16,0
742.98,14,0,WALLET,0,MEDIUM,6,0
6097.56,10,0,CARD,1,MEDIUM,174,0
4435.2,19,0,NETBANKING,0,HIGH,664,0
525.95,11,0,UPI,1,HIGH,539,0
856.43,13,1,NETBANKING,0,LOW,209,0
44561.05,7,1,NETBANKING,0,LOW,397,0
348.22,11,1,UPI,0,LOW,929,0
6757.31,8,0,UPI,0,LOW,352,0
907.45,8,1,UPI,0,MEDIUM,316,0
18501.63,3,1,NETBANKING,0,LOW,741,0
16146.52,6,1,NETBANKING,0,LOW,162,0
569.69,5,0,CARD,1,LOW,691,0
17832.71,2,1,NETBANKING,0,LOW,996,0
821.9,9,1,UPI,0,LOW,261,0
371.19,11,0,WALLET,0,LOW,504,0
14412.15,19,0,UPI,0,MEDIUM,552,0
18036.82,18,0,WALLET,0,LOW,666,0
546.73,20,1,WALLET,1,HIGH,599,0
901.6,2,0,UPI,0,MEDIUM,626,0
18296.38,0,1,NETBANKING,0,HIGH,588,0
382.64,5,1,CARD,0,MEDIUM,552,0
8254.85,11,1,WALLET,0,HIGH,745,0
370.77,23,0,NETBANKING,0,LOW,457,0
479.82,14,1,UPI,0,LOW,839,0
15021.87,17,0,WALLET,0,LOW,85,0
10769.48,1,0,UPI,0,MEDIUM,423,0
718.69,8,0,UPI,0,LOW,133,0
795.41,23,1,NETBANKING,0,MEDIUM,99,0
500.81,15,1,UPI,0,LOW,849,0
177796.92,7,1,CARD,0,MEDIUM,95,1
835.0,16,0,NETBANKING,0,LOW,93,0
546.55,1,1,UPI,1,LOW,879,1
18397.59,7,0,NETBANKING,0,MEDIUM,644,0
756.45,10,1,WALLET,0,LOW,178,0
859.74,13,1,NETBANKING,0,HIGH,613,0
18238.8,15,0,CARD,0,LOW,649,0
711.26,21,1,CARD,0,MEDIUM,983,0
738.65,3,1,CARD,0,HIGH,836,0
624.96,18,0,WALLET,0,LOW,306,0
584.8,5,1,NETBANKING,0,LOW,289,0
602.98,19,1,WALLET,0,MEDIUM,715,0
122827.33,6,1,CARD,1,LOW,527,1
74.51,21,1,UPI,1,LOW,477,0
332.29,16,1,NETBANKING,0,LOW,219,0
152.3,23,0,CARD,1,LOW,284,0
130.93,10,1,UPI,1,LOW,594,0
336.32,3,0,WALLET,1,LOW,325,0
10743.31,0,0,WALLET,0,MEDIUM,196,0
914.29,5,0,UPI,0,LOW,949,0
19843.32,18,0,UPI,0,MEDIUM,808,0
552.51,8,1,NETBANKING,0,MEDIUM,953,0
10457.26,21,0,UPI,0,LOW,190,0
804.4,16,0,NETBANKING,0,LOW,610,0
754.8,7,0,WALLET,0,LOW,516,0
357.24,3,0,WALLET,0,LOW,704,0
13312.44,1,0,WALLET,0,LOW,851,0
16937.51,15,0,CARD,0,LOW,397,0
515.72,13,0,WALLET,0,LOW,551,0
557.45,18,1,WALLET,0,MEDIUM,880,0
466.62,16,0,NETBANKING,1,LOW,853,0
978.83,5,1,CARD,0,LOW,102,0
150066.69,2,1,CARD,0,LOW,168,1
429.81,18,1,WALLET,0,MEDIUM,80,0
51869.48,13,0,WALLET,0,MEDIUM,570,0
782.24,19,1,UPI,0,LOW,389,0
10065.84,22,0,UPI,0,MEDIUM,282,0
584.82,5,0,WALLET,0,MEDIUM,94,0
9014.51,19,1,UPI,1,LOW,322,0
47528.34,20,1,UPI,0,MEDIUM,315,0
884.0,5,0,WALLET,0,MEDIUM,547,0
414.97,0,1,NETBANKING,0,LOW,524,0
4958.14,5,1,UPI,0,MEDIUM,840,0
611.1,17,0,WALLET,0,HIGH,364,0
782.43,11,0,CARD,0,LOW,688,0
46.14,3,0,NETBANKING,0,MEDIUM,589,0
4347.31,12,0,UPI,0,LOW,840,0
12146.19,18,0,CARD,1,MEDIUM,655,0
17611.53,5,1,CARD,0,LOW,400,0
862.6,20,1,NETBANKING,0,LOW,276,0
51.41,21,0,NETBANKING,0,LOW,843,0
42.57,10,0,CARD,0,MEDIUM,730,0
937.79,4,0,CARD,0,LOW,941,0
880.64,5,1,UPI,1,LOW,945,0
16354.54,22,1,WALLET,0,MEDIUM,882,0
6272.52,6,1,UPI,0,LOW,131,0
572.96,1,1,NETBANKING,1,LOW,155,0
500.32,14,1,WALLET,0,MEDIUM,460,0
627.73,18,1,UPI,0,MEDIUM,73,0
536.16,23,1,UPI,1,MEDIUM,930,0
236.78,7,1,CARD,0,LOW,468,0
708.62,4,1,WALLET,0,LOW,591,0
782.46,17,0,UPI,0,LOW,849,0
159.56,23,1,UPI,1,LOW,166,0
370.92,10,0,NETBANKING,0,LOW,719,0
13527.29,14,0,CARD,0,LOW,165,0
537.65,19,0,UPI,0,MEDIUM,749,0
742.12,23,0,CARD,0,LOW,115,0
11473.91,15,1,WALLET,0,LOW,25,0
12095.37,20,1,WALLET,1,LOW,366,0
8963.41,23,0,WALLET,0,MEDIUM,631,0
513.83,17,1,WALLET,0,LOW,743,0
13741.18,18,0,WALLET,0,LOW,899,0
322.78,8,1,WALLET,0,LOW,978,0
981.4,15,0,UPI,0,LOW,586,0
829.4,0,1,NETBANKING,0,LOW,313,0
11808.0,6,1,UPI,0,MEDIUM,869,0
162.85,11,1,UPI,0,MEDIUM,945,0
19081.08,11,0,CARD,1,MEDIUM,276,0
8198.97,5,0,CARD,0,LOW,848,0
849.09,17,1,WALLET,0,LOW,98,0
4036.59,21,0,NETBANKING,0,LOW,332,0
402.37,23,0,WALLET,0,MEDIUM,158,0
402.09,18,0,CARD,0,MEDIUM,945,0
155.67,1,0,UPI,0,LOW,999,0
607.95,23,1,NETBANKING,0,LOW,77,0
306.06,1,1,WALLET,0,LOW,88,0
776.84,19,1,WALLET,0,MEDIUM,535,0
10076.08,2,0,CARD,0,LOW,641,0
408.32,10,0,UPI,0,LOW,77,0
316.72,22,1,CARD,0,LOW,701,0
630.27,12,0,WALLET,0,MEDIUM,73,0
107006.14,20,1,UPI,0,LOW,425,0
146.4,7,1,NETBANKING,0,LOW,913,0
265.9,3,0,NETBANKING,0,MEDIUM,464,0
119.09,11,0,NETBANKING,0,LOW,741,0
325.13,13,1,NETBANKING,1,HIGH,199,0
122.08,4,0,CARD,0,MEDIUM,54,0
18069.08,7,0,NETBANKING,0,LOW,423,0
73172.06,21,1,WALLET,0,LOW,390,0
11.68,0,1,UPI,0,LOW,451,0
34.25,7,0,UPI,0,LOW,892,0
5681.34,5,0,NETBANKING,0,LOW,19,0
685.62,15,0,WALLET,0,LOW,610,0
1384.76,21,0,NETBANKING,0,LOW,984,0
690.0,0,1,WALLET,0,HIGH,952,0
114.34,17,0,UPI,1,LOW,21,0
344.9,17,1,NETBANKING,0,LOW,350,0
13082.88,11,0,UPI,0,LOW,159,0
14273.46,6,0,CARD,0,MEDIUM,297,0
157.76,11,0,UPI,1,LOW,792,0
16.4,7,1,WALLET,0,LOW,136,0
362.6,16,0,UPI,0,MEDIUM,725,0
70.13,6,1,CARD,0,LOW,348,0
5213.2,10,1,NETBANKING,0,LOW,109,0
462.49,21,1,UPI,0,LOW,280,0
512.57,18,1,CARD,0,LOW,283,0
217.89,4,1,UPI,0,MEDIUM,211,0
70580.12,11,1,NETBANKING,0,LOW,850,0
966.09,20,1,CARD,0,MEDIUM,265,0
687.77,1,0,UPI,0,LOW,68,0
10221.58,10,0,UPI,0,MEDIUM,376,0
819.74,12,0,NETBANKING,0,HIGH,887,0
12448.14,12,1,WALLET,0,LOW,766,0
237.51,8,0,UPI,0,LOW,186,0
455.01,14,1,CARD,0,LOW,214,0
502.52,11,1,WALLET,0,MEDIUM,54,0
842.59,9,1,NETBANKING,0,LOW,57,0
867.23,17,1,CARD,0,MEDIUM,836,0
426.24,12,0,NETBANKING,0,MEDIUM,312,0
783.08,2,1,WALLET,0,LOW,724,0
8807.15,11,1,UPI,0,LOW,22,0
811.04,2,1,NETBANKING,0,LOW,382,0
139.43,13,0,CARD,0,MEDIUM,813,0
709.06,22,0,WALLET,0,HIGH,662,0
389.94,14,0,CARD,0,MEDIUM,94,0
170.18,14,0,WALLET,0,LOW,721,0
694.15,22,1,WALLET,0,MEDIUM,594,0
13285.44,22,1,WALLET,0,LOW,984,0
602.0,12,0,NETBANKING,0,HIGH,207,0
130.13,8,0,WALLET,0,LOW,638,0
920.8,2,1,WALLET,0,LOW,864,0
300.08,17,0,UPI,0,LOW,203,0
5410.48,1,1,UPI,0,LOW,358,0
576.34,9,0,WALLET,0,LOW,95,0
463.19,10,1,CARD,0,LOW,717,0
6767.23,19,1,CARD,0,MEDIUM,914,0
9751.63,0,1,NETBANKING,1,LOW,279,0
994.45,16,1,UPI,0,MEDIUM,536,0
14659.57,11,1,NETBANKING,1,LOW,346,0
16230.28,21,1,NETBANKING,0,LOW,506,0
901.54,9,0,UPI,0,LOW,823,0
318.39,23,1,CARD,0,MEDIUM,907,0
736.34,4,1,WALLET,0,LOW,201,0
107.74,15,1,CARD,0,MEDIUM,886,0
496.53,10,1,WALLET,0,MEDIUM,892,0
627.7,23,0,UPI,0,HIGH,471,0
3437.11,3,0,CARD,0,LOW,398,0
13049.11,10,0,NETBANKING,0,MEDIUM,11,0
18446.31,11,0,UPI,0,MEDIUM,794,0
635.82,0,1,CARD,0,MEDIUM,871,0
902.98,18,0,WALLET,0,LOW,821,0
619.37,10,1,NETBANKING,0,LOW,740,0
533.4,3,0,CARD,0,MEDIUM,829,0
525.09,16,1,WALLET,0,HIGH,351,0
797.87,13,1,CARD,0,LOW,974,0
4215.57,9,1,UPI,1,MEDIUM,60,0
9235.78,15,0,CARD,0,LOW,807,0
661.1,4,0,CARD,0,MEDIUM,880,0
865.13,18,0,CARD,0,LOW,880,0
68378.7,13,1,UPI,0,MEDIUM,378,0
447.18,7,0,NETBANKING,0,LOW,669,0
4753.38,3,1,NETBANKING,0,MEDIUM,851,0
434.91,3,0,NETBANKING,0,HIGH,89,0
178.98,9,0,NETBANKING,0,LOW,661,0
12781.63,11,0,CARD,1,MEDIUM,646,0
268.51,8,0,CARD,0,LOW,326,0
213.16,6,0,UPI,0,MEDIUM,207,0
292.3,22,1,NETBANKING,0,HIGH,807,0
17279.92,16,1,CARD,0,HIGH,584,0
646.7,11,0,CARD,0,MEDIUM,418,0
189.53,3,1,CARD,0,MEDIUM,3,0
421.38,0,1,WALLET,1,MEDIUM,609,0
612.53,8,1,WALLET,0,LOW,325,0
195814.87,21,0,WALLET,0,LOW,353,0
10154.79,12,1,NETBANKING,0,LOW,273,0
946.6,7,0,NETBANKING,0,MEDIUM,379,0
7051.02,8,1,WALLET,0,MEDIUM,412,0
472.9,6,0,NETBANKING,0,MEDIUM,657,0
6155.3,16,1,WALLET,0,LOW,112,0
359.77,1,0,UPI,0,HIGH,401,0
721.84,1,1,CARD,0,LOW,560,0
414.12,17,0,CARD,0,LOW,947,0
866.96,21,0,UPI,0,MEDIUM,871,0
55.72,3,0,NETBANKING,0,MEDIUM,724,0
140128.0,6,0,WALLET,0,MEDIUM,570,0
451.89,18,1,UPI,0,LOW,694,0
836.41,3,1,CARD,0,LOW,564,0
176583.25,22,1,NETBANKING,0,LOW,484,0
3537.13,13,1,UPI,0,LOW,848,0
18212.8,19,1,WALLET,0,MEDIUM,416,0
16155.85,16,1,UPI,0,MEDIUM,709,0
827.24,9,1,WALLET,0,LOW,62,0
14785.59,5,0,NETBANKING,0,LOW,128,0
518.33,17,0,UPI,0,HIGH,7,0
13396.47,2,1,NETBANKING,0,LOW,324,0
2248.33,20,0,WALLET,0,LOW,306,0
4119.79,7,0,CARD,0,MEDIUM,931,0
451.52,20,0,CARD,0,HIGH,801,0
204.95,11,1,UPI,0,LOW,385,0
406.45,8,1,UPI,0,MEDIUM,975,0
211.0,5,0,WALLET,0,LOW,311,0
3093.33,19,1,UPI,0,HIGH,269,0
814.17,10,1,NETBANKING,0,LOW,210,0
145873.41,8,0,NETBANKING,0,LOW,438,0
41.39,14,0,CARD,1,LOW,25,0
293.27,14,1,NETBANKING,0,MEDIUM,359,0
181.06,9,0,NETBANKING,0,LOW,272,0
413.67,13,1,NETBANKING,0,MEDIUM,325,0
612.01,20,1,CARD,0,HIGH,741,0
338.99,17,0,NETBANKING,0,LOW,997,0
483.37,21,1,UPI,0,HIGH,235,0
224.98,13,0,UPI,0,LOW,106,0
90038.9,18,1,UPI,0,HIGH,36,1
231.88,9,0,NETBANKING,0,MEDIUM,758,0
1115.44,13,1,NETBANKING,0,LOW,162,0
827.24,13,0,WALLET,0,MEDIUM,857,0
15026.33,17,0,CARD,0,MEDIUM,553,0
739.88,6,0,NETBANKING,0,LOW,474,0
717.37,2,1,WALLET,0,LOW,946,0
139.46,1,1,UPI,0,LOW,849,0
371.57,6,0,UPI,0,LOW,234,0
624.15,12,0,NETBANKING,0,MEDIUM,34,0
786.2,7,0,NETBANKING,0,MEDIUM,34,0
855.43,6,0,WALLET,0,MEDIUM,45,0
3785.92,12,0,WALLET,0,LOW,2,0
89.45,21,0,NETBANKING,0,HIGH,403,0
435.84,9,1,CARD,0,MEDIUM,757,0
184.51,3,1,CARD,0,MEDIUM,449,0
15260.16,17,0,NETBANKING,0,LOW,778,0
97.54,10,0,CARD,0,LOW,680,0
453.98,20,0,NETBANKING,0,MEDIUM,66,0
430.97,3,0,WALLET,0,LOW,85,0
112972.59,21,0,CARD,0,LOW,848,0
913.86,9,1,CARD,0,MEDIUM,836,0
12181.53,3,1,CARD,0,HIGH,293,0
186.53,13,1,CARD,0,MEDIUM,716,0
16769.69,20,1,CARD,0,HIGH,302,0
679.4,17,0,UPI,0,LOW,410,0
14.85,7,0,NETBANKING,0,LOW,861,0
91.95,12,1,CARD,0,LOW,967,0
35.28,10,1,CARD,0,LOW,684,0
177544.4,19,1,UPI,0,LOW,643,0
933.69,22,1,CARD,0,MEDIUM,246,0
19662.95,9,0,WALLET,0,LOW,957,0
142.86,19,1,WALLET,0,LOW,31,0
971.45,19,1,CARD,1,LOW,965,0
268.36,5,0,CARD,0,LOW,149,0
15932.02,5,1,WALLET,0,MEDIUM,577,0
139723.67,2,1,UPI,0,LOW,373,1
22.18,19,1,UPI,0,HIGH,25,0
482.29,5,0,CARD,0,LOW,121,0
708.09,16,0,WALLET,0,HIGH,149,0
17983.13,7,1,WALLET,0,LOW,256,0
837.57,10,0,UPI,0,HIGH,406,0
1106.16,21,0,NETBANKING,0,HIGH,565,0
292.6,19,0,NETBANKING,0,MEDIUM,157,0
916.48,4,0,CARD,0,MEDIUM,579,0
18240.81,14,0,WALLET,0,LOW,157,0
860.65,0,1,NETBANKING,0,LOW,100,0
368.35,12,0,CARD,0,MEDIUM,277,0
14081.78,22,0,UPI,0,LOW,485,0
319.29,19,0,WALLET,0,LOW,472,0
537.31,0,0,UPI,0,MEDIUM,330,0
441.0,23,0,CARD,0,LOW,357,0
770.56,18,0,UPI,0,MEDIUM,548,0
5683.67,13,0,UPI,0,LOW,682,0
179.89,19,0,CARD,0,LOW,435,0
13106.3,6,1,NETBANKING,0,HIGH,353,0
612.07,10,0,NETBANKING,0,LOW,66,0
457.79,1,0,UPI,0,LOW,211,0
346.98,8,1,CARD,0,LOW,905,0
183.13,16,0,WALLET,0,HIGH,963,0
14305.63,19,0,NETBANKING,0,LOW,49,0
705.87,5,1,NETBANKING,0,LOW,97,0
49.52,23,1,NETBANKING,0,LOW,402,0
398.25,5,1,CARD,0,MEDIUM,418,0
185.06,17,0,NETBANKING,0,MEDIUM,157,0
915.11,13,0,NETBANKING,0,LOW,678,0
117.78,23,0,UPI,0,LOW,420,0
200.22,10,1,CARD,0,LOW,221,0
540.98,0,1,UPI,0,MEDIUM,535,0
516.67,5,0,WALLET,0,LOW,12,0
617.73,19,1,NETBANKING,1,LOW,462,0
18726.29,5,1,NETBANKING,0,LOW,607,0
222.39,11,0,UPI,0,HIGH,419,0
488.12,12,0,CARD,0,HIGH,350,0
870.49,19,1,UPI,0,LOW,39,0
152.96,8,0,NETBANKING,0,MEDIUM,377,0
13583.28,18,1,CARD,0,HIGH,550,0
603.27,8,0,WALLET,0,LOW,917,0
34.68,2,0,UPI,0,LOW,479,0
3600.32,8,1,WALLET,1,LOW,61,0
601.0,8,0,UPI,0,LOW,830,0
124.59,5,1,WALLET,0,HIGH,698,0
18758.08,23,0,CARD,0,LOW,155,0
105078.16,9,1,NETBANKING,0,MEDIUM,429,0
925.42,15,1,UPI,0,MEDIUM,259,0
849.13,2,1,WALLET,1,HIGH,364,1
363.52,10,0,UPI,0,LOW,276,0
997.33,5,0,NETBANKING,0,LOW,271,0
544.45,17,1,CARD,0,MEDIUM,137,0
783.23,21,0,UPI,0,MEDIUM,409,0
12226.45,19,0,CARD,0,LOW,253,0
191.27,11,1,CARD,0,LOW,923,0
973.98,3,0,UPI,0,LOW,885,0
246.46,12,1,NETBANKING,0,LOW,215,0
243.21,21,0,UPI,0,HIGH,4,0
257.37,8,1,CARD,0,LOW,700,0
493.64,4,1,CARD,0,LOW,820,0
3783.34,5,1,UPI,0,MEDIUM,54,0
794.93,4,1,WALLET,0,LOW,675,0
812.94,13,1,CARD,0,LOW,94,0
89.15,23,1,CARD,0,MEDIUM,634,0
842.29,4,0,WALLET,0,LOW,972,0
58.5,6,0,WALLET,0,MEDIUM,541,0
643.32,1,0,UPI,0,LOW,211,0
849.57,2,1,UPI,0,MEDIUM,674,0
18196.39,15,0,UPI,0,LOW,324,0
108893.75,18,0,NETBANKING,0,LOW,161,0
7101.01,14,0,UPI,0,LOW,761,0
10783.05,20,1,WALLET,0,MEDIUM,188,0
5034.55,1,1,WALLET,0,LOW,170,0
16247.94,22,1,NETBANKING,0,MEDIUM,604,0
671.17,13,1,NETBANKING,0,LOW,458,0
253.83,20,0,WALLET,0,LOW,485,0
4672.72,22,0,UPI,0,LOW,467,0
19896.74,1,1,UPI,0,HIGH,568,0
463.11,9,0,NETBANKING,0,LOW,25,0
17555.4,21,1,CARD,0,MEDIUM,222,0
413.56,16,1,NETBANKING,0,LOW,90,0
3646.69,12,0,UPI,0,HIGH,144,0
932.17,22,0,CARD,0,LOW,959,0
472.93,6,1,NETBANKING,1,LOW,981,0
10748.13,22,0,WALLET,0,LOW,580,0
10475.92,2,1,WALLET,0,MEDIUM,403,0
602.0,10,0,WALLET,0,LOW,841,0
431.49,7,1,WALLET,0,LOW,767,0
448.67,8,0,CARD,0,LOW,816,0
18808.09,21,0,NETBANKING,0,HIGH,991,0
998.03,15,0,WALLET,0,HIGH,814,0
748.91,21,0,CARD,0,HIGH,476,0
736.35,8,1,NETBANKING,0,MEDIUM,730,0
9478.72,0,1,WALLET,0,MEDIUM,63,0
303.8,15,1,CARD,0,LOW,576,0
279.38,1,1,NETBANKING,0,MEDIUM,999,0
478.97,13,1,CARD,0,LOW,555,0
714.34,17,0,CARD,0,LOW,577,0
835.1,21,0,WALLET,0,LOW,591,0
3077.31,22,1,UPI,0,LOW,921,0
72.92,14,1,UPI,0,LOW,630,0
147.06,8,1,WALLET,0,LOW,538,0
19624.91,7,0,WALLET,0,HIGH,365,0
111.0,5,0,WALLET,0,MEDIUM,256,0
18.84,13,1,WALLET,0,MEDIUM,72,0
577.77,19,0,CARD,0,MEDIUM,480,0
195.11,10,0,NETBANKING,0,LOW,405,0
19983.15,10,0,UPI,1,MEDIUM,370,0
842.38,2,0,CARD,0,LOW,550,0
37.99,12,0,CARD,1,LOW,245,0
198.48,19,1,NETBANKING,0,MEDIUM,196,0
519.96,5,1,UPI,0,MEDIUM,286,0
416.07,15,1,NETBANKING,0,LOW,8,0
13540.61,16,0,UPI,0,LOW,141,0
578.34,16,1,NETBANKING,0,LOW,732,0
2528.4,13,1,CARD,0,HIGH,254,0
951.48,17,1,WALLET,0,LOW,8,0
191434.66,7,0,CARD,0,LOW,13,1
563.36,1,0,UPI,0,LOW,569,0
6115.51,14,1,NETBANKING,0,MEDIUM,749,0
783.84,17,1,CARD,0,MEDIUM,372,0
17616.68,0,0,UPI,0,LOW,96,0
3433.63,7,1,UPI,1,MEDIUM,370,0
106.19,20,0,NETBANKING,0,LOW,374,0
94.53,14,0,CARD,0,LOW,763,0
88.92,6,1,NETBANKING,0,LOW,712,0
16272.52,8,0,NETBANKING,0,LOW,201,0
1828.71,12,1,WALLET,0,LOW,424,0
424.36,13,1,UPI,0,LOW,716,0
3170.04,7,1,NETBANKING,0,MEDIUM,254,0
534.63,7,0,NETBANKING,0,MEDIUM,564,0
15116.57,5,1,WALLET,0,LOW,22,0
14573.57,9,0,CARD,0,MEDIUM,614,0
340.21,6,1,WALLET,1,LOW,78,0
18116.54,18,0,UPI,0,LOW,995,0
16688.4,8,0,CARD,0,LOW,303,0
573.16,2,1,NETBANKING,0,LOW,767,0
557.77,2,0,WALLET,0,MEDIUM,524,0
214.87,20,1,NETBANKING,0,LOW,837,0
307.17,20,1,UPI,0,MEDIUM,428,0
1999.69,18,1,WALLET,0,LOW,857,0
14060.52,20,0,UPI,0,LOW,97,0
55901.05,18,1,CARD,0,LOW,513,0
790.11,6,0,UPI,0,LOW,900,0
939.35,20,1,CARD,0,MEDIUM,836,0
861.32,21,1,WALLET,0,LOW,897,0
131.34,14,1,NETBANKING,0,MEDIUM,400,0
118.02,10,1,WALLET,0,LOW,352,0
853.85,2,0,NETBANKING,0,LOW,567,0
13571.1,4,0,WALLET,0,LOW,745,0
224.81,22,0,UPI,0,LOW,826,0
200.97,9,1,UPI,0,HIGH,87,0
544.53,4,1,CARD,0,MEDIUM,403,0
19557.45,10,0,WALLET,0,LOW,319,0
95.28,10,0,CARD,1,LOW,491,0
288.15,3,1,CARD,0,HIGH,108,0
14502.74,4,0,NETBANKING,0,HIGH,678,0
985.89,13,0,CARD,0,MEDIUM,471,0
4416.94,12,1,NETBANKING,0,MEDIUM,268,0
676.47,14,1,WALLET,0,LOW,996,0
136.86,7,1,UPI,0,LOW,221,0
789.79,13,1,WALLET,1,LOW,401,0
16663.18,13,0,CARD,0,MEDIUM,73,0
94.84,22,1,UPI,0,MEDIUM,272,0
13036.72,15,1,UPI,0,LOW,723,0
95.42,5,0,CARD,0,LOW,653,0
586.43,12,0,CARD,0,HIGH,982,0
14080.58,22,0,WALLET,0,MEDIUM,999,0
93940.0,9,0,CARD,0,LOW,856,0
16437.05,3,1,UPI,0,MEDIUM,310,0
952.3,19,1,UPI,0,LOW,42,0
548.33,0,1,CARD,0,HIGH,381,0
328.99,16,0,UPI,0,MEDIUM,255,0
679.13,16,0,UPI,0,MEDIUM,721,0
11209.42,12,1,NETBANKING,0,MEDIUM,960,0
533.11,5,1,UPI,0,LOW,218,0
383.35,4,1,WALLET,0,LOW,611,0
411.34,16,1,WALLET,0,LOW,466,0
11005.08,17,1,NETBANKING,0,LOW,627,0
496.83,20,1,NETBANKING,0,MEDIUM,324,0
46158.85,3,0,WALLET,0,HIGH,416,0
477.18,12,1,WALLET,0,HIGH,337,0
4137.48,8,0,WALLET,1,LOW,576,0
449.43,2,1,UPI,0,LOW,243,0
318.59,13,0,UPI,0,LOW,40,0
90247.2,15,1,NETBANKING,0,LOW,686,0
874.71,5,0,UPI,0,LOW,798,0
287.56,0,1,CARD,0,LOW,233,0
15536.31,16,0,CARD,0,HIGH,955,0
370.02,22,0,CARD,1,LOW,661,0
456.16,4,1,NETBANKING,0,MEDIUM,353,0
18889.6,3,1,UPI,0,MEDIUM,955,0
305.79,6,0,NETBANKING,0,LOW,392,0
15179.88,12,1,UPI,0,HIGH,34,0
9745.16,23,0,CARD,0,HIGH,213,0
116.95,0,0,WALLET,0,LOW,171,0
365.32,16,0,CARD,0,LOW,327,0
751.36,1,0,CARD,0,LOW,130,0
14653.5,18,1,UPI,0,LOW,689,0
18442.47,17,0,WALLET,0,LOW,171,0
14.96,16,1,UPI,0,LOW,24,0
879.85,0,0,NETBANKING,0,LOW,746,0
19376.4,19,1,UPI,1,LOW,762,0
13823.04,3,1,WALLET,1,LOW,493,1
788.61,16,0,UPI,0,LOW,660,0
10958.85,10,1,UPI,0,LOW,570,0
50.06,2,1,CARD,0,MEDIUM,557,0
761.47,9,0,NETBANKING,0,LOW,81,0
16071.1,18,1,WALLET,0,MEDIUM,664,0
256.72,18,1,CARD,0,LOW,972,0
10469.36,1,0,CARD,0,LOW,459,0
8404.78,10,1,CARD,0,LOW,336,0
268.27,10,0,CARD,0,MEDIUM,338,0
189.17,17,0,NETBANKING,1,LOW,335,0
12078.5,7,1,NETBANKING,0,LOW,230,0
17720.43,12,0,WALLET,1,LOW,543,0
798.89,9,0,CARD,0,LOW,327,0
954.93,21,1,WALLET,0,HIGH,548,0
19013.12,22,0,UPI,0,LOW,887,0
18402.75,8,0,NETBANKING,0,HIGH,633,0
131.82,7,0,NETBANKING,0,LOW,643,0
599.22,8,1,WALLET,0,HIGH,420,0
118142.55,16,1,CARD,0,MEDIUM,85,0
455.28,10,0,WALLET,1,MEDIUM,294,0
19256.45,4,0,CARD,0,LOW,837,0
466.75,2,0,UPI,0,LOW,883,0
11536.01,15,1,UPI,0,LOW,331,0
360.6,9,0,UPI,0,LOW,917,0
937.35,21,0,CARD,0,LOW,435,0
743.28,18,0,NETBANKING,0,LOW,291,0
147.37,5,1,CARD,0,LOW,622,0
11461.43,5,0,WALLET,0,HIGH,62,0
169848.35,12,0,CARD,0,LOW,240,1
847.46,7,1,NETBANKING,0,LOW,127,0
10400.39,7,1,WALLET,0,MEDIUM,502,0
138131.17,0,1,WALLET,0,LOW,353,1
45.92,16,1,NETBANKING,0,LOW,873,0
164151.14,9,1,CARD,0,LOW,522,0
133.4,16,0,UPI,0,MEDIUM,742,0
165.71,23,0,NETBANKING,0,LOW,104,0
28.95,2,1,UPI,0,HIGH,89,0
864.7,9,1,CARD,0,MEDIUM,160,0
420.72,7,0,UPI,0,LOW,677,0
110297.36,19,1,WALLET,0,HIGH,436,1
13765.54,14,1,NETBANKING,0,HIGH,332,0
106.16,8,1,WALLET,0,LOW,968,0
55.95,5,1,CARD,0,MEDIUM,564,0
130.06,12,1,CARD,0,LOW,666,0
445.49,5,0,NETBANKING,0,MEDIUM,851,0
8595.05,9,1,WALLET,0,LOW,589,0
118.36,3,0,UPI,0,LOW,190,0
127786.59,2,1,WALLET,0,LOW,622,1
194768.62,19,1,CARD,0,LOW,385,0
735.12,12,0,NETBANKING,0,LOW,110,0
620.35,15,1,UPI,1,LOW,13,0
117.14,17,1,UPI,0,LOW,827,0
328.88,7,1,WALLET,0,MEDIUM,643,0
11754.85,6,0,WALLET,0,MEDIUM,810,0
804.33,17,1,UPI,0,LOW,834,0
597.29,13,1,CARD,0,LOW,278,0
441.03,6,1,CARD,0,HIGH,898,0
1100.21,6,1,UPI,0,MEDIUM,99,0
908.52,8,1,UPI,1,MEDIUM,347,0
11874.55,15,1,CARD,0,MEDIUM,803,0
9035.86,3,1,CARD,0,MEDIUM,281,0
618.53,20,0,WALLET,0,LOW,199,0
2030.21,5,0,CARD,1,LOW,567,0
1777.88,13,0,NETBANKING,0,MEDIUM,83,0
891.12,19,1,WALLET,0,LOW,511,0
177.09,10,1,NETBANKING,0,MEDIUM,401,0
377.93,9,0,UPI,0,LOW,350,0
199622.58,15,1,CARD,0,MEDIUM,340,1
19766.17,2,0,NETBANKING,0,LOW,615,0
609.32,12,0,UPI,1,MEDIUM,458,0
558.13,14,1,NETBANKING,0,LOW,718,0
18852.01,3,1,NETBANKING,0,HIGH,502,0
3839.11,1,1,NETBANKING,0,LOW,644,0
440.98,18,1,NETBANKING,0,MEDIUM,706,0
550.4,4,1,UPI,0,LOW,356,0
62.56,1,0,NETBANKING,0,LOW,274,0
334.25,2,0,UPI,0,LOW,1,0
436.91,17,1,WALLET,0,LOW,134,0
185.74,7,1,WALLET,0,LOW,844,0
98.29,8,1,UPI,0,HIGH,824,0
914.92,17,0,CARD,0,LOW,196,0
2706.06,0,0,UPI,0,LOW,888,0
944.01,5,1,CARD,0,LOW,642,0
161.67,23,1,NETBANKING,1,MEDIUM,880,0
859.76,8,1,WALLET,0,HIGH,865,0
455.04,16,0,CARD,0,LOW,1000,0
957.9,1,1,NETBANKING,0,LOW,307,0
4704.21,14,0,NETBANKING,0,LOW,819,0
183535.48,17,1,NETBANKING,0,LOW,429,0
452.13,4,1,UPI,0,MEDIUM,529,0
4080.36,4,0,UPI,0,LOW,788,0
328.45,3,1,CARD,1,LOW,245,0
190.17,5,1,WALLET,0,LOW,67,0
13559.17,2,1,NETBANKING,0,LOW,569,0
303.04,11,0,WALLET,0,MEDIUM,240,0
10562.77,8,1,NETBANKING,0,MEDIUM,760,0
900.83,5,1,UPI,0,LOW,45,0
6789.13,23,1,CARD,0,MEDIUM,525,0
420.56,1,0,UPI,0,HIGH,966,0
526.45,6,1,CARD,1,LOW,174,0
2804.97,1,0,CARD,0,LOW,367,0
705.94,0,0,UPI,0,MEDIUM,847,0
969.3,1,1,WALLET,0,LOW,759,0
6044.97,22,0,CARD,0,MEDIUM,440,0
436.79,8,1,WALLET,0,LOW,846,0
104973.84,13,1,UPI,1,MEDIUM,255,1
462.5,12,1,CARD,0,LOW,648,0
19253.19,21,1,CARD,0,MEDIUM,223,0
664.46,17,1,WALLET,0,LOW,796,0
9549.77,5,1,WALLET,0,MEDIUM,130,0
654.06,3,1,CARD,0,MEDIUM,543,0
519.79,0,0,CARD,0,LOW,648,0
813.41,19,1,WALLET,0,LOW,431,0
419.49,15,1,WALLET,0,LOW,61,0
160.63,17,0,CARD,0,LOW,129,0
17.76,12,1,UPI,0,MEDIUM,597,0
45186.14,7,1,NETBANKING,0,HIGH,536,0
213.93,5,0,UPI,0,LOW,785,0
278.03,18,1,NETBANKING,0,MEDIUM,259,0
536.92,4,1,CARD,0,LOW,339,0
17723.87,23,0,CARD,0,HIGH,242,0
18751.16,9,1,WALLET,0,LOW,201,0
168.35,22,1,NETBANKING,0,LOW,921,0
149111.06,8,0,UPI,0,LOW,297,0
439.51,4,1,NETBANKING,0,MEDIUM,876,0
179.56,12,0,CARD,0,LOW,949,0
69013.54,19,0,UPI,0,LOW,93,0
195824.72,2,0,WALLET,0,MEDIUM,354,1
166.77,7,0,CARD,0,LOW,458,0
581.53,1,1,UPI,0,LOW,969,0
494.23,1,1,NETBANKING,0,LOW,616,0
38.26,1,0,UPI,0,HIGH,347,0
35.63,12,0,WALLET,1,LOW,302,0
402.86,16,1,NETBANKING,0,LOW,196,0
16471.2,2,1,NETBANKING,0,MEDIUM,790,0
138.58,20,0,UPI,0,LOW,880,0
771.97,13,1,UPI,0,MEDIUM,387,0
853.81,18,1,CARD,0,MEDIUM,359,0
18863.03,0,0,NETBANKING,0,HIGH,219,0
206.34,4,0,NETBANKING,1,LOW,551,0
145.91,9,1,UPI,0,MEDIUM,933,0
871.72,13,1,NETBANKING,0,HIGH,801,0
196.1,19,1,NETBANKING,0,HIGH,765,0
247.33,1,0,WALLET,0,LOW,510,0
10675.41,13,0,UPI,0,LOW,583,0
4309.33,20,1,NETBANKING,0,MEDIUM,184,0
564.5,10,1,WALLET,1,LOW,831,0
470.41,7,1,UPI,0,MEDIUM,100,0
617.56,23,0,UPI,0,MEDIUM,370,0
228.05,14,0,NETBANKING,0,LOW,123,0
5259.93,6,1,UPI,0,MEDIUM,845,0
594.63,16,0,NETBANKING,0,HIGH,913,0
236.53,18,1,WALLET,0,LOW,988,0
544.0,15,1,CARD,0,LOW,507,0
17152.45,23,1,UPI,0,LOW,93,0
811.49,20,1,NETBANKING,0,LOW,634,0
12665.58,8,0,NETBANKING,0,LOW,836,0
3939.85,21,0,WALLET,0,LOW,994,0
888.61,2,0,WALLET,0,LOW,966,0
862.87,1,0,UPI,0,LOW,799,0
15029.9,1,0,NETBANKING,0,LOW,409,0
364.46,23,1,NETBANKING,0,LOW,689,0
19175.3,8,1,NETBANKING,0,LOW,908,0
925.17,6,1,CARD,0,MEDIUM,275,0
42.46,21,0,WALLET,0,LOW,68,0
2326.2,3,0,UPI,0,LOW,572,0
15.7,23,0,UPI,0,LOW,991,0
71.12,10,0,CARD,0,LOW,9,0
853.9,10,0,UPI,1,MEDIUM,471,0
6766.44,17,1,NETBANKING,0,LOW,500,0
257.62,20,1,NETBANKING,1,MEDIUM,146,0
910.51,8,0,CARD,0,HIGH,781,0
11633.81,1,0,UPI,0,MEDIUM,875,0
290.6,2,1,NETBANKING,0,HIGH,625,0
131.54,5,0,UPI,0,LOW,718,0
616.59,19,0,UPI,0,LOW,384,0
610.37,11,1,WALLET,0,LOW,522,0
790.04,5,1,WALLET,0,LOW,492,0
674.62,10,1,UPI,0,LOW,135,0
9260.09,22,1,NETBANKING,0,LOW,333,0
311.88,11,1,NETBANKING,0,MEDIUM,146,0
74.83,10,0,CARD,0,LOW,847,0
16031.43,4,1,NETBANKING,0,MEDIUM,887,0
315.12,8,1,UPI,0,MEDIUM,646,0
254.95,14,0,CARD,0,LOW,483,0
44.1,14,1,CARD,0,MEDIUM,787,0
14644.26,9,1,WALLET,0,LOW,53,0
19877.52,8,1,UPI,0,LOW,461,0
15724.38,20,0,CARD,0,LOW,607,0
482.1,22,0,WALLET,0,LOW,395,0
63259.31,9,0,UPI,0,LOW,31,0
380.39,18,1,NETBANKING,0,MEDIUM,698,0
229.18,21,1,CARD,1,LOW,350,0
916.49,20,0,UPI,0,LOW,766,0
887.35,11,1,UPI,0,MEDIUM,49,0
2789.73,17,0,UPI,0,MEDIUM,940,0
4608.8,16,0,UPI,0,LOW,770,0
15530.72,8,1,WALLET,0,LOW,76,0
140.5,10,0,NETBANKING,0,LOW,466,0
18858.42,0,1,UPI,0,LOW,547,0
6760.95,4,1,NETBANKING,0,MEDIUM,758,0
492.55,13,0,NETBANKING,0,LOW,73,0
17476.56,10,1,UPI,0,LOW,398,0
435.95,18,1,CARD,0,LOW,438,0
36.0,5,1,WALLET,0,LOW,594,0
331.54,2,0,CARD,0,LOW,924,0
374.67,10,0,CARD,0,HIGH,452,0
10113.75,13,1,WALLET,1,LOW,235,0
513.18,8,0,CARD,0,LOW,795,0
1134.6,9,0,UPI,0,LOW,93,0
528.64,11,0,UPI,1,HIGH,349,0
893.44,2,0,UPI,0,HIGH,887,0
314.88,12,1,WALLET,0,LOW,831,0
98.12,22,1,CARD,1,LOW,302,0
297.25,23,1,UPI,1,MEDIUM,98,0
338.56,5,0,WALLET,1,LOW,173,0
134.81,0,1,CARD,0,MEDIUM,116,0
367.28,22,1,UPI,0,MEDIUM,588,0
81066.04,22,1,NETBANKING,0,MEDIUM,814,0
721.95,19,1,CARD,0,LOW,155,0
342.77,22,0,UPI,0,LOW,12,0
8757.77,10,1,UPI,1,LOW,407,0
845.53,9,1,WALLET,0,MEDIUM,856,0
11317.05,23,0,WALLET,0,HIGH,886,0
967.31,1,0,CARD,0,LOW,733,0
10632.66,16,0,UPI,0,LOW,640,0
45.99,10,0,WALLET,0,MEDIUM,506,0
818.68,12,1,UPI,0,LOW,222,0
2546.24,2,0,UPI,0,LOW,785,0
16742.1,20,1,NETBANKING,0,HIGH,574,0
733.72,2,0,NETBANKING,0,HIGH,819,0
413.48,13,1,NETBANKING,0,LOW,681,0
886.45,11,1,WALLET,0,LOW,156,0
132880.61,5,1,WALLET,0,MEDIUM,404,1
190244.77,16,0,CARD,0,MEDIUM,771,1
17225.7,22,0,UPI,0,MEDIUM,235,0
1529.05,9,0,CARD,0,LOW,242,0
13294.91,11,1,UPI,0,LOW,821,0
2730.43,8,0,WALLET,0,LOW,536,0
295.25,7,1,CARD,0,LOW,935,0
12834.36,22,1,NETBANKING,1,LOW,494,0
111751.86,20,0,CARD,1,LOW,993,1
873.14,8,0,CARD,0,MEDIUM,245,0
35167.02,3,1,CARD,0,LOW,206,0
7497.06,3,1,UPI,1,MEDIUM,309,0
239.66,12,0,UPI,0,LOW,898,0
395.29,14,0,UPI,0,LOW,639,0
14.62,11,0,UPI,0,MEDIUM,926,0
961.92,18,1,CARD,0,MEDIUM,717,0
145722.08,5,0,WALLET,0,MEDIUM,35,1
16878.84,17,0,WALLET,0,LOW,30,0
584.15,15,0,WALLET,0,MEDIUM,913,0
465.33,4,1,UPI,0,LOW,395,0
577.85,4,0,WALLET,0,LOW,974,0
13244.17,5,0,UPI,0,LOW,938,0
766.35,19,0,WALLET,0,LOW,689,0
757.31,7,1,NETBANKING,0,LOW,140,0
380.26,14,1,NETBANKING,0,HIGH,477,0
16584.78,23,0,WALLET,0,LOW,302,0
523.41,4,0,NETBANKING,0,LOW,167,0
765.67,13,0,NETBANKING,1,LOW,869,0
299.9,18,0,NETBANKING,0,LOW,929,0
702.59,23,1,WALLET,0,LOW,365,0
759.27,3,0,UPI,0,LOW,125,0
955.04,23,1,UPI,0,LOW,759,0
16841.93,19,0,UPI,0,LOW,827,0
14789.06,23,0,NETBANKING,0,LOW,562,0
646.75,8,1,CARD,0,LOW,860,0
4176.62,15,0,CARD,0,LOW,97,0
6910.1,8,1,WALLET,0,MEDIUM,995,0
715.7,6,0,WALLET,0,HIGH,755,0
613.3,16,0,NETBANKING,0,LOW,210,0
522.16,22,0,WALLET,0,LOW,70,0
896.39,3,0,CARD,0,MEDIUM,269,0
240.13,8,0,UPI,0,MEDIUM,666,0
17.95,11,0,UPI,0,HIGH,663,0
452.22,3,0,UPI,0,HIGH,140,0
17211.13,5,0,UPI,0,LOW,863,0
521.73,16,0,UPI,0,LOW,218,0
484.19,21,1,NETBANKING,0,LOW,65,0
259.8,0,1,CARD,0,LOW,724,0
11592.38,16,0,NETBANKING,0,LOW,375,0
208.78,8,0,UPI,0,LOW,900,0
808.57,18,1,CARD,1,LOW,538,0
16550.58,14,1,NETBANKING,0,LOW,338,0
58.65,1,1,UPI,1,MEDIUM,962,0
517.08,9,0,CARD,0,LOW,983,0
507.35,17,1,UPI,0,LOW,576,0
41.07,8,1,CARD,0,LOW,990,0
26.52,16,1,NETBANKING,0,MEDIUM,557,0
323.94,15,0,CARD,0,LOW,523,0
19832.12,21,0,WALLET,0,MEDIUM,282,0
317.06,20,1,CARD,0,MEDIUM,484,0
575.41,8,0,UPI,0,LOW,972,0
797.42,9,1,WALLET,0,MEDIUM,400,0
10248.74,22,1,CARD,0,LOW,776,0
16512.97,1,1,NETBANKING,0,MEDIUM,274,0
287.56,19,0,UPI,0,LOW,937,0
15205.15,11,1,NETBANKING,0,MEDIUM,975,0
561.27,19,1,NETBANKING,0,LOW,93,0
896.46,14,1,WALLET,0,LOW,592,0
603.27,21,1,NETBANKING,0,LOW,488,0
112.41,23,0,NETBANKING,0,HIGH,974,0
7918.38,22,0,CARD,0,MEDIUM,563,0
834.01,23,1,CARD,0,LOW,110,0
899.54,18,1,WALLET,0,LOW,304,0
262.77,0,1,NETBANKING,0,LOW,453,0
373.22,7,1,CARD,1,LOW,362,0
17467.06,8,1,CARD,0,MEDIUM,440,0
878.16,12,1,CARD,0,LOW,407,0
11091.14,0,1,CARD,0,LOW,72,0
2313.86,18,1,NETBANKING,0,MEDIUM,239,0
453.03,18,0,CARD,0,LOW,724,0
3118.03,13,0,WALLET,0,HIGH,985,0
970.29,16,1,CARD,0,LOW,881,0
12.45,23,0,WALLET,0,MEDIUM,871,0
512.9,7,0,WALLET,0,MEDIUM,413,0
954.37,23,0,WALLET,0,HIGH,526,0
156402.46,21,1,CARD,0,LOW,30,1
775.01,14,0,NETBANKING,1,LOW,244,0
8617.92,7,0,NETBANKING,0,MEDIUM,722,0
271.63,4,1,WALLET,0,HIGH,930,0
331.15,12,1,UPI,0,LOW,470,0
215.62,6,0,UPI,0,MEDIUM,48,0
15252.78,2,0,UPI,0,MEDIUM,672,0
224.29,21,1,WALLET,0,LOW,138,0
85401.37,13,0,NETBANKING,0,LOW,254,0
515.08,15,0,WALLET,0,LOW,236,0
8453.82,21,1,NETBANKING,0,HIGH,501,0
374.83,14,1,CARD,0,LOW,658,0
430.52,0,1,CARD,0,LOW,949,0
814.83,23,0,WALLET,0,LOW,583,0
265.55,21,0,UPI,0,LOW,588,0
655.12,23,1,CARD,0,LOW,548,0
897.95,6,0,WALLET,0,MEDIUM,911,0
534.28,5,0,CARD,0,LOW,145,0
11584.37,10,1,UPI,0,LOW,817,0
12634.11,12,0,WALLET,0,MEDIUM,614,0
12323.4,20,1,WALLET,0,LOW,49,0
284.67,13,0,WALLET,0,LOW,524,0
592.94,4,0,UPI,0,LOW,915,0
6084.22,15,0,UPI,0,LOW,302,0
320.35,9,0,UPI,0,MEDIUM,537,0
31586.6,20,1,WALLET,0,HIGH,161,0
367.15,12,1,CARD,0,LOW,348,0
17425.28,9,1,CARD,0,LOW,361,0
938.41,17,1,NETBANKING,0,LOW,476,0
543.52,15,1,NETBANKING,0,LOW,461,0
610.38,6,0,UPI,0,LOW,431,0
16580.66,15,1,NETBANKING,0,LOW,625,0
15760.16,14,1,WALLET,0,LOW,752,0
15563.5,19,1,CARD,0,MEDIUM,676,0
4404.65,19,1,NETBANKING,0,HIGH,60,0
450.76,18,0,CARD,0,HIGH,801,0
231.28,22,0,CARD,1,MEDIUM,301,0
459.7,23,1,WALLET,0,LOW,306,0
887.51,11,1,WALLET,0,LOW,652,0
952.56,17,0,WALLET,0,MEDIUM,615,0
922.68,21,0,NETBANKING,1,HIGH,287,1
11349.74,18,1,CARD,0,MEDIUM,528,0
2551.25,19,0,NETBANKING,0,HIGH,500,0
10192.71,10,0,NETBANKING,0,LOW,805,0
665.2,10,1,UPI,1,LOW,231,0
2716.23,17,0,NETBANKING,0,MEDIUM,844,0
864.53,2,1,WALLET,0,LOW,537,0
699.83,3,1,WALLET,0,LOW,354,0
613.18,17,0,CARD,0,LOW,575,0
1809.89,13,1,UPI,0,MEDIUM,239,0
13608.45,3,0,CARD,0,MEDIUM,702,0
674.12,21,1,WALLET,0,LOW,150,0
345.37,23,1,UPI,0,LOW,528,0
14982.02,6,0,WALLET,0,HIGH,402,0
11873.27,7,0,NETBANKING,0,MEDIUM,117,0
880.45,9,1,UPI,0,MEDIUM,394,0
227.06,10,1,WALLET,0,LOW,460,0
10756.1,7,1,NETBANKING,0,LOW,322,0
10939.3,12,0,NETBANKING,0,MEDIUM,109,0
10380.78,7,0,UPI,0,LOW,268,0
447.2,12,1,UPI,1,MEDIUM,334,0
30.31,6,0,WALLET,0,LOW,771,0
540.07,15,1,WALLET,0,LOW,247,0
423.43,7,1,UPI,0,MEDIUM,786,0
384.93,17,1,UPI,0,MEDIUM,592,0
906.44,11,0,UPI,1,LOW,418,0
978.53,8,0,CARD,0,MEDIUM,910,0
134970.64,15,1,WALLET,0,LOW,229,0
386.09,9,0,NETBANKING,0,LOW,29,0
960.61,22,1,NETBANKING,0,LOW,614,0
992.63,23,1,WALLET,0,LOW,493,0
792.16,23,1,WALLET,0,LOW,460,0
17679.31,15,0,UPI,0,MEDIUM,515,0
72724.7,3,0,WALLET,0,LOW,914,0
44.63,9,1,NETBANKING,0,LOW,934,0
122.14,23,0,NETBANKING,0,LOW,208,0
224.75,9,0,UPI,0,MEDIUM,986,0
881.66,18,0,CARD,0,LOW,661,0
837.35,22,1,WALLET,0,MEDIUM,116,0
63057.22,4,0,NETBANKING,0,MEDIUM,455,0
18826.46,5,0,NETBANKING,0,LOW,834,0
336.44,14,1,WALLET,0,LOW,589,0
4124.24,2,1,WALLET,0,LOW,695,0
6509.22,15,1,WALLET,0,MEDIUM,150,0
901.7,0,1,CARD,0,HIGH,304,0
750.94,8,1,UPI,0,LOW,445,0
974.37,2,0,NETBANKING,0,LOW,588,0
252.86,22,0,WALLET,0,LOW,641,0
719.52,3,0,CARD,0,LOW,732,0
644.34,4,1,NETBANKING,0,LOW,698,0
12544.66,9,0,CARD,0,LOW,694,0
19267.59,21,1,WALLET,0,LOW,98,0
10287.87,23,1,WALLET,0,LOW,502,0
362.41,13,1,CARD,0,LOW,844,0
7838.92,8,0,NETBANKING,0,LOW,543,0
508.86,9,0,NETBANKING,0,MEDIUM,839,0
88.69,21,1,NETBANKING,0,LOW,272,0
608.95,14,0,WALLET,0,MEDIUM,502,0
940.8,20,1,UPI,0,LOW,646,0
9444.17,2,0,WALLET,0,LOW,867,0
5886.89,8,1,NETBANKING,0,LOW,380,0
29.45,20,1,CARD,0,HIGH,70,0
10633.15,10,1,WALLET,0,LOW,176,0
795.69,2,1,WALLET,0,LOW,867,0
570.41,19,0,NETBANKING,0,LOW,585,0
642.72,19,1,WALLET,0,LOW,866,0
764.24,16,0,NETBANKING,0,LOW,431,0
709.81,15,1,UPI,0,LOW,142,0
646.11,23,0,NETBANKING,0,MEDIUM,329,0
10394.61,2,0,NETBANKING,0,MEDIUM,885,0
215.59,15,0,WALLET,0,LOW,531,0
265.24,10,1,UPI,0,LOW,918,0
183174.55,23,0,NETBANKING,0,MEDIUM,993,0
172.95,5,0,CARD,0,MEDIUM,40,0
477.45,22,0,NETBANKING,0,LOW,32,0
481.84,9,0,UPI,0,LOW,333,0
431.44,12,1,UPI,0,LOW,572,0
499.18,6,0,CARD,0,LOW,839,0
440.63,16,0,CARD,0,LOW,973,0
642.01,1,0,NETBANKING,1,LOW,46,0
607.17,2,0,CARD,0,HIGH,542,0
16594.05,3,1,CARD,0,LOW,838,0
19495.15,7,0,CARD,0,LOW,361,0
12216.42,3,0,WALLET,0,LOW,424,0
17.97,23,1,CARD,0,MEDIUM,452,0
495.77,0,0,CARD,0,HIGH,200,0
530.22,10,0,WALLET,0,LOW,363,0
417.64,14,0,CARD,0,MEDIUM,113,0
8066.47,19,1,CARD,0,MEDIUM,494,0
928.64,5,1,UPI,0,LOW,142,0
661.44,18,1,NETBANKING,0,LOW,193,0
3712.6,4,1,NETBANKING,0,LOW,344,0
765.37,16,1,UPI,1,LOW,666,0
59479.55,16,0,NETBANKING,0,HIGH,113,0
469.4,18,1,UPI,0,LOW,690,0
428.71,1,1,CARD,0,LOW,117,0
329.94,20,1,NETBANKING,0,LOW,649,0
726.99,11,1,CARD,0,MEDIUM,625,0
555.18,12,0,UPI,0,HIGH,951,0
12382.85,14,0,CARD,0,LOW,696,0
531.12,17,0,UPI,0,HIGH,258,0
154417.95,13,0,UPI,0,MEDIUM,926,0
947.33,12,1,WALLET,0,MEDIUM,170,0
110.35,16,0,NETBANKING,0,LOW,842,0
759.08,13,0,UPI,1,LOW,772,0
512.6,5,0,UPI,0,LOW,479,0
9523.56,4,1,CARD,0,MEDIUM,246,0
579.59,20,0,NETBANKING,0,LOW,564,0
63652.82,4,1,CARD,0,LOW,970,0
703.98,10,1,UPI,0,LOW,216,0
402.87,12,0,UPI,0,LOW,545,0
13205.09,2,0,WALLET,0,LOW,337,0
299.32,19,0,CARD,0,LOW,327,0
48.39,10,0,UPI,0,HIGH,919,0
116.69,5,1,UPI,0,LOW,477,0
547.34,12,1,WALLET,0,MEDIUM,961,0
144080.79,4,0,WALLET,0,LOW,970,1
2845.76,2,0,WALLET,0,LOW,990,0
636.32,13,1,CARD,0,LOW,903,0
13779.72,7,0,CARD,1,LOW,234,0
210.68,4,1,NETBANKING,0,LOW,395,0
73.46,14,0,UPI,0,MEDIUM,269,0
952.65,19,1,UPI,0,LOW,514,0
746.85,16,1,NETBANKING,0,HIGH,70,0
4404.44,0,0,WALLET,0,LOW,80,0
177.51,19,0,NETBANKING,0,LOW,623,0
1794.91,3,0,UPI,0,MEDIUM,780,0
164072.08,19,0,WALLET,1,LOW,130,1
387.48,0,1,CARD,0,LOW,547,0
590.33,8,1,NETBANKING,0,LOW,767,0
2877.5,15,1,NETBANKING,1,LOW,43,0
62368.57,2,1,WALLET,0,LOW,22,1
644.13,17,0,NETBANKING,1,LOW,944,0
770.48,21,0,WALLET,0,LOW,501,0
16795.47,18,0,WALLET,0,LOW,608,0
937.16,14,0,WALLET,0,LOW,791,0
964.11,23,0,NETBANKING,0,LOW,484,0
548.55,6,0,CARD,0,MEDIUM,112,0
219.2,13,0,NETBANKING,0,MEDIUM,443,0
1087.96,19,0,WALLET,0,HIGH,498,0
176049.03,3,1,UPI,0,LOW,917,1
11643.63,0,0,CARD,0,MEDIUM,839,0
844.72,7,0,CARD,1,LOW,989,0
10753.92,23,1,UPI,0,MEDIUM,795,0
15741.38,12,0,CARD,0,MEDIUM,793,0
577.54,15,1,CARD,0,LOW,716,0
360.24,6,0,WALLET,0,LOW,161,0
895.25,6,0,NETBANKING,0,MEDIUM,615,0
431.59,14,1,UPI,0,LOW,750,0
17496.01,0,0,WALLET,0,LOW,68,0
914.28,17,1,NETBANKING,0,LOW,180,0
3844.09,10,1,WALLET,0,MEDIUM,587,0
299.97,14,0,UPI,0,MEDIUM,519,0
430.05,16,1,CARD,0,LOW,366,0
7404.15,11,1,CARD,0,LOW,525,0
429.86,16,0,CARD,1,LOW,749,0
394.04,1,1,WALLET,0,MEDIUM,291,0
15374.93,15,0,CARD,1,MEDIUM,2,0
939.46,6,0,UPI,0,LOW,976,0
858.32,23,0,WALLET,0,LOW,521,0
17538.87,14,0,NETBANKING,0,LOW,410,0
117353.78,16,0,CARD,0,HIGH,407,1
443.54,0,0,UPI,0,MEDIUM,292,0
959.36,14,1,WALLET,0,LOW,296,0
661.88,5,1,NETBANKING,0,MEDIUM,653,0
63397.34,2,0,WALLET,0,LOW,331,0
14191.96,6,0,UPI,0,MEDIUM,528,0
262.24,22,1,WALLET,0,LOW,695,0
840.64,18,1,WALLET,1,HIGH,750,1
29.75,20,1,CARD,0,HIGH,207,0
17792.08,2,1,CARD,0,LOW,25,0
302.17,11,1,CARD,0,LOW,483,0
9877.23,5,0,WALLET,1,MEDIUM,440,0
931.93,0,0,WALLET,0,MEDIUM,566,0
541.1,23,0,CARD,0,LOW,99,0
755.39,11,0,UPI,0,LOW,700,0
448.42,13,0,CARD,0,MEDIUM,942,0
507.36,7,0,CARD,0,HIGH,945,0
599.93,14,1,UPI,0,LOW,907,0
964.84,22,1,UPI,0,MEDIUM,524,0
804.78,17,0,NETBANKING,1,MEDIUM,943,0
10276.98,8,0,UPI,0,MEDIUM,664,0
832.06,19,0,CARD,0,LOW,172,0
767.09,21,0,CARD,0,LOW,556,0
836.02,17,0,UPI,1,HIGH,302,1
874.05,5,0,NETBANKING,0,LOW,945,0
13832.87,23,0,CARD,0,MEDIUM,520,0
5425.77,9,0,UPI,0,HIGH,584,0
407.57,7,0,UPI,0,HIGH,736,0
95.78,20,0,CARD,1,MEDIUM,880,0
993.68,17,0,CARD,0,LOW,250,0
336.68,22,0,WALLET,0,LOW,224,0
11427.51,17,0,UPI,0,LOW,186,0
951.96,1,0,UPI,0,LOW,537,0
321.79,0,1,UPI,0,HIGH,729,0
432.11,6,1,WALLET,0,LOW,158,0
152681.95,6,1,NETBANKING,0,MEDIUM,398,0
700.73,9,1,WALLET,0,MEDIUM,94,0
329.91,9,0,CARD,0,LOW,366,0
784.16,11,0,NETBANKING,1,MEDIUM,931,0
703.28,9,0,CARD,0,LOW,352,0
73847.76,13,1,WALLET,0,LOW,394,0
14996.33,23,0,UPI,0,LOW,657,0
829.0,6,0,NETBANKING,0,MEDIUM,232,0
940.54,10,0,CARD,0,LOW,673,0
784.44,14,1,CARD,0,LOW,204,0
5632.72,1,1,WALLET,0,HIGH,396,0
745.5,19,1,WALLET,0,HIGH,484,0
167.04,19,1,WALLET,1,LOW,151,0
441.15,12,0,WALLET,0,LOW,579,0
17949.18,19,0,UPI,0,LOW,870,0
19725.73,12,0,NETBANKING,0,MEDIUM,873,0
149.2,3,1,UPI,0,LOW,471,0
843.18,5,1,WALLET,0,MEDIUM,751,0
47.07,17,1,CARD,0,HIGH,820,0
10135.51,18,1,UPI,0,HIGH,803,0
831.76,0,0,NETBANKING,0,LOW,310,0
7763.59,0,0,WALLET,0,LOW,707,0
6377.76,19,1,WALLET,0,MEDIUM,959,0
397.79,21,1,CARD,0,LOW,515,0
2280.98,20,1,NETBANKING,0,LOW,869,0
33.0,2,0,NETBANKING,0,LOW,686,0
720.76,8,1,UPI,0,LOW,994,0
417.49,23,0,UPI,0,MEDIUM,353,0
417.82,0,0,WALLET,0,MEDIUM,209,0
663.19,20,1,NETBANKING,0,LOW,957,0
468.08,9,0,UPI,0,MEDIUM,942,0
845.64,22,1,NETBANKING,0,MEDIUM,639,0
6138.54,8,0,UPI,0,LOW,189,0
5187.6,15,1,CARD,0,LOW,700,0
731.13,4,1,WALLET,0,MEDIUM,927,0
393.22,3,1,WALLET,0,LOW,424,0
773.67,8,1,CARD,0,LOW,858,0
221.73,4,0,WALLET,0,LOW,174,0
6543.66,5,0,CARD,0,HIGH,885,0
958.49,21,0,WALLET,0,LOW,434,0
723.93,23,1,WALLET,0,LOW,353,0
7252.37,4,1,CARD,0,LOW,210,0
135563.45,0,0,WALLET,0,LOW,83,1
12224.65,4,1,UPI,0,LOW,509,0
574.65,2,0,NETBANKING,0,LOW,328,0
166.42,15,0,UPI,0,LOW,842,0
141.44,20,0,CARD,0,MEDIUM,276,0
14871.2,9,1,CARD,0,LOW,843,0
218.97,6,0,UPI,0,LOW,918,0
9399.43,5,0,UPI,0,LOW,618,0
8421.86,2,0,CARD,0,MEDIUM,348,0
573.12,7,1,CARD,0,LOW,650,0
339.68,21,1,NETBANKING,0,HIGH,144,0
911.08,22,1,UPI,0,LOW,31,0
152.87,6,1,WALLET,0,LOW,71,0
6000.56,4,0,CARD,0,MEDIUM,113,0
137.49,9,0,WALLET,1,LOW,440,0
60177.15,14,0,UPI,0,LOW,40,0
426.37,14,1,UPI,0,LOW,358,0
15948.61,6,1,WALLET,0,LOW,481,0
170.28,20,1,WALLET,0,MEDIUM,286,0
700.06,22,1,CARD,0,LOW,206,0
5069.6,11,1,UPI,0,MEDIUM,717,0
22.25,15,1,WALLET,0,HIGH,452,0
6672.85,2,0,UPI,1,LOW,213,0
1436.73,22,1,WALLET,0,LOW,429,0
97564.09,15,0,NETBANKING,0,LOW,765,0
1469.05,13,1,UPI,0,LOW,585,0
723.77,3,0,UPI,0,LOW,656,0
569.77,16,1,WALLET,1,LOW,359,0
12851.05,6,1,WALLET,0,LOW,275,0
486.71,7,0,UPI,0,LOW,248,0
790.44,11,0,CARD,1,MEDIUM,886,0
416.08,19,1,NETBANKING,0,LOW,640,0
591.29,3,1,UPI,0,LOW,588,0
295.99,16,1,WALLET,0,HIGH,740,0
940.43,11,0,UPI,0,MEDIUM,980,0
57130.71,22,0,NETBANKING,0,LOW,208,0
669.24,13,0,WALLET,0,LOW,70,0
40.96,20,1,CARD,0,LOW,120,0
687.24,2,1,NETBANKING,0,MEDIUM,655,0
952.39,17,0,CARD,0,HIGH,108,0
918.92,21,1,CARD,0,LOW,813,0
770.96,0,0,WALLET,0,LOW,403,0
86.94,9,0,WALLET,0,MEDIUM,206,0
8620.57,15,1,NETBANKING,0,LOW,335,0
47.1,0,1,CARD,1,LOW,974,0
17729.16,16,1,CARD,0,LOW,767,0
60637.94,7,1,CARD,0,LOW,582,0
749.34,10,1,CARD,0,LOW,963,0
372.56,19,1,CARD,0,LOW,321,0
991.14,7,0,NETBANKING,0,LOW,421,0
370.56,15,0,UPI,0,LOW,28,0
851.83,19,0,WALLET,0,MEDIUM,443,0
593.07,1,1,UPI,0,LOW,676,0
745.73,21,1,UPI,0,MEDIUM,850,0
155.48,7,1,CARD,0,MEDIUM,109,0
243.72,22,1,UPI,0,HIGH,973,0
572.22,3,0,CARD,0,LOW,698,0
775.28,18,1,WALLET,0,LOW,112,0
346.03,20,0,UPI,0,MEDIUM,160,0
231.4,20,1,WALLET,0,MEDIUM,412,0
706.24,6,0,WALLET,0,LOW,267,0
99903.98,14,1,UPI,0,MEDIUM,930,0
10105.97,11,1,NETBANKING,0,MEDIUM,147,0
160305.38,7,1,WALLET,0,MEDIUM,45,0
14425.13,4,1,CARD,0,LOW,101,0
8001.04,9,0,CARD,0,LOW,911,0
630.97,8,1,CARD,0,LOW,447,0
556.88,21,1,CARD,0,LOW,429,0
14320.4,10,0,CARD,0,MEDIUM,73,0
441.37,9,1,WALLET,0,LOW,737,0
9937.05,13,1,UPI,0,MEDIUM,937,0
171.44,4,0,WALLET,0,LOW,247,0
812.72,21,1,WALLET,0,LOW,758,0
64170.8,23,0,UPI,0,LOW,341,0
262.47,10,1,CARD,1,HIGH,612,0
2962.04,2,1,NETBANKING,0,MEDIUM,190,0
605.36,23,1,NETBANKING,0,LOW,231,0
344.22,16,0,NETBANKING,0,LOW,604,0
14657.21,2,0,UPI,0,LOW,714,0
16356.2,2,1,UPI,1,MEDIUM,615,0
32.19,9,1,UPI,0,MEDIUM,122,0
59.98,4,1,UPI,0,MEDIUM,758,0
90.74,15,0,CARD,0,LOW,797,0
311.68,21,0,NETBANKING,0,LOW,744,0
33439.49,17,1,CARD,0,LOW,429,0
535.56,15,0,CARD,0,LOW,448,0
839.77,4,1,WALLET,1,LOW,863,0
650.16,13,1,CARD,0,LOW,263,0
416.3,9,0,CARD,1,LOW,283,0
4083.9,0,1,UPI,0,LOW,756,0
590.89,9,0,UPI,0,LOW,821,0
328.07,18,0,UPI,0,LOW,547,0
18858.23,21,0,NETBANKING,1,MEDIUM,866,0
56988.92,20,1,WALLET,0,HIGH,547,0
19676.34,2,0,NETBANKING,1,LOW,685,1
195.38,0,1,UPI,0,LOW,71,0
10807.43,17,1,CARD,0,HIGH,686,0
739.46,23,0,NETBANKING,0,HIGH,714,0
501.59,0,0,CARD,0,LOW,283,0
913.63,6,1,CARD,0,LOW,210,0
602.01,20,1,WALLET,0,MEDIUM,219,0
267.1,17,1,CARD,0,HIGH,352,0
900.38,1,0,WALLET,0,LOW,766,0
728.62,6,1,NETBANKING,0,HIGH,117,0
223.18,14,1,CARD,1,MEDIUM,486,0
674.46,5,1,WALLET,0,LOW,222,0
16168.03,7,1,UPI,0,LOW,780,0
329.27,23,0,UPI,0,LOW,825,0
490.79,6,0,NETBANKING,0,LOW,581,0
151.83,21,0,WALLET,0,LOW,972,0
405.34,7,1,NETBANKING,0,LOW,411,0
868.68,21,0,UPI,0,LOW,621,0
926.18,5,1,WALLET,0,MEDIUM,122,0
11372.7,5,0,UPI,0,LOW,404,0
271.34,15,1,UPI,1,LOW,284,0
155893.34,1,1,CARD,0,MEDIUM,296,1
19874.92,16,1,WALLET,0,LOW,369,0
6656.17,11,0,WALLET,0,LOW,775,0
116.01,22,0,NETBANKING,0,MEDIUM,948,0
50.94,9,1,UPI,0,MEDIUM,103,0
39.91,13,1,UPI,0,LOW,415,0
346.71,15,1,NETBANKING,0,MEDIUM,842,0
124.71,7,1,NETBANKING,0,MEDIUM,15,0
394.74,17,0,CARD,0,LOW,83,0
650.92,20,1,NETBANKING,0,LOW,887,0
366.36,20,0,CARD,0,MEDIUM,810,0
14898.53,19,0,WALLET,0,LOW,450,0
4701.56,8,1,WALLET,0,LOW,845,0
987.78,15,1,UPI,0,MEDIUM,369,0
998.35,20,1,UPI,0,LOW,250,0
95.68,15,0,CARD,0,LOW,904,0
331.02,16,1,NETBANKING,0,LOW,867,0
566.23,13,1,CARD,0,LOW,93,0
17666.77,10,0,WALLET,0,MEDIUM,107,0
8962.8,14,1,WALLET,0,MEDIUM,444,0
370.68,22,0,CARD,0,LOW,165,0
12179.91,13,0,WALLET,0,LOW,476,0
458.53,9,0,UPI,0,LOW,347,0
30.67,9,1,UPI,1,HIGH,188,0
433.22,17,0,NETBANKING,0,LOW,635,0
919.28,6,1,CARD,0,MEDIUM,453,0
510.35,10,0,WALLET,0,LOW,48,0
406.79,20,0,WALLET,1,LOW,819,0
354.87,1,0,CARD,1,LOW,340,0
655.71,13,0,UPI,0,MEDIUM,906,0
684.35,20,0,UPI,0,LOW,37,0
769.32,3,1,CARD,0,LOW,649,0
684.15,21,0,NETBANKING,0,MEDIUM,710,0
32865.57,5,1,CARD,0,MEDIUM,244,0
829.19,9,1,CARD,0,MEDIUM,708,0
16626.77,22,0,UPI,0,LOW,778,0
769.54,20,1,UPI,0,LOW,29,0
924.46,12,1,WALLET,0,MEDIUM,783,0
116.62,10,0,CARD,0,LOW,13,0
11944.18,11,1,WALLET,0,LOW,455,0
17396.12,15,1,UPI,0,HIGH,613,0
444.8,22,0,WALLET,0,MEDIUM,933,0
523.9,22,1,WALLET,0,MEDIUM,437,0
16079.93,5,0,CARD,0,LOW,525,0
233.1,11,1,NETBANKING,1,LOW,574,0
292.08,23,1,CARD,0,LOW,829,0
13259.52,16,0,UPI,0,LOW,895,0
16.31,0,0,WALLET,0,MEDIUM,781,0
721.68,18,1,UPI,0,LOW,722,0
12592.34,5,1,WALLET,0,MEDIUM,799,0
19740.04,19,0,WALLET,0,MEDIUM,10,0
18151.61,23,0,NETBANKING,0,LOW,794,0
12738.43,14,1,UPI,0,LOW,229,0
114711.15,17,0,UPI,0,LOW,933,0
995.29,22,0,UPI,0,MEDIUM,205,0
605.47,19,1,CARD,0,LOW,553,0
202.54,13,0,NETBANKING,0,MEDIUM,384,0
561.3,8,0,UPI,0,LOW,837,0
890.43,9,1,UPI,0,LOW,412,0
2540.01,17,1,CARD,0,MEDIUM,388,0
9760.34,21,1,UPI,0,LOW,74,0
965.87,13,0,CARD,0,LOW,241,0
919.33,21,1,CARD,0,LOW,173,0
175.71,1,1,NETBANKING,0,MEDIUM,390,0
16979.45,8,0,CARD,0,MEDIUM,996,0
802.04,18,1,UPI,0,LOW,636,0
564.94,1,1,NETBANKING,0,HIGH,846,0
189.0,23,0,WALLET,0,LOW,871,0
376.33,4,0,CARD,0,HIGH,600,0
285.63,17,0,UPI,0,LOW,503,0
3817.2,22,1,CARD,0,MEDIUM,635,0
14416.03,12,0,CARD,1,LOW,594,0
873.27,5,1,WALLET,0,MEDIUM,289,0
126.54,13,0,WALLET,0,LOW,576,0
4692.25,16,1,NETBANKING,0,LOW,746,0
7568.11,12,1,CARD,0,MEDIUM,751,0
8037.99,14,0,UPI,0,MEDIUM,544,0
319.89,20,0,NETBANKING,0,LOW,569,0
534.31,7,0,CARD,0,LOW,277,0
600.09,6,0,CARD,0,MEDIUM,179,0
367.84,22,0,CARD,0,MEDIUM,181,0
906.24,18,1,CARD,0,LOW,365,0
393.12,23,0,NETBANKING,0,LOW,701,0
862.29,15,0,WALLET,0,MEDIUM,881,0
16224.95,13,0,UPI,0,HIGH,409,0
603.33,11,0,NETBANKING,0,LOW,372,0
912.48,12,1,NETBANKING,0,MEDIUM,398,0
860.01,0,1,CARD,0,LOW,603,0
200.33,12,0,UPI,1,MEDIUM,350,0
115.15,22,0,WALLET,0,MEDIUM,739,0
447.3,8,1,UPI,0,HIGH,628,0
978.27,19,0,UPI,0,MEDIUM,69,0
592.79,8,0,UPI,0,MEDIUM,626,0
51.93,11,1,NETBANKING,0,MEDIUM,59,0
11.66,1,0,WALLET,0,LOW,374,0
123899.7,3,0,CARD,0,LOW,536,1
187807.46,6,1,CARD,0,MEDIUM,197,0
114.59,14,1,WALLET,0,LOW,967,0
894.08,8,1,UPI,1,LOW,612,0
222.86,15,1,CARD,0,LOW,428,0
382.2,0,0,NETBANKING,0,MEDIUM,73,0
908.6,3,1,UPI,0,HIGH,1,1
330.39,16,1,NETBANKING,0,LOW,872,0
285.19,1,1,CARD,0,HIGH,196,0
363.96,6,0,WALLET,0,LOW,349,0
952.46,12,0,CARD,0,LOW,303,0
229.23,23,0,NETBANKING,0,MEDIUM,473,0
427.7,0,0,CARD,0,MEDIUM,575,0
718.16,16,0,NETBANKING,0,LOW,937,0
16412.87,0,1,CARD,0,LOW,16,0
701.42,13,1,UPI,0,MEDIUM,809,0
162770.1,1,1,UPI,0,LOW,702,1
319.59,5,1,WALLET,0,LOW,24,0
350.4,12,1,UPI,0,LOW,268,0
962.05,4,1,WALLET,0,LOW,66,0
586.19,16,0,CARD,1,LOW,17,1
17401.9,15,0,NETBANKING,0,LOW,361,0
642.87,15,1,CARD,0,LOW,911,0
137.79,18,0,WALLET,0,LOW,421,0
270.36,16,0,NETBANKING,0,LOW,41,0
711.6,14,1,UPI,1,MEDIUM,311,0
600.72,10,0,UPI,0,LOW,392,0
183.75,18,1,WALLET,0,MEDIUM,882,0
686.69,0,0,CARD,0,LOW,777,0
241.24,12,1,WALLET,0,LOW,4,0
497.52,17,0,WALLET,0,LOW,467,0
340.42,21,1,NETBANKING,0,MEDIUM,700,0
53880.59,16,1,NETBANKING,0,LOW,883,0
212.39,20,0,NETBANKING,0,MEDIUM,321,0
219.53,6,0,WALLET,0,MEDIUM,705,0
14418.65,11,1,NETBANKING,0,MEDIUM,863,0
961.04,16,0,NETBANKING,1,LOW,219,0
946.46,19,1,UPI,0,LOW,171,0
164.23,7,1,NETBANKING,0,LOW,295,0
575.35,17,1,CARD,1,LOW,221,0
319.81,23,1,CARD,0,LOW,465,0
177.52,0,1,NETBANKING,0,MEDIUM,813,0
104.17,3,0,UPI,0,LOW,623,0
645.58,8,1,WALLET,0,HIGH,377,0
3582.96,8,1,NETBANKING,0,MEDIUM,266,0
627.0,2,1,WALLET,0,MEDIUM,503,0
503.3,23,1,WALLET,1,HIGH,336,0
512.52,21,1,NETBANKING,0,LOW,400,0
351.34,1,0,NETBANKING,0,HIGH,574,0
740.08,17,1,UPI,0,HIGH,17,0
96.82,23,0,CARD,0,MEDIUM,555,0
918.76,0,1,CARD,0,LOW,82,0
2101.06,7,1,UPI,1,LOW,575,0
677.66,4,0,WALLET,0,LOW,536,0
421.33,13,0,UPI,0,LOW,404,0
867.63,12,0,UPI,0,LOW,440,0
624.47,19,1,NETBANKING,0,LOW,809,0
301.71,5,0,CARD,0,LOW,563,0
417.86,23,0,UPI,0,LOW,76,0
968.65,7,1,CARD,0,MEDIUM,401,0
409.74,1,0,CARD,0,MEDIUM,512,0
32.01,10,1,WALLET,0,LOW,501,0
5495.83,14,0,UPI,0,LOW,477,0
857.7,7,0,CARD,1,LOW,167,0
227.74,20,1,UPI,1,LOW,673,0
726.47,9,1,WALLET,1,HIGH,285,0
617.81,1,0,UPI,0,LOW,315,0
16766.91,9,0,NETBANKING,0,LOW,294,0
619.67,23,1,CARD,0,LOW,133,0
950.97,13,1,CARD,0,LOW,431,0
9549.16,9,0,UPI,0,LOW,862,0
364.57,8,1,WALLET,0,LOW,442,0
899.67,2,0,WALLET,0,MEDIUM,480,0
26.69,5,1,NETBANKING,0,MEDIUM,126,0
931.71,0,0,NETBANKING,0,HIGH,410,0
628.23,21,1,CARD,1,LOW,853,0
836.33,18,0,UPI,0,HIGH,663,0
440.99,4,0,NETBANKING,0,LOW,145,0
473.42,3,0,NETBANKING,1,LOW,578,0
11689.82,7,1,UPI,0,HIGH,605,0
650.33,3,1,WALLET,0,LOW,721,0
254.94,7,1,CARD,0,HIGH,293,0
742.34,5,0,UPI,0,LOW,44,0
3650.46,22,0,WALLET,0,LOW,594,0
16888.3,17,1,NETBANKING,0,MEDIUM,416,0
732.32,10,1,NETBANKING,0,LOW,157,0
128034.59,2,0,CARD,0,LOW,835,1
579.83,21,0,WALLET,0,LOW,444,0
923.17,18,1,WALLET,1,MEDIUM,377,0
131.75,4,1,WALLET,0,LOW,822,0
474.54,23,1,WALLET,0,HIGH,302,0
302.07,18,0,CARD,0,MEDIUM,405,0
7485.6,8,0,NETBANKING,0,HIGH,58,0
974.59,18,0,WALLET,0,LOW,66,0
386.84,17,0,NETBANKING,0,MEDIUM,615,0
771.37,10,1,CARD,0,LOW,871,0
65.21,9,0,UPI,0,LOW,326,0
93.77,20,0,NETBANKING,0,LOW,263,0
659.86,2,1,CARD,0,LOW,49,0
14315.2,10,1,CARD,0,LOW,440,0
19151.92,21,1,UPI,0,MEDIUM,908,0
8822.97,3,1,CARD,0,LOW,18,0
938.89,5,1,WALLET,0,MEDIUM,908,0
11457.89,0,0,NETBANKING,0,LOW,480,0
823.33,0,1,UPI,0,LOW,736,0
545.22,15,0,UPI,0,LOW,947,0
15218.16,16,1,CARD,0,MEDIUM,145,0
455.45,2,1,UPI,0,LOW,677,0
710.89,14,1,WALLET,0,HIGH,261,0
12029.04,20,0,WALLET,0,HIGH,261,0
898.56,15,0,UPI,0,LOW,778,0
39.72,3,0,NETBANKING,0,MEDIUM,935,0
12063.23,4,1,WALLET,0,LOW,317,0
840.59,15,0,NETBANKING,0,LOW,891,0
801.81,21,1,WALLET,0,LOW,554,0
312.46,3,0,UPI,0,MEDIUM,396,0
743.21,7,1,NETBANKING,0,MEDIUM,590,0
4812.16,6,1,NETBANKING,0,MEDIUM,664,0
9888.34,7,0,CARD,0,LOW,217,0
341.99,13,0,NETBANKING,0,LOW,80,0
997.89,6,1,CARD,0,LOW,337,0
12087.92,19,0,WALLET,0,LOW,889,0
674.04,7,0,CARD,0,LOW,20,0
485.08,13,0,WALLET,0,LOW,603,0
842.4,18,0,UPI,0,MEDIUM,461,0
1924.68,19,0,CARD,1,MEDIUM,192,0
2607.16,20,1,UPI,0,LOW,468,0
200.79,15,0,WALLET,0,MEDIUM,5,0
70.97,4,1,CARD,0,LOW,619,0
406.08,10,0,CARD,0,LOW,757,0
546.9,17,0,UPI,0,MEDIUM,874,0
963.05,14,1,UPI,0,LOW,955,0
954.58,0,0,NETBANKING,0,MEDIUM,692,0
14447.43,16,0,NETBANKING,1,LOW,642,0
662.53,5,0,NETBANKING,0,LOW,53,0
223.91,17,0,CARD,0,MEDIUM,683,0
866.84,21,1,UPI,0,LOW,712,0
18089.95,1,0,CARD,0,MEDIUM,970,0
676.58,6,0,WALLET,1,LOW,660,0
520.4,19,1,WALLET,0,LOW,247,0
6765.83,4,1,WALLET,1,LOW,402,0
671.29,0,1,UPI,0,LOW,497,0
920.48,11,1,NETBANKING,0,MEDIUM,372,0
489.5,8,0,CARD,1,MEDIUM,662,0
969.35,21,0,NETBANKING,0,LOW,658,0
734.69,19,1,WALLET,0,MEDIUM,301,0
953.54,0,0,WALLET,0,LOW,968,0
383.93,8,1,UPI,0,MEDIUM,79,0
159.22,9,1,CARD,0,LOW,55,0
8307.43,8,0,NETBANKING,0,LOW,664,0
19884.14,1,1,NETBANKING,1,MEDIUM,765,0
732.25,5,1,CARD,0,LOW,858,0
9285.18,12,0,NETBANKING,0,MEDIUM,909,0
153.89,21,0,CARD,0,LOW,135,0
33010.86,6,1,WALLET,0,HIGH,65,0
260.41,4,0,UPI,0,LOW,729,0
16125.47,6,1,UPI,0,LOW,505,0
17427.3,22,1,CARD,0,LOW,966,0
156975.99,8,1,WALLET,0,LOW,649,0
14781.6,14,1,CARD,0,MEDIUM,496,0
57.1,20,0,WALLET,0,LOW,902,0
14195.38,22,0,CARD,0,MEDIUM,899,0
138.26,18,0,CARD,0,MEDIUM,17,0
1490.83,16,1,UPI,0,LOW,574,0
11905.79,23,1,WALLET,0,LOW,614,0
10312.42,23,1,NETBANKING,0,LOW,476,0
8924.74,12,1,NETBANKING,0,LOW,74,0
737.15,20,0,WALLET,0,MEDIUM,314,0
13627.51,8,0,NETBANKING,0,LOW,528,0
908.64,8,1,UPI,0,MEDIUM,303,0
3966.73,10,0,CARD,0,LOW,86,0
12211.7,1,0,NETBANKING,0,MEDIUM,302,0
13798.55,2,0,WALLET,0,LOW,397,0
370.66,23,0,CARD,0,MEDIUM,272,0
344.01,21,1,UPI,0,LOW,826,0
110.49,2,0,CARD,0,LOW,920,0
8854.97,23,0,CARD,0,LOW,319,0
419.77,19,0,UPI,0,MEDIUM,548,0
730.68,2,0,CARD,0,LOW,950,0
494.7,3,0,CARD,0,HIGH,762,0
1837.83,21,1,UPI,0,LOW,526,0
972.24,4,1,NETBANKING,0,LOW,215,0
19209.8,15,1,WALLET,0,MEDIUM,83,0
234.51,22,1,WALLET,0,MEDIUM,817,0
16820.97,2,1,NETBANKING,0,MEDIUM,656,0
720.66,8,0,UPI,0,LOW,999,0
669.21,0,0,WALLET,1,MEDIUM,332,0
400.6,18,1,WALLET,0,LOW,948,0
145263.22,12,0,NETBANKING,0,LOW,77,0
17713.1,9,1,CARD,0,LOW,51,0
4739.07,23,0,CARD,0,HIGH,181,0
210.5,10,0,NETBANKING,0,MEDIUM,938,0
793.11,4,0,WALLET,0,LOW,590,0
170.33,7,1,NETBANKING,1,LOW,63,0
10970.31,23,1,UPI,0,LOW,704,0
507.81,21,0,CARD,0,MEDIUM,502,0
385.23,9,1,WALLET,0,LOW,218,0
8457.42,0,0,UPI,0,LOW,997,0
3645.31,23,0,CARD,0,LOW,357,0
298.17,15,0,UPI,0,MEDIUM,495,0
486.8,8,1,UPI,0,LOW,282,0
425.66,6,0,CARD,0,MEDIUM,332,0
6752.72,17,1,CARD,0,MEDIUM,515,0
357.27,4,1,WALLET,0,LOW,944,0
77.58,22,0,NETBANKING,0,LOW,958,0
710.09,7,0,UPI,0,LOW,393,0
4125.81,5,0,UPI,0,LOW,394,0
347.6,7,1,CARD,0,HIGH,15,0
797.05,5,1,WALLET,0,MEDIUM,177,0
393.23,10,0,WALLET,1,LOW,91,0
997.84,2,0,CARD,0,HIGH,646,0
184240.64,2,1,NETBANKING,1,LOW,974,1
803.8,22,0,CARD,1,LOW,780,0
17729.88,20,0,UPI,0,LOW,956,0
235.0,10,0,UPI,0,LOW,431,0
830.56,2,1,WALLET,0,MEDIUM,562,0
190.23,4,0,CARD,0,MEDIUM,277,0
2021.6,12,0,NETBANKING,0,LOW,369,0
12884.41,12,0,CARD,0,MEDIUM,191,0
448.57,23,0,CARD,0,LOW,657,0
5372.15,3,0,NETBANKING,0,MEDIUM,515,0
871.04,15,0,CARD,0,MEDIUM,824,0
285.8,2,1,NETBANKING,0,MEDIUM,966,0
411.61,11,1,NETBANKING,0,MEDIUM,400,0
18679.01,20,0,NETBANKING,0,MEDIUM,705,0
8408.82,20,0,CARD,0,LOW,530,0
985.14,10,0,CARD,0,MEDIUM,312,0
13635.27,14,0,CARD,0,LOW,451,0
353.18,3,0,UPI,0,LOW,81,0
166271.43,0,1,UPI,0,MEDIUM,695,1
487.94,0,1,CARD,0,LOW,510,0
505.86,7,1,NETBANKING,0,HIGH,504,0
17420.2,13,0,NETBANKING,0,LOW,394,0
801.99,18,1,UPI,0,LOW,428,0
44858.38,23,1,CARD,1,LOW,219,0
67176.01,17,1,WALLET,0,LOW,218,0
200.2,2,0,WALLET,0,MEDIUM,704,0
361.09,6,0,NETBANKING,0,LOW,470,0
658.62,22,1,WALLET,0,LOW,772,0
167893.59,1,1,UPI,0,LOW,919,1
428.91,8,1,UPI,0,LOW,76,0
806.04,10,1,NETBANKING,0,MEDIUM,667,0
682.96,14,0,WALLET,0,LOW,438,0
17551.72,18,0,NETBANKING,0,LOW,5,0
805.63,7,0,WALLET,0,MEDIUM,664,0
192.99,1,1,UPI,1,LOW,585,0
402.68,3,0,NETBANKING,0,MEDIUM,835,0
9879.13,19,0,NETBANKING,0,HIGH,711,0
909.61,6,0,WALLET,0,LOW,440,0
734.31,18,1,WALLET,0,LOW,529,0
9547.16,9,1,UPI,0,LOW,971,0
174.2,10,0,UPI,1,LOW,481,0
559.29,12,0,CARD,0,MEDIUM,679,0
3960.13,2,0,WALLET,1,LOW,58,0
863.07,11,1,WALLET,0,LOW,113,0
703.31,10,1,UPI,0,LOW,168,0
19890.9,10,1,CARD,0,LOW,626,0
259.93,15,1,WALLET,0,LOW,386,0
644.97,1,0,WALLET,0,MEDIUM,208,0
8532.86,20,0,WALLET,0,LOW,734,0
9296.68,10,1,WALLET,0,MEDIUM,976,0
807.42,0,1,NETBANKING,0,LOW,377,0
779.6,16,0,NETBANKING,0,LOW,983,0
16.04,4,1,UPI,0,MEDIUM,32,0
17343.53,13,0,WALLET,0,LOW,831,0
10064.27,0,1,NETBANKING,0,MEDIUM,562,0
794.83,12,1,CARD,0,HIGH,147,0
904.38,16,0,NETBANKING,0,LOW,891,0
257.16,17,0,UPI,0,LOW,792,0
432.51,4,1,NETBANKING,0,LOW,385,0
711.23,23,1,UPI,0,MEDIUM,267,0
104263.64,22,0,UPI,0,LOW,507,0
17870.78,6,1,WALLET,0,LOW,926,0
275.45,0,1,NETBANKING,1,LOW,826,0
42.11,18,1,NETBANKING,0,LOW,427,0
915.26,19,0,UPI,0,MEDIUM,227,0
558.49,13,1,CARD,0,MEDIUM,970,0
283.33,2,0,UPI,1,MEDIUM,597,1
322.63,10,0,CARD,0,LOW,830,0
277.39,2,0,CARD,0,MEDIUM,772,0
364.08,13,1,UPI,1,LOW,682,0
249.89,8,1,NETBANKING,0,LOW,116,0
9728.11,10,1,CARD,1,LOW,138,0
645.61,15,0,UPI,1,LOW,822,0
255.89,16,1,UPI,1,HIGH,581,0
11038.88,2,1,NETBANKING,0,MEDIUM,341,0
796.89,16,1,UPI,1,LOW,411,0
633.26,16,0,NETBANKING,0,LOW,821,0
18317.28,11,1,NETBANKING,0,LOW,553,0
9535.8,6,0,WALLET,0,LOW,652,0
349.17,1,1,NETBANKING,0,MEDIUM,484,0
217.48,9,1,NETBANKING,0,LOW,307,0
331.16,9,1,WALLET,0,LOW,483,0
128.88,4,1,WALLET,0,MEDIUM,820,0
955.36,11,1,NETBANKING,1,MEDIUM,194,0
905.56,5,1,WALLET,0,HIGH,796,0
18932.9,8,1,UPI,0,LOW,323,0
472.69,6,1,UPI,0,LOW,686,0
360.82,3,0,UPI,0,MEDIUM,533,0
330.23,1,0,NETBANKING,0,LOW,210,0
62.67,6,0,CARD,0,MEDIUM,908,0
76.73,9,1,NETBANKING,1,MEDIUM,807,0
17669.55,1,0,CARD,0,LOW,30,0
470.44,9,1,NETBANKING,1,LOW,378,0
15176.43,13,1,CARD,0,MEDIUM,639,0
305.21,1,0,CARD,1,MEDIUM,278,1
12954.83,9,0,UPI,1,MEDIUM,933,0
363.66,11,0,UPI,0,LOW,194,0
121.27,19,1,UPI,0,HIGH,101,0
993.07,14,1,UPI,0,LOW,71,0
494.23,2,1,WALLET,0,LOW,449,0
731.92,2,1,WALLET,0,LOW,572,0
206.36,4,0,UPI,0,LOW,197,0
26.27,17,1,NETBANKING,0,MEDIUM,907,0
539.51,1,1,NETBANKING,0,LOW,148,0
187.08,21,1,WALLET,0,LOW,638,0
17046.19,18,1,NETBANKING,0,HIGH,683,0
189.48,13,1,WALLET,1,HIGH,815,0
695.08,13,1,NETBANKING,0,LOW,240,0
372.2,0,1,WALLET,0,HIGH,638,0
649.5,15,0,WALLET,0,LOW,624,0
741.53,19,1,WALLET,0,LOW,391,0
855.66,0,1,UPI,1,LOW,885,0
925.38,3,1,UPI,0,MEDIUM,759,0
4852.5,0,1,CARD,1,LOW,416,0
89.5,4,1,CARD,1,MEDIUM,240,0
598.82,13,0,UPI,0,LOW,533,0
195.95,17,0,WALLET,0,LOW,284,0
639.97,18,0,UPI,0,LOW,598,0
251.07,0,0,CARD,0,MEDIUM,363,0
428.25,8,1,NETBANKING,0,LOW,253,0
10529.64,8,1,WALLET,0,MEDIUM,479,0
890.47,22,1,CARD,0,MEDIUM,295,0
451.45,2,1,UPI,0,LOW,633,0
59785.83,5,0,WALLET,0,MEDIUM,196,0
473.65,14,1,WALLET,0,LOW,202,0
101.65,14,1,CARD,1,LOW,827,0
191.0,3,1,WALLET,0,LOW,399,0
633.2,1,0,NETBANKING,0,LOW,676,0
729.67,12,0,UPI,0,LOW,200,0
173.09,7,1,NETBANKING,1,LOW,657,0
620.12,13,1,UPI,0,MEDIUM,281,0
288.77,15,1,CARD,0,MEDIUM,820,0
224.51,4,1,WALLET,1,MEDIUM,528,0
745.72,3,1,CARD,0,HIGH,390,0
401.02,3,0,UPI,0,LOW,86,0
891.86,6,1,UPI,0,LOW,901,0
9800.22,20,1,UPI,0,MEDIUM,605,0
929.74,13,1,WALLET,0,LOW,81,0
867.05,18,0,NETBANKING,0,LOW,68,0
10580.65,0,0,CARD,0,MEDIUM,621,0
873.31,13,0,WALLET,0,MEDIUM,174,0
124.99,20,1,UPI,0,MEDIUM,683,0
688.72,20,1,CARD,0,MEDIUM,422,0
195.23,19,0,NETBANKING,0,LOW,555,0
491.61,16,0,WALLET,0,LOW,206,0
936.88,23,0,NETBANKING,0,LOW,894,0
416.62,19,0,UPI,0,LOW,990,0
571.81,10,1,NETBANKING,0,LOW,689,0
3449.79,4,0,UPI,0,HIGH,981,0
25.74,22,1,UPI,0,MEDIUM,590,0
396.53,23,1,CARD,1,LOW,463,0
300.98,9,1,WALLET,0,MEDIUM,799,0
797.09,16,0,WALLET,0,HIGH,642,0
658.03,11,1,UPI,0,MEDIUM,627,0
71.55,22,1,WALLET,0,LOW,307,0
663.8,14,1,NETBANKING,0,LOW,768,0
867.09,17,0,UPI,0,LOW,134,0
898.36,12,1,WALLET,0,MEDIUM,955,0
909.92,9,1,CARD,0,LOW,242,0
183.34,2,1,UPI,0,HIGH,14,1
127.5,3,1,WALLET,0,LOW,451,0
9375.83,17,1,WALLET,0,LOW,349,0
431.76,1,1,WALLET,0,MEDIUM,731,0
19596.62,8,1,NETBANKING,0,LOW,145,0
898.57,7,0,NETBANKING,0,LOW,238,0
656.5,19,1,CARD,0,MEDIUM,36,0
573.97,11,0,UPI,0,LOW,406,0
515.32,4,1,UPI,0,LOW,55,0
990.43,7,1,WALLET,0,LOW,97,0
741.15,22,0,CARD,0,LOW,84,0
269.29,7,0,UPI,0,LOW,684,0
7136.99,13,1,UPI,0,LOW,371,0
14195.84,2,1,CARD,0,LOW,223,0
11248.2,16,0,NETBANKING,0,LOW,372,0
4127.93,13,1,UPI,1,MEDIUM,765,0
319.88,5,1,WALLET,0,LOW,874,0
128.9,23,0,NETBANKING,0,MEDIUM,63,0
209.92,4,0,UPI,0,LOW,311,0
126.78,3,1,UPI,0,LOW,924,0
8796.16,17,0,UPI,0,HIGH,646,0
132762.68,20,0,CARD,0,LOW,105,1
694.6,1,0,WALLET,0,LOW,662,0
796.38,7,0,NETBANKING,0,MEDIUM,50,0
789.35,20,0,UPI,0,MEDIUM,886,0
446.08,17,0,NETBANKING,0,HIGH,31,0
723.33,6,0,CARD,1,LOW,192,0
1185.27,8,0,WALLET,0,LOW,759,0
807.2,2,1,NETBANKING,0,LOW,470,0
543.84,23,1,CARD,0,MEDIUM,195,0
614.23,12,0,WALLET,1,LOW,53,0
18022.06,2,1,UPI,0,LOW,298,0
13573.69,10,0,CARD,0,LOW,622,0
3558.38,18,1,WALLET,0,HIGH,220,0
680.3,11,1,NETBANKING,0,LOW,253,0
509.37,14,1,UPI,0,LOW,40,0
445.7,8,0,UPI,0,LOW,492,0
772.25,23,1,NETBANKING,0,LOW,683,0
874.92,23,0,NETBANKING,0,MEDIUM,544,0
10733.9,0,0,UPI,1,LOW,451,0
511.69,15,0,NETBANKING,0,HIGH,592,0
562.7,13,1,CARD,0,LOW,621,0
972.03,2,0,WALLET,0,MEDIUM,79,0
206.2,13,0,NETBANKING,0,LOW,440,0
27.98,19,1,WALLET,1,MEDIUM,200,0
968.03,21,0,WALLET,0,HIGH,48,0
212.74,23,1,UPI,0,MEDIUM,157,0
116.62,18,1,WALLET,0,MEDIUM,694,0
13575.69,17,0,CARD,0,LOW,461,0
310.67,17,1,NETBANKING,0,LOW,821,0
56.95,13,0,WALLET,0,LOW,53,0
995.5,8,0,NETBANKING,0,LOW,395,0
750.32,19,1,UPI,0,MEDIUM,987,0
136.51,9,0,WALLET,0,LOW,79,0
245.84,11,1,UPI,0,MEDIUM,87,0
43.28,14,1,UPI,0,MEDIUM,566,0
235.65,20,1,UPI,0,MEDIUM,531,0
603.69,22,1,WALLET,0,HIGH,186,0
870.6,0,1,NETBANKING,1,LOW,313,0
284.27,14,0,NETBANKING,0,MEDIUM,868,0
682.66,15,1,UPI,0,HIGH,470,0
744.93,9,1,UPI,0,LOW,127,0
12885.55,18,1,CARD,0,MEDIUM,751,0
10738.16,20,0,CARD,0,LOW,318,0
499.98,19,0,UPI,0,MEDIUM,262,0
276.11,1,1,NETBANKING,1,LOW,960,0
9498.66,1,0,WALLET,0,MEDIUM,302,0
526.56,0,0,NETBANKING,0,MEDIUM,315,0
906.5,18,1,NETBANKING,0,MEDIUM,101,0
5971.06,12,0,CARD,0,LOW,68,0
2834.88,15,0,CARD,0,MEDIUM,554,0
2820.94,5,1,UPI,0,MEDIUM,316,0
116.95,7,1,NETBANKING,0,MEDIUM,607,0
954.6,20,1,UPI,0,LOW,701,0
9766.62,2,1,CARD,0,HIGH,428,0
43392.35,15,0,NETBANKING,0,HIGH,125,0
463.61,1,0,CARD,0,LOW,3,0
43136.49,1,1,UPI,0,HIGH,50,0
51.53,11,0,CARD,0,MEDIUM,549,0
293.49,12,1,CARD,0,LOW,944,0
824.09,6,0,WALLET,0,HIGH,956,0
995.58,0,0,CARD,0,LOW,295,0
445.18,9,1,CARD,0,LOW,752,0
957.07,14,0,NETBANKING,0,LOW,105,0
779.62,3,0,WALLET,0,MEDIUM,764,0
270.48,15,0,NETBANKING,0,MEDIUM,652,0
181574.13,20,1,UPI,0,MEDIUM,323,0
978.01,12,0,UPI,0,LOW,790,0
396.03,17,0,UPI,0,MEDIUM,398,0
660.55,21,0,WALLET,0,HIGH,958,0
19492.56,10,0,UPI,0,MEDIUM,550,0
756.78,1,1,WALLET,0,LOW,388,0
362.71,5,0,UPI,1,MEDIUM,458,0
342.51,11,1,CARD,1,LOW,67,0
731.18,22,1,UPI,0,LOW,301,0
17042.14,15,1,CARD,0,LOW,221,0
551.98,17,1,UPI,0,MEDIUM,716,0
633.75,11,1,UPI,0,LOW,598,0
882.67,0,1,WALLET,0,LOW,141,0
987.55,6,0,NETBANKING,0,LOW,466,0
177664.16,3,1,NETBANKING,0,LOW,376,1
215.71,15,1,UPI,0,MEDIUM,66,0
17822.8,6,1,WALLET,0,LOW,167,0
422.27,5,0,UPI,0,LOW,742,0
664.88,18,0,CARD,0,LOW,877,0
786.44,6,1,CARD,0,HIGH,481,0
17395.1,20,1,WALLET,0,MEDIUM,961,0
11744.02,15,1,UPI,0,LOW,937,0
568.75,0,0,WALLET,0,LOW,52,0
384.27,7,1,WALLET,0,LOW,754,0
143.3,8,1,UPI,0,LOW,409,0
136821.69,1,1,UPI,0,LOW,517,1
734.95,14,0,NETBANKING,0,MEDIUM,808,0
521.0,18,0,NETBANKING,0,LOW,757,0
345.82,10,0,NETBANKING,0,MEDIUM,185,0
971.79,14,0,WALLET,0,LOW,97,0
682.78,15,1,UPI,0,LOW,97,0
317.61,21,1,WALLET,0,HIGH,177,0
86.29,20,1,WALLET,0,LOW,420,0
175.64,16,0,CARD,0,MEDIUM,789,0
873.26,5,1,NETBANKING,0,LOW,687,0
205.92,17,1,UPI,0,LOW,68,0
9419.07,10,1,CARD,0,MEDIUM,846,0
20.75,13,1,WALLET,0,LOW,954,0
960.48,17,1,CARD,0,LOW,634,0
645.83,0,1,CARD,0,LOW,945,0
482.17,8,1,NETBANKING,0,MEDIUM,597,0
79.76,3,1,CARD,0,LOW,285,0
11370.27,1,0,CARD,0,LOW,955,0
4552.37,20,1,NETBANKING,0,LOW,477,0
218.29,14,1,NETBANKING,0,MEDIUM,514,0
18560.82,19,0,UPI,0,LOW,87,0
593.91,14,1,WALLET,0,LOW,412,0
816.62,5,1,CARD,0,HIGH,590,0
702.69,12,1,CARD,0,HIGH,208,0
271.3,20,0,CARD,0,LOW,617,0
701.65,22,0,NETBANKING,0,LOW,32,0
10851.53,20,0,WALLET,0,MEDIUM,879,0
11904.15,14,0,NETBANKING,0,LOW,299,0
734.32,1,0,UPI,0,LOW,862,0
964.63,2,1,CARD,0,LOW,337,0
58921.97,5,1,CARD,0,HIGH,671,1
9062.25,12,1,WALLET,0,MEDIUM,949,0
423.33,16,0,UPI,0,MEDIUM,10,0
895.27,6,1,NETBANKING,0,LOW,399,0
10645.26,21,0,NETBANKING,0,LOW,522,0
408.3,14,0,CARD,0,MEDIUM,473,0
794.23,7,1,NETBANKING,0,LOW,989,0
876.82,14,0,WALLET,0,LOW,249,0
322.39,7,0,NETBANKING,0,LOW,303,0
536.81,8,0,WALLET,0,LOW,752,0
643.15,5,0,WALLET,0,MEDIUM,333,0
906.87,1,1,WALLET,0,MEDIUM,662,0
778.75,16,1,UPI,0,LOW,826,0
13637.99,5,0,NETBANKING,0,LOW,765,0
2999.1,14,1,CARD,0,MEDIUM,54,0
25888.93,11,0,WALLET,0,LOW,372,0
17938.08,14,0,UPI,0,LOW,448,0
511.96,23,0,UPI,0,LOW,703,0
5248.45,17,0,WALLET,0,LOW,118,0
501.61,8,1,WALLET,0,LOW,8,0
41.48,17,1,WALLET,0,MEDIUM,168,0
974.18,11,1,WALLET,0,MEDIUM,944,0
865.01,21,0,CARD,0,MEDIUM,727,0
412.58,21,0,WALLET,0,LOW,465,0
16966.77,9,1,UPI,0,LOW,885,0
558.54,12,0,WALLET,0,LOW,829,0
546.03,18,0,UPI,0,MEDIUM,429,0
19072.67,5,1,NETBANKING,0,LOW,726,0
88627.61,1,0,WALLET,0,MEDIUM,418,0
254.69,1,0,WALLET,0,MEDIUM,633,0
909.5,10,0,UPI,0,LOW,852,0
352.91,18,0,NETBANKING,1,MEDIUM,932,0
6724.36,2,0,CARD,0,LOW,742,0
12381.14,11,0,CARD,0,MEDIUM,446,0
627.24,3,1,CARD,0,MEDIUM,252,0
418.6,15,1,CARD,0,LOW,840,0
232.35,19,0,UPI,0,LOW,891,0
922.31,19,0,NETBANKING,0,LOW,965,0
17672.65,6,0,CARD,0,LOW,152,0
48.09,16,1,UPI,0,MEDIUM,59,0
81.03,7,0,WALLET,0,LOW,851,0
735.93,11,0,UPI,1,LOW,200,0
860.32,5,0,WALLET,0,MEDIUM,541,0
16236.56,13,1,UPI,0,LOW,761,0
253.71,9,1,WALLET,0,MEDIUM,309,0
10349.93,2,0,NETBANKING,0,LOW,377,0
99.24,2,0,CARD,0,LOW,59,0
888.63,0,0,UPI,0,LOW,380,0
291.58,22,0,WALLET,1,LOW,404,0
155.13,8,1,NETBANKING,0,LOW,369,0
602.41,1,0,UPI,0,MEDIUM,379,0
694.05,9,0,UPI,0,MEDIUM,505,0
12.15,22,0,UPI,0,HIGH,101,0
19344.0,20,0,CARD,0,LOW,577,0
590.55,22,0,UPI,0,LOW,111,0
121.12,2,1,CARD,0,LOW,853,0
134.83,17,0,CARD,0,MEDIUM,850,0
10639.25,14,0,UPI,0,MEDIUM,813,0
1903.25,19,1,WALLET,0,HIGH,113,0
1566.91,12,0,NETBANKING,0,HIGH,36,0
3336.69,6,1,WALLET,0,LOW,855,0
5946.09,4,0,UPI,1,LOW,631,0
104.91,1,1,NETBANKING,1,LOW,260,0
87.84,9,0,NETBANKING,0,MEDIUM,851,0
6628.72,22,0,WALLET,0,HIGH,867,0
740.69,15,0,NETBANKING,1,LOW,740,0
384.19,23,0,NETBANKING,0,LOW,850,0
651.62,12,1,UPI,0,MEDIUM,769,0
60748.1,23,1,UPI,0,MEDIUM,745,0
620.22,16,1,WALLET,1,HIGH,993,1
599.34,9,1,NETBANKING,0,MEDIUM,872,0
154.1,19,0,CARD,0,LOW,285,0
43.31,17,1,CARD,0,LOW,486,0
441.44,3,0,WALLET,0,LOW,156,0
195.44,7,1,WALLET,0,LOW,74,0
17863.96,1,1,WALLET,0,MEDIUM,162,0
9775.24,4,0,WALLET,1,MEDIUM,320,0
234.55,20,1,UPI,0,LOW,455,0
10442.22,11,0,CARD,0,LOW,188,0
429.42,5,1,UPI,0,LOW,115,0
750.11,13,0,CARD,0,LOW,917,0
45.11,5,0,CARD,0,MEDIUM,196,0
208.72,22,0,UPI,0,LOW,62,0
462.56,22,1,WALLET,0,LOW,175,0
10712.35,22,0,NETBANKING,0,LOW,531,0
59.41,15,1,UPI,0,LOW,980,0
968.96,18,0,WALLET,0,LOW,243,0
262.59,22,1,CARD,0,LOW,180,0
53.02,14,0,WALLET,1,LOW,644,0
342.61,16,1,CARD,0,LOW,447,0
828.96,16,0,CARD,0,HIGH,239,0
770.57,0,0,NETBANKING,0,MEDIUM,756,0
610.37,2,0,UPI,0,MEDIUM,116,0
69.86,14,1,NETBANKING,0,MEDIUM,176,0
6095.83,2,0,WALLET,0,HIGH,101,0
681.23,7,1,NETBANKING,1,MEDIUM,811,0
804.7,15,0,NETBANKING,0,LOW,176,0
12723.14,11,0,NETBANKING,0,HIGH,367,0
516.8,13,0,NETBANKING,0,MEDIUM,395,0
83.44,23,0,CARD,0,LOW,117,0
38.25,7,1,NETBANKING,0,HIGH,942,0
37.82,10,1,CARD,0,LOW,86,0
19.62,7,1,NETBANKING,0,LOW,895,0
1156.2,6,0,NETBANKING,0,LOW,897,0
983.18,11,1,NETBANKING,0,LOW,782,0
13155.92,21,1,WALLET,0,MEDIUM,107,0
26.11,10,1,NETBANKING,0,HIGH,558,0
336.57,12,0,CARD,0,MEDIUM,846,0
25.51,3,0,CARD,1,LOW,853,0
72.07,0,1,UPI,0,LOW,413,0
8529.73,10,0,NETBANKING,0,LOW,26,0
41837.25,3,1,UPI,1,HIGH,871,1
205.41,19,1,UPI,1,LOW,459,0
735.53,12,0,UPI,0,MEDIUM,779,0
109.42,6,0,CARD,0,LOW,779,0
711.58,11,1,CARD,0,MEDIUM,3,0
695.95,17,1,NETBANKING,0,LOW,520,0
750.43,11,0,UPI,0,LOW,939,0
88.62,19,0,WALLET,0,LOW,158,0
481.9,19,0,CARD,0,LOW,10,0
443.12,13,0,NETBANKING,0,LOW,605,0
576.19,7,0,UPI,1,LOW,827,0
9961.8,14,0,CARD,0,HIGH,109,0
18821.55,14,1,NETBANKING,0,LOW,764,0
15604.91,8,1,WALLET,0,MEDIUM,719,0
693.22,22,1,WALLET,0,MEDIUM,868,0
534.76,18,1,WALLET,0,MEDIUM,462,0
293.59,14,1,WALLET,0,LOW,572,0
600.77,21,0,UPI,0,MEDIUM,874,0
631.67,6,1,NETBANKING,0,LOW,504,0
777.66,7,0,CARD,0,MEDIUM,289,0
401.93,14,0,WALLET,0,LOW,920,0
46.46,20,1,CARD,0,LOW,483,0
5371.09,14,1,UPI,0,HIGH,491,0
278.15,17,1,WALLET,0,LOW,404,0
215.05,8,1,UPI,0,LOW,536,0
693.39,12,1,UPI,0,LOW,115,0
4465.74,9,0,WALLET,0,LOW,638,0
643.77,2,0,UPI,0,HIGH,612,0
563.88,1,0,CARD,0,MEDIUM,216,0
6489.7,17,1,CARD,0,LOW,554,0
3904.79,16,0,NETBANKING,0,MEDIUM,300,0
193668.3,11,0,CARD,0,MEDIUM,545,1
809.25,14,0,UPI,0,HIGH,280,0
78.05,20,1,NETBANKING,0,LOW,136,0
411.2,22,0,WALLET,0,LOW,392,0
528.16,9,0,WALLET,0,LOW,559,0
16919.63,5,0,WALLET,0,LOW,767,0
3407.87,1,1,WALLET,0,MEDIUM,790,0
206.45,1,1,CARD,0,LOW,416,0
8745.89,1,1,UPI,0,LOW,385,0
935.33,3,1,UPI,0,MEDIUM,859,0
452.74,2,0,CARD,0,LOW,125,0
553.66,13,1,NETBANKING,0,MEDIUM,331,0
4438.72,21,0,UPI,0,HIGH,880,0
859.74,10,1,CARD,1,LOW,948,0
427.34,5,0,NETBANKING,0,LOW,138,0
611.38,9,0,WALLET,0,LOW,831,0
164.32,15,0,WALLET,0,LOW,929,0
351.35,0,0,NETBANKING,0,LOW,51,0
4286.65,5,1,CARD,0,LOW,800,0
85.25,9,1,NETBANKING,1,HIGH,851,1
111135.48,14,1,WALLET,0,MEDIUM,509,0
448.57,15,0,WALLET,0,HIGH,599,0
165.38,9,0,CARD,0,MEDIUM,35,0
395.25,15,0,CARD,0,MEDIUM,208,0
819.93,15,0,WALLET,0,MEDIUM,669,0
10138.94,7,1,UPI,0,LOW,765,0
8222.4,14,1,CARD,0,LOW,274,0
311.74,6,1,NETBANKING,0,MEDIUM,719,0
597.23,12,1,WALLET,0,LOW,191,0
9484.05,13,0,CARD,0,MEDIUM,777,0
547.49,15,1,UPI,0,LOW,61,0
18076.88,3,1,CARD,0,LOW,953,0
18758.88,4,0,UPI,0,HIGH,615,0
925.08,7,1,NETBANKING,0,MEDIUM,271,0
2444.9,17,1,CARD,0,MEDIUM,631,0
153.18,7,1,CARD,0,MEDIUM,869,0
264.52,5,1,CARD,0,LOW,784,0
490.57,23,0,NETBANKING,0,MEDIUM,942,0
602.34,23,0,UPI,0,LOW,172,0
726.16,15,1,CARD,0,LOW,456,0
651.64,1,1,UPI,0,MEDIUM,175,0
404.1,10,1,WALLET,0,LOW,476,0
312.18,11,0,CARD,0,LOW,630,0
10826.69,1,0,WALLET,0,HIGH,622,0
7206.42,0,1,UPI,0,LOW,548,0
80.53,0,1,UPI,0,LOW,893,0
183888.61,3,1,WALLET,0,LOW,323,1
12250.66,7,0,UPI,0,MEDIUM,682,0
937.79,23,0,WALLET,0,MEDIUM,721,0
138.28,16,1,UPI,0,MEDIUM,220,0
943.91,20,0,NETBANKING,0,MEDIUM,619,0
14460.61,23,1,UPI,1,LOW,341,0
864.77,11,1,WALLET,0,LOW,511,0
11694.18,23,1,UPI,0,MEDIUM,450,0
10391.43,7,1,UPI,0,LOW,535,0
84.18,14,0,WALLET,0,LOW,375,0
1803.64,19,0,NETBANKING,0,LOW,509,0
801.18,7,0,CARD,0,MEDIUM,756,0
230.33,3,0,CARD,0,LOW,870,0
30008.71,13,0,UPI,0,LOW,895,0
3967.8,8,1,CARD,0,LOW,165,0
699.72,11,1,UPI,0,MEDIUM,204,0
42.04,17,0,UPI,0,LOW,8,0
54.43,15,1,UPI,0,MEDIUM,901,0
15019.65,7,1,UPI,0,LOW,103,0
805.27,19,1,NETBANKING,0,LOW,857,0
691.3,1,0,UPI,0,MEDIUM,380,0
542.47,15,1,WALLET,0,LOW,612,0
18623.43,0,0,WALLET,0,MEDIUM,898,0
400.48,14,1,CARD,0,MEDIUM,171,0
817.6,23,0,CARD,0,LOW,7,0
820.82,5,0,NETBANKING,1,MEDIUM,214,0
93.51,20,1,UPI,0,HIGH,803,0
848.7,8,0,NETBANKING,0,LOW,761,0
754.63,18,1,UPI,0,LOW,235,0
706.62,18,1,NETBANKING,0,LOW,770,0
527.26,19,1,CARD,0,LOW,210,0
1035.05,13,0,UPI,0,LOW,566,0
536.58,3,1,WALLET,0,HIGH,582,0
677.25,10,1,NETBANKING,1,MEDIUM,320,0
711.55,10,1,WALLET,0,LOW,257,0
358.94,12,0,WALLET,0,LOW,425,0
643.32,18,1,UPI,0,LOW,708,0
794.58,23,1,UPI,0,LOW,295,0
166.76,23,1,NETBANKING,0,LOW,196,0
10087.37,6,1,NETBANKING,0,LOW,830,0
168.02,18,0,NETBANKING,0,LOW,918,0
12216.58,15,0,UPI,0,MEDIUM,699,0
9589.47,4,1,WALLET,0,MEDIUM,139,0
855.38,20,1,WALLET,0,LOW,58,0
96038.01,17,1,UPI,0,MEDIUM,602,0
30.29,22,1,WALLET,0,LOW,944,0
540.63,20,1,UPI,0,LOW,555,0
542.96,4,1,WALLET,0,LOW,815,0
11113.8,21,0,NETBANKING,0,LOW,619,0
186027.64,1,1,UPI,1,MEDIUM,453,1
14198.17,14,0,NETBANKING,0,LOW,262,0
46.34,4,1,UPI,0,LOW,486,0
615.04,10,0,CARD,0,MEDIUM,295,0
807.6,18,0,UPI,1,LOW,100,0
9779.41,12,1,CARD,0,LOW,375,0
731.08,23,1,WALLET,0,MEDIUM,228,0
119.25,23,0,WALLET,0,LOW,30,0
694.02,3,1,NETBANKING,0,MEDIUM,908,0
171.72,18,1,UPI,0,LOW,542,0
837.02,5,1,WALLET,0,LOW,764,0
142.23,4,1,NETBANKING,0,LOW,483,0
765.29,8,0,UPI,0,LOW,639,0
834.46,19,1,CARD,1,MEDIUM,722,0
465.25,22,0,NETBANKING,0,HIGH,367,0
10121.37,18,1,WALLET,0,LOW,94,0
60.05,11,0,NETBANKING,0,LOW,407,0
7508.09,7,1,UPI,0,LOW,38,0
715.46,1,1,NETBANKING,0,LOW,509,0
101271.35,23,1,UPI,0,MEDIUM,116,0
748.79,17,1,WALLET,0,HIGH,250,0
582.26,5,1,CARD,0,LOW,931,0
11001.75,8,1,UPI,0,MEDIUM,252,0
18715.62,8,0,WALLET,0,LOW,770,0
149527.76,9,1,CARD,0,LOW,901,0
849.35,7,0,WALLET,0,LOW,94,0
777.94,12,1,WALLET,0,LOW,440,0
105163.79,17,1,UPI,0,MEDIUM,955,0
178.3,10,0,WALLET,0,LOW,935,0
736.83,14,1,WALLET,0,MEDIUM,121,0
17404.87,23,0,CARD,0,MEDIUM,178,0
158634.86,20,1,UPI,0,LOW,674,0
230.97,17,1,UPI,0,LOW,172,0
474.84,10,0,CARD,0,LOW,83,0
58.87,1,0,CARD,0,HIGH,26,1
202.06,5,0,WALLET,0,MEDIUM,841,0
500.85,0,0,NETBANKING,0,HIGH,178,0
928.34,11,1,NETBANKING,0,MEDIUM,281,0
4299.94,3,1,WALLET,0,LOW,9,0
13536.11,5,0,UPI,0,LOW,371,0
838.85,17,0,CARD,0,HIGH,399,0
19034.15,22,1,CARD,0,LOW,551,0
55.03,2,0,WALLET,0,HIGH,750,0
130.88,5,0,WALLET,0,LOW,816,0
76.66,16,0,UPI,0,MEDIUM,485,0
18262.3,20,1,CARD,1,LOW,874,0
6593.24,15,1,WALLET,0,MEDIUM,566,0
154.55,1,0,WALLET,0,LOW,796,0
949.41,21,0,WALLET,0,MEDIUM,39,0
11510.99,19,1,NETBANKING,0,LOW,634,0
129.82,22,0,CARD,0,LOW,512,0
36138.59,21,0,WALLET,0,MEDIUM,42,0
9301.05,18,0,UPI,0,LOW,367,0
567.25,14,0,UPI,0,LOW,842,0
363.74,15,1,CARD,0,MEDIUM,175,0
732.69,23,0,UPI,0,LOW,262,0
922.23,11,1,WALLET,0,HIGH,299,0
741.95,0,1,WALLET,0,MEDIUM,644,0
302.11,8,0,CARD,0,LOW,817,0
86187.56,6,1,WALLET,0,LOW,95,0
994.32,1,0,UPI,1,LOW,739,0
548.21,11,0,UPI,0,MEDIUM,364,0
883.47,9,0,NETBANKING,0,LOW,706,0
67992.11,6,0,NETBANKING,0,LOW,855,0
304.15,23,1,CARD,0,LOW,275,0
12017.22,3,1,WALLET,1,MEDIUM,439,0
881.93,7,0,WALLET,0,LOW,302,0
121.57,19,0,WALLET,0,LOW,863,0
963.45,15,0,CARD,0,LOW,905,0
122046.87,0,0,WALLET,0,MEDIUM,45,1
968.01,7,0,CARD,0,LOW,751,0
495.17,12,0,NETBANKING,0,MEDIUM,836,0
764.49,3,1,NETBANKING,0,LOW,466,0
871.43,22,0,NETBANKING,0,LOW,93,0
651.18,20,1,NETBANKING,0,LOW,47,0
67.82,4,0,NETBANKING,0,LOW,893,0
46.2,10,0,NETBANKING,0,LOW,812,0
283.05,4,1,CARD,0,MEDIUM,774,0
29.45,13,0,NETBANKING,0,LOW,108,0
221.38,11,1,CARD,1,HIGH,632,0
12502.75,11,1,NETBANKING,0,LOW,616,0
11241.6,11,0,UPI,0,HIGH,321,0
675.36,8,0,NETBANKING,1,LOW,501,0
243.28,23,0,CARD,0,LOW,918,0
569.54,7,1,CARD,0,HIGH,513,0
213.39,5,1,UPI,0,LOW,395,0
613.5,0,0,WALLET,0,MEDIUM,377,0
6184.19,17,1,CARD,0,LOW,775,0
150684.16,10,1,NETBANKING,0,LOW,936,0
181.38,5,1,UPI,0,MEDIUM,679,0
286.98,4,1,CARD,0,MEDIUM,256,0
398.39,13,0,CARD,0,MEDIUM,165,0
670.98,0,1,NETBANKING,0,MEDIUM,679,0
12280.82,0,1,UPI,0,LOW,796,0
313.85,20,1,CARD,0,MEDIUM,378,0
981.41,11,0,WALLET,0,LOW,1,0
4344.09,22,1,WALLET,1,MEDIUM,915,0
975.31,19,0,WALLET,0,LOW,169,0
783.88,20,0,CARD,0,LOW,813,0
659.35,18,1,WALLET,0,LOW,738,0
489.64,3,0,NETBANKING,0,LOW,199,0
737.87,14,1,CARD,0,LOW,955,0
6025.21,5,0,UPI,0,LOW,746,0
5667.5,17,0,CARD,0,LOW,147,0
948.43,22,1,UPI,0,MEDIUM,203,0
6270.14,18,1,NETBANKING,0,LOW,747,0
299.76,3,1,CARD,1,LOW,841,0
449.37,20,1,NETBANKING,0,MEDIUM,102,0
83693.6,4,1,WALLET,0,LOW,625,0
378.99,2,1,NETBANKING,0,LOW,634,0
104866.01,13,1,UPI,0,LOW,456,0
310.87,19,0,WALLET,0,HIGH,792,0
215.28,3,0,UPI,0,MEDIUM,999,0
12779.83,15,1,NETBANKING,0,MEDIUM,673,0
123.78,7,1,CARD,0,LOW,326,0
13007.43,8,0,NETBANKING,1,LOW,104,0
876.15,5,1,NETBANKING,0,MEDIUM,570,0
334.81,6,0,NETBANKING,0,LOW,218,0
15456.03,22,0,NETBANKING,0,HIGH,789,0
934.61,0,0,CARD,0,LOW,857,0
301.65,4,1,UPI,0,HIGH,921,0
680.63,8,0,NETBANKING,0,LOW,872,0
339.77,5,0,WALLET,0,LOW,294,0
902.12,7,0,WALLET,0,LOW,275,0
622.48,0,1,NETBANKING,0,MEDIUM,667,0
31135.99,15,1,NETBANKING,0,LOW,505,0
1123.74,9,1,NETBANKING,0,LOW,926,0
260.06,16,1,CARD,0,MEDIUM,679,0
60131.78,6,1,NETBANKING,1,MEDIUM,709,0
697.91,17,0,NETBANKING,0,MEDIUM,409,0
615.05,3,0,WALLET,0,LOW,874,0
639.54,3,0,WALLET,0,LOW,42,0
636.75,17,1,WALLET,0,LOW,465,0
3479.22,23,0,UPI,0,HIGH,671,0
3410.54,3,0,WALLET,0,LOW,109,0
837.4,9,0,CARD,0,LOW,722,0
829.21,0,0,UPI,1,LOW,415,0
42.14,14,0,WALLET,1,MEDIUM,631,0
161.91,22,1,WALLET,0,LOW,434,0
823.88,7,0,NETBANKING,0,MEDIUM,231,0
113.76,19,0,NETBANKING,0,MEDIUM,568,0
16778.76,0,1,WALLET,0,LOW,982,0
428.79,3,1,WALLET,0,LOW,116,0
15353.72,21,0,WALLET,0,LOW,880,0
831.04,4,0,NETBANKING,0,LOW,145,0
115480.45,0,1,CARD,0,MEDIUM,946,1
113.31,18,1,NETBANKING,0,LOW,251,0
16.7,12,1,WALLET,0,LOW,627,0
41.25,4,0,WALLET,1,MEDIUM,746,0
19845.71,16,0,NETBANKING,0,MEDIUM,287,0
1386.95,14,0,NETBANKING,0,MEDIUM,468,0
867.23,19,1,UPI,0,LOW,275,0
9271.55,22,1,CARD,0,MEDIUM,294,0
3226.18,9,1,UPI,0,LOW,854,0
16126.4,15,0,CARD,0,LOW,241,0
957.01,20,0,CARD,0,LOW,945,0
193043.38,17,1,UPI,1,LOW,850,1
10457.26,3,1,NETBANKING,0,LOW,962,0
376.08,20,1,WALLET,0,LOW,3,0
17767.3,15,1,CARD,0,LOW,77,0
6395.65,21,1,NETBANKING,0,MEDIUM,444,0
981.76,20,0,CARD,0,LOW,583,0
487.18,1,0,WALLET,0,LOW,52,0
188.51,0,0,NETBANKING,0,LOW,421,0
476.29,16,1,CARD,0,MEDIUM,419,0
18542.28,22,1,CARD,0,MEDIUM,100,0
428.02,16,0,NETBANKING,0,LOW,657,0
362.73,10,1,NETBANKING,0,MEDIUM,542,0
234.61,23,0,CARD,0,MEDIUM,967,0
140.56,12,1,NETBANKING,0,MEDIUM,903,0
11657.86,15,1,NETBANKING,0,HIGH,340,0
81.03,17,0,CARD,0,HIGH,1000,0
364.34,19,1,UPI,1,LOW,744,0
24664.4,5,1,WALLET,0,LOW,794,0
153.38,2,0,CARD,1,MEDIUM,47,0
544.47,23,0,NETBANKING,1,LOW,336,0
327.24,23,1,CARD,0,MEDIUM,699,0
7483.45,3,0,NETBANKING,1,LOW,286,0
15787.42,7,1,WALLET,0,HIGH,561,0
40.26,11,1,WALLET,0,MEDIUM,601,0
3071.57,11,0,CARD,0,LOW,389,0
4199.6,20,0,UPI,0,HIGH,309,0
602.84,10,0,UPI,0,MEDIUM,542,0
141.97,2,1,CARD,0,LOW,249,0
360.02,6,0,CARD,0,LOW,557,0
17447.5,19,1,WALLET,0,LOW,62,0
585.13,16,1,NETBANKING,0,LOW,531,0
19587.57,23,1,WALLET,0,LOW,506,0
190923.87,17,1,UPI,0,MEDIUM,792,0
523.08,2,0,UPI,0,LOW,521,0
613.33,21,1,CARD,0,MEDIUM,273,0
10687.47,8,1,UPI,0,LOW,202,0
737.57,7,1,NETBANKING,0,LOW,660,0
3513.81,23,1,NETBANKING,0,MEDIUM,974,0
52936.71,5,1,WALLET,0,LOW,999,0
843.53,4,1,UPI,1,MEDIUM,553,0
843.23,12,0,UPI,0,LOW,482,0
815.57,4,0,WALLET,0,MEDIUM,716,0
118884.37,9,0,NETBANKING,0,LOW,803,0
7333.88,18,0,NETBANKING,0,MEDIUM,679,0
515.55,13,0,WALLET,0,LOW,260,0
278.2,20,0,CARD,0,MEDIUM,828,0
740.38,23,0,CARD,0,HIGH,259,0
491.65,19,1,NETBANKING,0,LOW,213,0
724.19,18,1,CARD,0,MEDIUM,794,0
6338.85,14,1,WALLET,0,MEDIUM,363,0
401.07,17,1,WALLET,0,HIGH,363,0
427.82,11,1,CARD,0,HIGH,342,0
352.04,3,1,CARD,0,MEDIUM,990,0
177.7,9,1,UPI,1,LOW,410,0
194.24,22,0,WALLET,0,LOW,629,0
385.07,1,0,WALLET,0,MEDIUM,848,0
432.47,21,1,CARD,0,LOW,241,0
557.99,18,0,CARD,0,MEDIUM,3,0
776.84,14,0,UPI,0,LOW,816,0
517.76,17,0,NETBANKING,0,LOW,747,0
16653.52,19,1,CARD,0,LOW,417,0
46.54,18,0,CARD,0,MEDIUM,94,0
10.71,20,1,CARD,0,MEDIUM,373,0
35.84,6,1,UPI,1,HIGH,688,1
421.39,17,0,CARD,0,HIGH,118,0
801.56,9,1,NETBANKING,0,LOW,411,0
78.08,11,0,WALLET,0,LOW,845,0
535.33,23,0,WALLET,0,LOW,771,0
708.86,5,0,UPI,0,MEDIUM,460,0
406.54,16,1,NETBANKING,1,LOW,766,0
60.98,23,1,WALLET,0,LOW,875,0
574.68,20,0,CARD,0,LOW,975,0
537.71,23,0,CARD,0,LOW,40,0
129.1,23,0,WALLET,0,LOW,275,0
971.71,7,0,NETBANKING,0,LOW,660,0
136.65,22,0,CARD,0,LOW,651,0
725.65,0,1,NETBANKING,0,LOW,122,0
11399.27,1,0,NETBANKING,0,HIGH,853,0
926.38,5,1,WALLET,1,LOW,586,1
28515.77,21,1,NETBANKING,0,LOW,450,0
844.17,5,1,UPI,0,LOW,998,0
18101.45,3,0,UPI,0,LOW,55,0
686.64,11,0,NETBANKING,0,LOW,210,0
671.85,13,1,CARD,0,MEDIUM,936,0
241.12,14,0,CARD,0,LOW,927,0
268.54,17,1,UPI,0,LOW,288,0
3491.87,23,0,NETBANKING,0,LOW,845,0
588.17,14,0,CARD,0,LOW,359,0
745.29,10,1,NETBANKING,0,HIGH,215,0
764.27,18,1,CARD,0,LOW,933,0
971.43,0,1,WALLET,0,LOW,896,0
17550.67,16,0,UPI,0,LOW,552,0
642.65,1,0,NETBANKING,0,LOW,126,0
16957.09,8,0,UPI,1,LOW,785,0
9108.63,21,0,WALLET,0,LOW,622,0
766.19,2,0,UPI,0,LOW,108,0
149.39,9,1,CARD,0,MEDIUM,296,0
717.24,16,1,CARD,0,MEDIUM,382,0
4785.35,20,1,WALLET,0,LOW,576,0
292.24,4,0,WALLET,0,LOW,494,0
719.33,6,1,UPI,0,MEDIUM,574,0
937.49,8,0,NETBANKING,0,MEDIUM,111,0
16040.87,13,1,CARD,0,LOW,80,0
638.59,20,0,WALLET,0,HIGH,57,0
236.86,8,1,NETBANKING,0,MEDIUM,48,0
526.52,10,1,NETBANKING,0,LOW,787,0
821.84,6,1,NETBANKING,0,LOW,447,0
10731.91,20,0,UPI,0,LOW,559,0
48190.57,19,0,UPI,0,MEDIUM,8,0
844.14,16,0,WALLET,1,HIGH,37,1
174280.01,20,0,CARD,0,LOW,21,1
189.11,14,1,NETBANKING,0,LOW,989,0
253.21,18,0,UPI,0,LOW,39,0
379.75,17,1,WALLET,0,LOW,95,0
800.74,17,0,NETBANKING,0,LOW,171,0
351.98,2,0,NETBANKING,0,HIGH,679,0
85.73,14,1,UPI,0,LOW,434,0
80.52,8,1,UPI,0,LOW,399,0
207.48,1,1,NETBANKING,0,HIGH,557,0
13503.36,23,1,UPI,0,LOW,945,0
526.36,16,0,CARD,0,LOW,868,0
268.38,4,0,CARD,0,MEDIUM,174,0
441.61,23,1,NETBANKING,0,LOW,549,0
13685.25,13,1,WALLET,0,LOW,703,0
205.39,3,0,WALLET,0,MEDIUM,538,0
305.56,13,1,CARD,0,LOW,377,0
151.57,20,0,CARD,1,HIGH,70,1
386.51,5,1,WALLET,0,LOW,519,0
16376.7,2,1,CARD,1,MEDIUM,716,0
178.79,12,1,CARD,1,LOW,278,0
371.93,19,0,WALLET,0,MEDIUM,585,0
511.78,23,1,CARD,0,LOW,636,0
899.93,9,1,UPI,0,MEDIUM,544,0
687.89,12,0,CARD,0,LOW,790,0
157.67,23,1,WALLET,0,MEDIUM,719,0
853.15,15,1,UPI,0,LOW,715,0
885.58,7,0,NETBANKING,0,LOW,268,0
800.53,14,1,NETBANKING,0,LOW,530,0
51.51,3,0,UPI,0,MEDIUM,968,0
276.39,9,1,NETBANKING,0,LOW,14,0
686.08,3,1,NETBANKING,0,LOW,2,0
999.27,3,1,NETBANKING,0,MEDIUM,809,0
352.46,16,1,CARD,0,MEDIUM,53,0
957.31,8,1,UPI,0,LOW,582,0
17038.32,13,1,UPI,0,MEDIUM,274,0
231.86,7,1,WALLET,1,LOW,168,0
223.31,8,1,UPI,0,LOW,370,0
193125.96,17,0,CARD,1,LOW,309,1
489.63,13,1,UPI,0,LOW,928,0
167040.42,19,0,NETBANKING,1,LOW,381,1
546.39,19,0,UPI,0,HIGH,29,0
362.6,3,0,WALLET,1,LOW,985,0
2844.92,7,1,UPI,0,MEDIUM,43,0
512.03,6,0,NETBANKING,0,LOW,991,0
673.4,21,1,NETBANKING,0,MEDIUM,996,0
756.22,22,0,CARD,0,LOW,758,0
752.93,11,1,WALLET,0,LOW,74,0
391.79,6,0,CARD,0,LOW,456,0
84275.7,2,1,UPI,0,HIGH,581,1
921.22,11,0,WALLET,0,LOW,958,0
986.01,14,0,NETBANKING,0,LOW,983,0
19590.92,13,0,NETBANKING,0,HIGH,110,0
605.37,0,1,CARD,0,LOW,595,0
294.54,12,0,WALLET,0,MEDIUM,347,0
58.67,0,1,WALLET,0,LOW,493,0
940.97,5,0,NETBANKING,0,MEDIUM,934,0
9168.03,17,0,NETBANKING,0,LOW,744,0
637.28,2,1,UPI,0,LOW,773,0
866.22,12,0,NETBANKING,0,MEDIUM,806,0
229.44,23,0,NETBANKING,0,LOW,337,0
638.07,11,1,NETBANKING,1,MEDIUM,610,0
884.75,4,1,WALLET,0,LOW,755,0
225.63,1,0,UPI,0,LOW,813,0
599.91,15,1,NETBANKING,0,LOW,103,0
10301.14,12,1,NETBANKING,0,LOW,195,0
173.84,20,0,WALLET,1,LOW,612,0
8944.87,11,1,NETBANKING,0,LOW,684,0
3399.5,9,0,WALLET,0,MEDIUM,279,0
996.68,2,1,UPI,0,MEDIUM,308,0
14387.25,20,0,UPI,0,LOW,434,0
718.85,21,1,NETBANKING,1,MEDIUM,165,0
83869.34,13,0,WALLET,0,LOW,569,0
730.65,19,1,NETBANKING,0,LOW,397,0
319.23,2,1,NETBANKING,0,HIGH,823,0
1223.26,6,1,CARD,0,MEDIUM,803,0
863.28,18,1,WALLET,0,LOW,247,0
124861.42,23,1,CARD,0,MEDIUM,617,0
846.79,5,1,CARD,0,LOW,784,0
84.48,1,1,NETBANKING,0,LOW,847,0
863.49,13,0,CARD,0,LOW,545,0
976.02,3,0,NETBANKING,0,MEDIUM,724,0
19707.37,16,1,UPI,0,LOW,609,0
16962.43,0,1,UPI,0,MEDIUM,516,0
781.42,15,0,NETBANKING,1,HIGH,704,1
15848.49,16,0,NETBANKING,0,HIGH,613,0
762.31,23,0,UPI,0,LOW,914,0
520.22,21,0,UPI,0,LOW,192,0
256.54,3,1,NETBANKING,0,LOW,118,0
7198.09,18,0,UPI,0,LOW,990,0
680.37,5,0,CARD,0,LOW,437,0
546.08,1,1,UPI,0,LOW,8,0
597.87,6,1,UPI,0,LOW,406,0
12865.21,12,0,NETBANKING,0,LOW,511,0
225.9,16,0,CARD,0,LOW,766,0
6675.43,6,0,CARD,0,LOW,993,0
10895.91,2,0,NETBANKING,0,MEDIUM,727,0
480.4,17,1,NETBANKING,0,MEDIUM,213,0
638.04,15,1,NETBANKING,0,LOW,857,0
3790.31,0,0,CARD,0,MEDIUM,578,0
250.54,2,1,CARD,0,MEDIUM,150,0
419.57,10,0,NETBANKING,0,LOW,130,0
370.85,5,1,WALLET,0,MEDIUM,598,0
673.68,8,0,UPI,0,LOW,989,0
635.19,11,0,CARD,0,LOW,199,0
349.36,12,1,WALLET,0,MEDIUM,116,0
782.51,4,0,WALLET,0,MEDIUM,252,0
18792.62,15,1,WALLET,0,LOW,307,0
21402.42,18,0,NETBANKING,0,LOW,491,0
1979.45,22,0,WALLET,0,MEDIUM,243,0
142.13,8,0,CARD,1,LOW,299,0
875.77,17,1,WALLET,0,HIGH,362,0
960.01,17,0,WALLET,0,MEDIUM,986,0
940.88,20,0,UPI,0,LOW,994,0
9126.86,23,0,CARD,0,LOW,882,0
987.65,17,0,CARD,0,MEDIUM,136,0
12236.58,4,0,NETBANKING,0,LOW,213,0
689.21,22,1,UPI,0,HIGH,377,0
740.07,7,1,NETBANKING,0,LOW,177,0
920.52,16,1,CARD,0,LOW,359,0
640.34,21,0,WALLET,0,LOW,743,0
682.6,12,0,NETBANKING,0,MEDIUM,234,0
302.23,19,0,WALLET,0,MEDIUM,447,0
4321.47,11,0,NETBANKING,0,LOW,389,0
79.1,7,1,WALLET,0,LOW,552,0
973.94,23,0,WALLET,1,MEDIUM,226,0
860.66,22,1,NETBANKING,0,LOW,954,0
106963.58,4,0,CARD,0,LOW,918,1
7423.08,8,0,CARD,0,HIGH,318,0
349.46,0,1,NETBANKING,0,LOW,117,0
526.76,8,0,NETBANKING,0,LOW,256,0
597.97,19,0,WALLET,0,MEDIUM,529,0
198455.95,3,1,WALLET,0,MEDIUM,538,1
860.51,1,0,NETBANKING,0,LOW,153,0
848.58,2,1,NETBANKING,0,HIGH,78,0
424.41,4,1,UPI,0,MEDIUM,316,0
440.33,13,1,WALLET,0,LOW,967,0
6920.66,6,0,CARD,0,MEDIUM,197,0
591.75,20,0,NETBANKING,0,LOW,772,0
31.85,22,0,WALLET,0,HIGH,282,0
13357.3,11,0,NETBANKING,0,MEDIUM,111,0
96509.32,16,0,WALLET,0,LOW,405,0
695.36,2,0,WALLET,0,LOW,18,0
6251.29,13,1,NETBANKING,0,LOW,796,0
886.8,9,1,CARD,0,HIGH,139,0
323.34,0,0,UPI,0,MEDIUM,523,0
239.6,5,1,WALLET,0,HIGH,178,0
29.85,23,0,NETBANKING,0,LOW,639,0
263.88,19,0,WALLET,0,LOW,29,0
11553.46,19,0,UPI,0,MEDIUM,140,0
638.65,20,1,CARD,0,LOW,445,0
18237.1,0,0,WALLET,0,LOW,951,0
76296.08,13,0,CARD,0,MEDIUM,910,0
757.9,17,0,WALLET,0,MEDIUM,646,0
536.6,15,1,WALLET,0,HIGH,413,0
740.96,14,0,CARD,0,MEDIUM,45,0
249.45,13,1,CARD,0,LOW,791,0
219.8,23,1,CARD,0,LOW,525,0
153173.69,10,1,UPI,1,MEDIUM,983,1
196.35,15,1,CARD,0,LOW,239,0
217.5,17,1,UPI,0,HIGH,554,0
15491.3,3,0,WALLET,0,LOW,554,0
664.43,2,1,CARD,0,LOW,192,0
279.24,6,0,WALLET,0,HIGH,46,0
584.41,0,0,NETBANKING,0,LOW,312,0
650.37,15,0,UPI,0,MEDIUM,265,0
190.38,2,1,WALLET,0,LOW,260,0
9747.16,5,0,NETBANKING,0,LOW,178,0
812.58,2,0,WALLET,0,HIGH,964,0
10220.95,19,0,UPI,0,HIGH,177,0
751.53,1,1,CARD,0,MEDIUM,668,0
816.39,15,0,CARD,0,LOW,576,0
329.25,15,1,WALLET,0,LOW,293,0
40.04,1,1,CARD,0,LOW,763,0
14974.61,3,0,UPI,0,LOW,927,0
2633.82,20,1,WALLET,0,LOW,664,0
150.18,10,0,WALLET,0,LOW,616,0
232.88,21,0,UPI,0,HIGH,23,0
574.69,4,0,WALLET,0,HIGH,976,0
901.81,4,0,WALLET,0,HIGH,420,0
97.52,14,1,UPI,0,LOW,631,0
15035.03,16,1,CARD,1,LOW,382,0
287.04,1,1,UPI,0,LOW,673,0
5890.1,6,0,WALLET,0,LOW,181,0
792.92,3,0,CARD,0,LOW,292,0
147.76,3,0,WALLET,0,LOW,612,0
937.38,17,1,CARD,0,LOW,620,0
448.86,6,0,CARD,0,MEDIUM,409,0
409.83,22,0,WALLET,1,LOW,408,0
2668.3,13,0,WALLET,0,LOW,532,0
21.46,3,0,WALLET,0,LOW,803,0
138.71,12,0,NETBANKING,0,LOW,189,0
328.93,17,0,NETBANKING,0,MEDIUM,499,0
973.17,13,1,WALLET,0,MEDIUM,653,0
357.89,19,0,WALLET,0,MEDIUM,479,0
614.06,15,1,UPI,0,MEDIUM,818,0
178208.87,8,1,UPI,0,LOW,904,0
41.6,4,1,WALLET,0,LOW,638,0
521.66,5,1,NETBANKING,0,MEDIUM,306,0
344.3,19,0,WALLET,0,LOW,904,0
16022.65,4,1,NETBANKING,0,LOW,829,0
784.31,6,1,NETBANKING,0,LOW,435,0
17018.1,17,1,UPI,0,MEDIUM,109,0
92306.83,9,0,CARD,0,LOW,438,0
200.56,4,0,CARD,0,HIGH,668,0
399.78,11,0,NETBANKING,0,MEDIUM,803,0
423.18,8,1,NETBANKING,0,HIGH,459,0
862.33,16,0,UPI,0,MEDIUM,680,0
851.9,4,0,CARD,1,LOW,50,1
874.14,21,0,UPI,1,LOW,218,0
32.12,8,1,WALLET,0,LOW,310,0
477.14,6,0,NETBANKING,1,LOW,483,0
752.29,18,0,CARD,0,LOW,873,0
467.35,1,0,WALLET,0,LOW,341,0
910.68,7,1,UPI,0,MEDIUM,482,0
36547.21,8,0,WALLET,0,LOW,148,0
982.11,6,1,WALLET,0,LOW,850,0
370.15,3,1,WALLET,0,LOW,831,0
19863.41,14,0,WALLET,0,HIGH,607,0
7260.66,21,1,CARD,0,LOW,879,0
727.03,12,0,NETBANKING,0,LOW,844,0
264.14,18,1,NETBANKING,0,LOW,477,0
806.7,10,0,CARD,0,MEDIUM,709,0
906.72,15,1,WALLET,0,LOW,320,0
12.13,12,1,WALLET,0,MEDIUM,749,0
764.1,22,1,WALLET,1,LOW,934,0
17227.06,4,0,UPI,1,MEDIUM,730,0
306.16,4,0,UPI,1,LOW,771,0
140.74,20,1,UPI,0,HIGH,874,0
540.13,10,0,WALLET,0,HIGH,649,0
858.41,2,1,CARD,0,LOW,134,0
470.06,10,0,CARD,0,LOW,733,0
680.09,11,0,NETBANKING,0,MEDIUM,92,0
17689.19,16,0,WALLET,0,LOW,483,0
19.1,7,1,UPI,0,LOW,795,0
564.07,3,1,NETBANKING,0,LOW,89,0
347.05,8,0,CARD,0,MEDIUM,771,0
697.83,0,1,UPI,0,LOW,28,0
346.8,16,0,WALLET,0,LOW,279,0
193.12,9,1,WALLET,0,LOW,153,0
503.66,5,1,UPI,0,LOW,15,0
288.42,17,0,WALLET,1,MEDIUM,608,0
141924.48,21,1,WALLET,0,LOW,597,0
121.55,4,1,CARD,0,LOW,320,0
19727.3,15,1,CARD,0,LOW,577,0
16483.21,4,0,UPI,0,LOW,620,0
668.85,16,1,NETBANKING,0,MEDIUM,910,0
24.4,23,1,CARD,0,LOW,41,0
315.69,7,1,WALLET,0,MEDIUM,449,0
17522.43,22,0,WALLET,0,MEDIUM,45,0
161085.86,15,1,UPI,0,LOW,2,1
969.48,7,1,NETBANKING,0,HIGH,689,0
10782.56,13,0,UPI,0,LOW,986,0
240.45,20,0,WALLET,0,LOW,766,0
967.21,12,1,CARD,0,HIGH,992,0
728.46,6,0,WALLET,1,MEDIUM,351,0
36.57,6,0,WALLET,0,LOW,676,0
123.4,20,0,UPI,0,MEDIUM,203,0
417.44,17,1,NETBANKING,0,LOW,363,0
985.55,7,1,CARD,0,LOW,522,0
195490.11,17,1,CARD,0,LOW,231,1
22.09,1,1,UPI,0,LOW,834,0
412.64,11,1,CARD,0,LOW,757,0
998.99,17,0,WALLET,0,HIGH,132,0
367.52,16,1,WALLET,0,LOW,996,0
858.3,3,0,CARD,0,MEDIUM,594,0
5739.04,21,0,NETBANKING,0,LOW,201,0
480.4,3,1,WALLET,0,MEDIUM,942,0
15426.69,23,1,CARD,0,LOW,763,0
4075.82,10,0,WALLET,0,LOW,644,0
8119.5,18,0,NETBANKING,0,HIGH,851,0
14849.46,0,0,NETBANKING,0,LOW,131,0
295.16,17,0,NETBANKING,0,MEDIUM,704,0
813.58,12,1,WALLET,0,HIGH,74,0
675.88,23,0,UPI,0,LOW,699,0
180.26,22,1,CARD,0,MEDIUM,868,0
556.97,1,1,CARD,1,LOW,329,0
859.17,8,1,NETBANKING,0,LOW,477,0
222.89,1,1,CARD,0,LOW,148,0
13679.61,11,0,CARD,0,LOW,63,0
62.23,18,1,NETBANKING,1,HIGH,899,1
959.79,3,0,CARD,1,LOW,547,0
462.48,6,1,UPI,0,LOW,649,0
178639.28,23,1,WALLET,0,LOW,483,0
85.21,15,1,CARD,0,LOW,107,0
82.77,14,1,NETBANKING,0,LOW,262,0
42141.94,7,1,CARD,0,MEDIUM,116,0
459.8,8,1,NETBANKING,0,MEDIUM,852,0
377.24,16,1,UPI,0,LOW,794,0
200.22,23,0,WALLET,0,HIGH,580,0
912.26,8,0,CARD,0,HIGH,681,0
111.67,1,1,UPI,0,LOW,966,0
960.3,1,1,NETBANKING,0,MEDIUM,991,0
19769.69,9,0,NETBANKING,0,LOW,491,0
391.19,10,1,WALLET,0,MEDIUM,810,0
562.25,9,1,WALLET,0,MEDIUM,216,0
56.99,22,1,WALLET,0,LOW,862,0
819.79,12,1,CARD,0,LOW,676,0
934.06,18,1,UPI,0,LOW,9,0
862.75,4,1,WALLET,0,LOW,793,0
246.47,23,1,NETBANKING,0,LOW,465,0
314.18,14,1,WALLET,0,LOW,316,0
205.41,15,1,WALLET,0,LOW,414,0
10974.85,6,0,WALLET,0,MEDIUM,931,0
267.06,5,0,WALLET,1,LOW,781,0
5165.48,3,0,NETBANKING,0,LOW,39,0
1309.9,23,1,NETBANKING,0,LOW,272,0
14374.59,10,0,NETBANKING,0,LOW,746,0
518.27,2,1,NETBANKING,0,MEDIUM,274,0
445.33,20,1,CARD,0,MEDIUM,455,0
912.6,6,1,WALLET,0,LOW,398,0
40474.28,17,1,UPI,1,LOW,761,0
53.53,20,1,NETBANKING,0,LOW,484,0
217.08,17,1,CARD,0,LOW,464,0
968.64,0,0,UPI,0,HIGH,194,0
195344.16,7,0,CARD,0,MEDIUM,854,1
171.83,20,1,CARD,1,MEDIUM,131,0
9274.26,23,1,WALLET,0,MEDIUM,607,0
622.11,10,0,NETBANKING,0,LOW,14,0
8268.19,21,1,CARD,0,LOW,750,0
395.57,22,0,UPI,0,MEDIUM,4,0
882.96,19,0,NETBANKING,0,LOW,752,0
13770.25,16,0,WALLET,0,MEDIUM,244,0
679.5,17,0,UPI,0,MEDIUM,797,0
818.96,3,0,WALLET,0,LOW,917,0
579.92,21,0,NETBANKING,0,MEDIUM,760,0
18161.29,19,0,CARD,0,LOW,282,0
371.69,9,1,CARD,0,MEDIUM,715,0
682.92,13,0,NETBANKING,0,MEDIUM,799,0
19613.3,8,1,WALLET,0,HIGH,41,0
295.47,18,0,WALLET,0,LOW,746,0
437.83,19,0,NETBANKING,1,LOW,911,0
96695.21,12,0,UPI,0,LOW,11,0
312.86,19,1,CARD,0,LOW,193,0
49290.52,12,1,NETBANKING,0,LOW,844,0
8243.29,18,0,NETBANKING,0,MEDIUM,400,0
571.9,9,1,WALLET,0,LOW,445,0
94497.89,7,1,WALLET,1,LOW,520,1
831.65,18,1,CARD,0,HIGH,876,0
307.9,3,1,WALLET,0,LOW,687,0
345.07,22,1,UPI,1,LOW,526,0
34.81,16,1,WALLET,1,LOW,214,0
205.73,4,0,UPI,0,LOW,725,0
569.92,8,1,UPI,0,MEDIUM,18,0
983.02,5,1,CARD,0,LOW,177,0
222.68,4,1,WALLET,0,MEDIUM,874,0
157.48,20,1,NETBANKING,0,LOW,214,0
356.87,23,0,WALLET,0,LOW,465,0
908.88,15,0,UPI,1,MEDIUM,739,0
750.7,12,1,UPI,0,LOW,265,0
521.2,20,0,WALLET,0,LOW,490,0
2928.88,7,1,WALLET,0,LOW,236,0
275.88,10,1,WALLET,0,MEDIUM,817,0
389.52,0,0,UPI,0,LOW,43,0
83.03,19,0,UPI,0,LOW,251,0
919.12,3,1,WALLET,1,LOW,546,1
939.77,21,1,NETBANKING,0,LOW,898,0
115727.87,4,0,UPI,0,LOW,247,1
518.9,7,0,NETBANKING,0,LOW,958,0
385.95,11,0,CARD,0,LOW,909,0
284.53,22,0,CARD,0,HIGH,61,0
17861.84,5,0,UPI,0,LOW,538,0
797.7,19,1,CARD,0,LOW,272,0
929.93,3,1,WALLET,0,LOW,683,0
301.8,4,0,CARD,0,MEDIUM,160,0
642.48,14,1,WALLET,0,LOW,594,0
394.29,14,0,NETBANKING,0,LOW,836,0
516.87,19,1,CARD,0,LOW,611,0
78.08,18,1,NETBANKING,0,MEDIUM,175,0
8805.41,3,0,CARD,0,LOW,73,0
104.97,20,1,UPI,0,LOW,404,0
810.51,20,1,CARD,0,HIGH,374,0
219.16,21,0,UPI,0,LOW,376,0
767.92,3,1,NETBANKING,0,LOW,842,0
963.41,5,0,CARD,0,MEDIUM,253,0
760.01,20,0,UPI,0,LOW,644,0
948.97,15,1,CARD,0,LOW,898,0
457.6,23,0,NETBANKING,0,MEDIUM,704,0
538.43,2,0,NETBANKING,1,LOW,933,0
430.22,4,0,NETBANKING,0,MEDIUM,778,0
541.64,9,1,NETBANKING,0,LOW,487,0
113484.92,3,0,CARD,0,MEDIUM,249,1
282.36,1,1,NETBANKING,0,LOW,555,0
480.47,0,1,WALLET,0,MEDIUM,321,0
8574.74,4,0,NETBANKING,0,LOW,921,0
131.56,12,1,WALLET,0,MEDIUM,527,0
67.55,0,0,NETBANKING,0,LOW,189,0
983.42,18,1,CARD,0,MEDIUM,16,0
223.05,4,1,WALLET,0,LOW,712,0
57.08,11,1,NETBANKING,1,MEDIUM,615,0
349.56,22,1,UPI,1,MEDIUM,49,0
18712.8,22,0,UPI,0,LOW,415,0
129803.78,2,1,UPI,0,LOW,273,1
907.89,4,1,UPI,0,LOW,199,0
3840.37,6,0,CARD,0,LOW,890,0
755.11,10,1,NETBANKING,0,MEDIUM,711,0
414.41,7,0,WALLET,0,LOW,593,0
54655.47,12,1,UPI,0,LOW,62,0
531.61,8,0,UPI,0,MEDIUM,58,0
11643.0,1,0,NETBANKING,0,LOW,927,0
11793.46,0,1,NETBANKING,0,HIGH,352,0
36.0,10,0,UPI,0,MEDIUM,137,0
898.33,4,0,WALLET,0,MEDIUM,235,0
826.12,16,0,NETBANKING,0,HIGH,426,0
848.89,6,1,WALLET,0,MEDIUM,270,0
575.87,14,0,WALLET,0,LOW,137,0
152.96,11,1,WALLET,0,MEDIUM,502,0
140627.2,15,0,WALLET,0,LOW,927,0
9138.21,10,0,WALLET,0,LOW,181,0
136.29,9,0,CARD,0,LOW,191,0
238.21,22,1,WALLET,0,MEDIUM,148,0
192.83,4,1,NETBANKING,0,LOW,607,0
170866.83,12,0,NETBANKING,0,HIGH,340,1
897.43,12,1,UPI,0,MEDIUM,987,0
372.32,4,0,NETBANKING,0,HIGH,852,0
14201.08,11,1,CARD,0,LOW,677,0
315.34,7,1,UPI,1,LOW,217,0
16950.56,3,1,WALLET,0,MEDIUM,221,0
786.43,3,1,WALLET,0,LOW,893,0
642.73,15,1,CARD,1,LOW,12,1
787.2,8,1,NETBANKING,1,LOW,806,0
902.88,18,0,CARD,0,LOW,709,0
14770.65,11,0,CARD,0,LOW,219,0
34.52,1,1,CARD,1,MEDIUM,883,0
68.65,4,0,UPI,0,LOW,710,0
781.7,1,0,NETBANKING,0,MEDIUM,434,0
19311.28,15,0,UPI,0,LOW,357,0
321.0,7,1,NETBANKING,0,MEDIUM,927,0
669.48,15,1,NETBANKING,0,MEDIUM,920,0
349.69,6,1,UPI,0,LOW,764,0
449.94,14,1,CARD,0,LOW,400,0
882.73,1,0,WALLET,1,MEDIUM,872,0
332.53,20,1,UPI,0,LOW,967,0
19032.86,4,0,CARD,0,MEDIUM,380,0
41.37,12,1,WALLET,0,LOW,10,0
931.73,15,1,CARD,0,LOW,729,0
526.03,17,0,CARD,0,LOW,452,0
983.68,23,1,CARD,0,LOW,489,0
18952.28,19,0,WALLET,0,LOW,43,0
243.22,17,0,NETBANKING,0,LOW,598,0
319.1,21,0,CARD,0,LOW,164,0
19953.23,10,0,CARD,0,MEDIUM,393,0
141844.34,7,1,WALLET,0,LOW,10,1
137.09,19,0,WALLET,0,LOW,27,0
120.28,0,1,CARD,1,LOW,200,0
375.17,4,1,WALLET,0,LOW,331,0
712.76,5,0,NETBANKING,0,LOW,129,0
786.15,13,0,NETBANKING,0,MEDIUM,569,0
19648.61,12,0,WALLET,0,LOW,446,0
828.84,5,1,NETBANKING,0,MEDIUM,263,0
154.01,14,0,WALLET,0,LOW,210,0
185.26,4,1,NETBANKING,0,LOW,55,0
362.02,7,1,UPI,1,LOW,683,0
922.84,11,0,UPI,0,LOW,98,0
60.45,19,0,CARD,0,LOW,805,0
889.07,18,0,CARD,0,HIGH,252,0
4171.37,17,1,WALLET,0,MEDIUM,192,0
4678.31,3,0,CARD,0,LOW,785,0
802.3,7,1,NETBANKING,0,LOW,924,0
421.58,17,1,CARD,0,HIGH,282,0
325.99,22,1,NETBANKING,0,LOW,267,0
71.89,5,0,NETBANKING,0,LOW,792,0
5301.99,20,0,UPI,0,MEDIUM,805,0
387.26,4,1,CARD,0,LOW,962,0
14759.0,18,1,WALLET,0,MEDIUM,18,0
2638.82,8,0,UPI,0,LOW,581,0
24316.16,16,0,UPI,0,LOW,292,0
483.78,12,1,WALLET,0,LOW,988,0
591.1,22,0,NETBANKING,0,LOW,816,0
852.71,13,0,UPI,0,LOW,677,0
204.65,14,1,UPI,0,LOW,351,0
11028.73,1,1,UPI,0,LOW,57,0
3585.96,4,0,UPI,0,MEDIUM,29,0
730.83,17,0,CARD,0,MEDIUM,603,0
545.05,0,1,UPI,0,MEDIUM,616,0
170029.01,9,0,WALLET,0,MEDIUM,853,0
765.62,1,0,UPI,0,HIGH,729,0
294.72,5,1,NETBANKING,0,LOW,304,0
454.68,4,0,CARD,0,MEDIUM,208,0
87491.38,18,0,WALLET,0,MEDIUM,85,0
467.94,2,1,UPI,0,LOW,40,0
280.73,21,1,WALLET,0,LOW,144,0
4218.13,19,0,NETBANKING,0,LOW,809,0
7219.62,15,0,CARD,0,LOW,490,0
6202.31,6,0,NETBANKING,0,LOW,856,0
442.59,1,1,CARD,0,HIGH,833,0
274.87,22,0,WALLET,1,LOW,272,0
956.33,23,0,WALLET,0,LOW,402,0
916.83,20,0,WALLET,1,LOW,72,0
811.39,17,0,UPI,0,MEDIUM,122,0
530.5,22,1,CARD,0,LOW,365,0
801.87,23,1,CARD,0,LOW,110,0
3800.18,10,0,WALLET,0,MEDIUM,610,0
504.7,15,1,CARD,0,LOW,708,0
5003.93,7,0,NETBANKING,0,LOW,851,0
40.68,19,0,CARD,0,LOW,959,0
395.87,16,1,WALLET,0,LOW,961,0
868.87,0,0,WALLET,0,LOW,274,0
16713.64,3,0,NETBANKING,0,LOW,188,0
648.88,8,1,CARD,0,MEDIUM,975,0
5174.9,8,1,WALLET,0,LOW,763,0
936.69,10,0,UPI,1,LOW,877,0
19813.52,13,1,UPI,0,LOW,660,0
312.13,19,1,CARD,0,MEDIUM,349,0
72.74,11,1,WALLET,0,MEDIUM,482,0
905.46,0,0,NETBANKING,0,LOW,404,0
225.45,1,0,UPI,0,MEDIUM,613,0
152.02,10,1,WALLET,0,LOW,509,0
1442.02,2,1,WALLET,0,MEDIUM,884,0
266.28,0,0,CARD,0,LOW,270,0
500.52,17,1,NETBANKING,0,MEDIUM,949,0
13523.96,11,0,NETBANKING,0,LOW,186,0
852.01,13,1,UPI,0,LOW,888,0
878.05,5,0,WALLET,0,LOW,401,0
689.92,22,1,WALLET,0,MEDIUM,55,0
95.47,17,1,WALLET,0,LOW,537,0
621.72,1,1,CARD,0,LOW,102,0
351.93,5,0,CARD,0,MEDIUM,372,0
903.26,21,1,WALLET,0,HIGH,797,0
197.93,6,0,WALLET,0,LOW,843,0
7148.01,4,1,WALLET,0,HIGH,770,0
382.23,5,0,UPI,0,LOW,430,0
802.8,14,1,CARD,0,MEDIUM,952,0
738.47,10,1,CARD,0,MEDIUM,727,0
974.91,14,0,UPI,0,HIGH,614,0
662.2,23,0,CARD,0,LOW,953,0
155.95,6,0,WALLET,0,LOW,856,0
655.08,2,0,WALLET,0,HIGH,296,0
934.51,10,1,CARD,0,MEDIUM,325,0
552.44,0,0,WALLET,0,MEDIUM,251,0
4844.78,9,1,NETBANKING,0,HIGH,19,0
889.21,8,0,NETBANKING,0,LOW,170,0
402.89,17,0,UPI,0,LOW,863,0
580.76,4,1,CARD,0,MEDIUM,317,0
404.93,6,1,NETBANKING,0,LOW,357,0
5540.62,0,1,UPI,0,MEDIUM,281,0
579.87,6,0,UPI,1,LOW,332,0
194178.6,7,0,UPI,0,LOW,64,0
8768.26,8,1,NETBANKING,0,MEDIUM,244,0
704.73,16,0,WALLET,0,MEDIUM,951,0
126.53,14,0,WALLET,0,LOW,338,0
516.06,21,1,NETBANKING,0,MEDIUM,31,0
13004.37,7,1,WALLET,0,MEDIUM,137,0
753.56,10,0,UPI,0,LOW,738,0
595.56,19,0,CARD,0,LOW,783,0
9374.45,10,1,CARD,0,LOW,304,0
948.52,23,1,WALLET,0,MEDIUM,419,0
423.53,19,1,CARD,0,LOW,549,0
686.29,16,1,UPI,0,MEDIUM,195,0
102.54,2,0,CARD,1,LOW,328,0
710.01,5,0,CARD,0,LOW,127,0
196.42,14,0,WALLET,0,LOW,396,0
141.19,8,1,WALLET,0,LOW,634,0
164.69,0,1,UPI,0,MEDIUM,163,0
114.79,12,0,WALLET,0,LOW,624,0
8747.95,16,1,WALLET,0,LOW,327,0
523.25,0,0,WALLET,0,MEDIUM,603,0
5137.01,15,1,UPI,0,LOW,550,0
652.97,6,0,CARD,0,LOW,445,0
121.02,21,0,NETBANKING,0,LOW,711,0
17026.84,16,1,WALLET,0,MEDIUM,774,0
312.67,10,0,NETBANKING,0,LOW,826,0
991.8,1,0,CARD,0,HIGH,300,0
132.95,11,0,UPI,0,MEDIUM,64,0
434.24,18,1,UPI,0,HIGH,512,0
171.07,7,0,UPI,0,MEDIUM,70,0
243.64,20,1,NETBANKING,0,LOW,620,0
487.74,18,1,NETBANKING,1,LOW,487,0
923.13,10,0,WALLET,0,LOW,512,0
108.09,6,1,UPI,0,LOW,281,0
539.88,11,1,WALLET,0,MEDIUM,254,0
5733.35,23,0,CARD,0,LOW,58,0
239.93,14,0,UPI,0,MEDIUM,593,0
862.88,8,1,CARD,0,MEDIUM,922,0
774.81,22,1,NETBANKING,0,LOW,602,0
14965.25,10,1,UPI,0,LOW,763,0
784.36,7,1,WALLET,0,LOW,306,0
14524.37,22,0,NETBANKING,0,LOW,206,0
18104.09,0,1,UPI,0,LOW,904,0
11081.64,4,0,WALLET,0,MEDIUM,959,0
755.94,12,0,CARD,0,LOW,610,0
11674.49,3,1,WALLET,1,LOW,422,0
596.93,19,0,NETBANKING,0,LOW,644,0
122510.6,19,0,UPI,0,HIGH,127,1
839.63,8,1,NETBANKING,0,LOW,886,0
18263.11,12,0,CARD,0,LOW,520,0
79592.13,10,1,WALLET,0,MEDIUM,718,0
567.76,2,1,NETBANKING,0,LOW,124,0
750.67,7,0,WALLET,0,LOW,716,0
10866.83,4,0,CARD,0,LOW,328,0
603.8,11,1,UPI,0,LOW,385,0
653.73,0,0,NETBANKING,0,MEDIUM,585,0
469.63,3,0,UPI,0,LOW,694,0
410.75,4,1,CARD,0,LOW,12,0
559.7,11,0,WALLET,0,LOW,226,0
283.93,1,1,NETBANKING,0,LOW,82,0
360.01,6,0,NETBANKING,0,LOW,771,0
10482.82,19,1,UPI,0,LOW,171,0
48.57,17,1,NETBANKING,0,LOW,600,0
929.6,4,0,UPI,1,LOW,189,0
288.33,3,1,CARD,0,LOW,486,0
18795.81,2,0,UPI,0,LOW,665,0
403.62,12,0,WALLET,0,LOW,688,0
811.92,11,0,WALLET,0,MEDIUM,987,0
6590.2,10,1,NETBANKING,0,MEDIUM,690,0
719.19,14,1,WALLET,0,LOW,806,0
428.02,7,1,NETBANKING,0,LOW,276,0
707.15,0,1,CARD,0,LOW,495,0
61437.82,12,1,WALLET,0,LOW,289,0
571.14,3,1,CARD,0,LOW,702,0
502.22,8,1,CARD,0,LOW,990,0
777.33,22,0,UPI,0,LOW,605,0
500.04,6,0,CARD,0,LOW,851,0
220.62,3,1,UPI,0,MEDIUM,925,0
941.75,21,1,UPI,0,HIGH,245,0
9594.05,18,0,NETBANKING,0,LOW,637,0
684.11,13,1,NETBANKING,1,MEDIUM,701,0
937.42,3,0,UPI,0,LOW,102,0
408.95,11,1,CARD,0,LOW,18,0
359.81,18,1,NETBANKING,0,LOW,112,0
130.08,15,1,UPI,0,LOW,700,0
15011.07,23,0,NETBANKING,0,LOW,403,0
520.3,7,1,WALLET,0,MEDIUM,836,0
58.62,20,1,CARD,0,MEDIUM,683,0
9308.14,19,1,UPI,0,LOW,906,0
375.13,21,1,CARD,0,LOW,649,0
244.05,17,1,UPI,0,LOW,173,0
17565.45,7,0,CARD,1,LOW,298,0
154.66,8,1,WALLET,0,MEDIUM,550,0
136.81,8,1,UPI,0,LOW,46,0
782.34,18,0,WALLET,0,MEDIUM,288,0
7059.0,2,1,NETBANKING,0,LOW,310,0
19210.39,15,1,NETBANKING,0,LOW,638,0
2206.37,19,1,NETBANKING,0,LOW,595,0
398.26,10,0,NETBANKING,0,MEDIUM,687,0
486.63,2,1,NETBANKING,0,MEDIUM,568,0
255.9,18,0,CARD,0,HIGH,946,0
12531.63,11,0,NETBANKING,1,LOW,810,0
152.32,9,1,WALLET,0,LOW,616,0
18692.11,15,0,NETBANKING,0,MEDIUM,337,0
12087.83,15,0,WALLET,0,HIGH,119,0
3150.74,15,1,CARD,1,LOW,722,0
139.48,1,1,CARD,1,LOW,2,1
494.71,15,1,UPI,0,LOW,224,0
677.55,20,1,CARD,0,MEDIUM,13,0
495.33,5,1,NETBANKING,0,LOW,170,0
828.87,23,0,UPI,0,LOW,401,0
727.04,18,1,UPI,0,LOW,81,0
133941.32,10,1,UPI,0,LOW,621,0
1471.01,18,1,CARD,0,MEDIUM,693,0
216.04,4,1,UPI,0,MEDIUM,613,0
496.59,10,0,UPI,0,LOW,861,0
617.69,17,0,WALLET,0,LOW,920,0
18362.86,12,1,CARD,0,LOW,192,0
491.62,3,0,CARD,0,LOW,511,0
847.31,23,1,WALLET,0,LOW,364,0
527.39,14,1,CARD,0,LOW,456,0
317.8,23,1,WALLET,0,LOW,505,0
928.9,7,1,CARD,0,LOW,5,0
31.18,3,0,NETBANKING,0,LOW,286,0
4918.77,0,1,NETBANKING,0,MEDIUM,212,0
238.64,10,0,UPI,0,MEDIUM,925,0
524.61,10,0,NETBANKING,1,MEDIUM,889,0
523.0,22,0,WALLET,0,MEDIUM,893,0
63.25,15,1,NETBANKING,0,LOW,899,0
5510.55,12,0,CARD,0,LOW,71,0
5560.44,19,1,NETBANKING,0,MEDIUM,428,0
8475.33,1,1,NETBANKING,0,LOW,59,0
40.96,3,1,CARD,1,LOW,857,0
19432.31,5,0,WALLET,0,LOW,340,0
16877.76,1,0,CARD,0,LOW,412,0
876.38,23,1,UPI,0,MEDIUM,793,0
15519.95,7,0,NETBANKING,0,LOW,259,0
97.44,7,1,NETBANKING,0,LOW,439,0
374.12,21,1,CARD,0,LOW,547,0
466.95,16,1,CARD,0,LOW,71,0
591.37,18,0,WALLET,0,MEDIUM,809,0
834.19,3,1,NETBANKING,0,LOW,812,0
513.2,8,1,WALLET,0,LOW,983,0
17955.85,16,0,WALLET,0,LOW,576,0
979.17,4,0,CARD,0,LOW,150,0
5854.78,7,0,UPI,0,LOW,965,0
1096.36,3,1,CARD,1,LOW,298,0
303.37,15,0,WALLET,0,LOW,55,0
563.79,2,1,WALLET,0,LOW,977,0
19766.74,0,0,CARD,0,MEDIUM,689,0
18246.51,21,1,CARD,0,LOW,207,0
3374.79,16,0,NETBANKING,0,LOW,288,0
35.71,13,0,UPI,0,LOW,470,0
6008.39,14,1,WALLET,0,LOW,65,0
849.14,13,1,UPI,0,LOW,801,0
178.16,1,1,WALLET,0,HIGH,711,0
569.31,15,1,NETBANKING,0,HIGH,187,0
254.56,19,1,CARD,0,MEDIUM,384,0
862.17,12,0,WALLET,0,LOW,809,0
466.63,11,1,NETBANKING,0,HIGH,129,0
928.98,20,1,WALLET,1,LOW,414,0
778.42,17,0,WALLET,0,MEDIUM,696,0
732.24,23,0,CARD,0,MEDIUM,240,0
445.35,16,0,WALLET,0,LOW,887,0
5913.87,10,1,UPI,0,MEDIUM,535,0
540.33,10,0,UPI,1,MEDIUM,483,0
991.22,2,0,CARD,0,LOW,721,0
581.29,14,1,CARD,0,MEDIUM,232,0
625.38,12,0,CARD,0,LOW,958,0
295.24,2,0,WALLET,0,LOW,237,0
101.75,1,0,NETBANKING,0,HIGH,327,0
84.02,12,1,CARD,0,MEDIUM,593,0
524.23,16,1,UPI,1,LOW,287,0
149.92,19,1,CARD,1,LOW,422,0
790.98,2,0,CARD,0,LOW,69,0
848.93,21,0,UPI,1,LOW,805,0
732.66,5,1,NETBANKING,1,LOW,647,0
12449.13,2,1,NETBANKING,0,LOW,743,0
592.67,9,0,CARD,1,LOW,856,0
10784.44,21,0,CARD,0,MEDIUM,489,0
102276.6,22,0,UPI,0,LOW,61,0
157.59,14,0,CARD,0,MEDIUM,548,0
683.89,18,0,WALLET,1,MEDIUM,795,0
831.11,3,0,UPI,0,MEDIUM,116,0
3748.8,3,1,NETBANKING,0,HIGH,630,0
613.46,10,1,CARD,0,LOW,610,0
9992.19,22,1,NETBANKING,0,LOW,691,0
660.29,18,0,CARD,0,MEDIUM,218,0
958.8,5,1,NETBANKING,0,LOW,268,0
11212.53,20,1,UPI,0,MEDIUM,994,0
15509.56,9,0,CARD,0,LOW,149,0
29.67,15,0,WALLET,0,HIGH,275,0
58.88,18,0,CARD,0,LOW,120,0
70.58,2,1,CARD,0,HIGH,918,0
212.55,6,1,WALLET,0,LOW,970,0
19601.26,13,0,WALLET,0,LOW,225,0
10769.3,3,1,CARD,1,LOW,27,1
604.52,12,0,UPI,0,LOW,317,0
15.31,3,1,UPI,0,MEDIUM,919,0
17760.22,7,0,NETBANKING,0,LOW,36,0
15091.22,0,1,WALLET,0,MEDIUM,187,0
690.32,4,1,NETBANKING,0,MEDIUM,382,0
10677.74,1,1,WALLET,0,LOW,464,0
556.19,9,1,WALLET,0,MEDIUM,864,0
8638.21,16,0,UPI,0,LOW,308,0
7340.89,15,1,NETBANKING,0,LOW,651,0
658.99,12,0,CARD,0,LOW,19,0
111.95,17,0,NETBANKING,0,LOW,891,0
898.11,10,1,CARD,0,MEDIUM,523,0
128.38,9,0,UPI,0,LOW,713,0
855.12,19,0,CARD,0,LOW,786,0
11810.3,5,0,NETBANKING,0,LOW,39,0
52436.32,4,0,UPI,0,MEDIUM,359,0
753.15,17,1,UPI,0,MEDIUM,487,0
759.99,6,1,NETBANKING,0,MEDIUM,194,0
50997.29,9,0,UPI,0,MEDIUM,146,0
677.94,23,1,WALLET,1,LOW,574,0
381.05,7,0,WALLET,0,LOW,454,0
19568.95,4,0,UPI,0,HIGH,597,0
10651.14,13,0,NETBANKING,0,HIGH,55,0
1797.91,19,1,NETBANKING,0,LOW,429,0
27.65,17,1,WALLET,0,LOW,613,0
66.84,19,1,UPI,0,LOW,499,0
809.05,14,1,WALLET,0,MEDIUM,996,0
46918.65,0,0,WALLET,0,HIGH,870,0
994.96,7,1,UPI,0,LOW,315,0
899.97,17,1,NETBANKING,1,MEDIUM,665,0
14967.23,23,1,CARD,0,MEDIUM,901,0
5375.84,15,0,UPI,0,LOW,952,0
805.64,22,0,WALLET,0,LOW,702,0
798.87,7,0,UPI,0,LOW,389,0
530.72,20,1,NETBANKING,0,MEDIUM,198,0
912.38,20,1,WALLET,0,LOW,171,0
870.43,4,1,NETBANKING,0,LOW,470,0
32.12,20,0,NETBANKING,0,LOW,62,0
2236.84,2,0,CARD,0,LOW,275,0
562.18,23,1,UPI,0,LOW,158,0
201.47,4,1,NETBANKING,0,LOW,209,0
455.55,7,0,NETBANKING,0,MEDIUM,75,0
704.6,9,0,NETBANKING,1,LOW,95,0
9342.33,3,0,CARD,0,LOW,360,0
563.27,14,0,NETBANKING,0,LOW,87,0
14144.74,15,1,NETBANKING,1,MEDIUM,74,0
3998.39,13,1,CARD,0,LOW,679,0
4578.72,14,0,UPI,0,LOW,982,0
676.49,1,1,NETBANKING,0,LOW,884,0
277.29,5,1,UPI,0,MEDIUM,636,0
660.73,4,0,WALLET,0,MEDIUM,692,0
25.5,9,1,UPI,0,LOW,642,0
940.2,7,0,UPI,0,MEDIUM,5,0
4649.61,23,1,WALLET,0,LOW,10,0
18649.8,13,0,UPI,0,LOW,776,0
6067.69,2,1,UPI,0,HIGH,185,0
61.23,17,1,NETBANKING,0,LOW,64,0
614.33,1,0,WALLET,0,LOW,868,0
15809.8,17,1,UPI,0,LOW,236,0
328.52,11,0,CARD,0,MEDIUM,275,0
171.44,1,1,WALLET,0,LOW,839,0
98.17,17,0,UPI,0,LOW,981,0
150.31,14,1,CARD,0,MEDIUM,519,0
5660.45,22,1,UPI,0,MEDIUM,412,0
10687.47,16,1,NETBANKING,0,LOW,466,0
16337.53,5,1,NETBANKING,0,LOW,276,0
457.96,21,1,NETBANKING,0,LOW,69,0
16435.24,3,0,NETBANKING,0,LOW,374,0
7130.75,2,1,WALLET,0,MEDIUM,927,0
15283.9,20,1,WALLET,0,HIGH,769,0
230.82,2,0,NETBANKING,1,MEDIUM,703,0
467.69,21,1,CARD,0,LOW,172,0
884.21,20,0,WALLET,0,LOW,958,0
5649.06,13,0,WALLET,0,LOW,477,0
1929.67,8,1,WALLET,0,LOW,374,0
9422.39,13,1,WALLET,0,LOW,36,0
519.83,22,0,NETBANKING,0,LOW,150,0
254.73,3,1,UPI,0,LOW,57,0
14479.82,7,0,WALLET,0,MEDIUM,627,0
500.68,13,0,WALLET,0,LOW,152,0
968.4,9,1,CARD,0,HIGH,727,0
521.85,10,0,WALLET,0,MEDIUM,395,0
11578.3,12,0,WALLET,0,LOW,192,0
8442.93,10,0,UPI,0,MEDIUM,426,0
646.57,10,1,NETBANKING,0,LOW,592,0
19969.39,4,1,UPI,0,LOW,404,0
983.13,14,0,WALLET,0,HIGH,525,0
10014.0,23,1,CARD,0,HIGH,205,0
12867.7,7,0,WALLET,0,LOW,393,0
910.51,7,0,CARD,0,LOW,848,0
532.4,21,0,NETBANKING,0,MEDIUM,242,0
927.07,13,1,WALLET,0,MEDIUM,137,0
648.79,17,0,WALLET,0,LOW,237,0
10089.41,6,0,NETBANKING,0,LOW,528,0
489.84,1,0,UPI,0,LOW,26,0
1130.72,23,1,WALLET,0,LOW,736,0
56905.32,16,1,UPI,0,LOW,869,0
779.25,20,0,CARD,0,LOW,596,0
98.93,0,0,CARD,0,LOW,288,0
420.91,7,0,UPI,0,LOW,790,0
946.21,13,1,UPI,0,LOW,275,0
16360.81,21,1,WALLET,0,LOW,5,0
14512.64,22,1,UPI,0,LOW,683,0
6688.47,3,1,CARD,1,MEDIUM,815,0
690.77,3,0,WALLET,0,LOW,74,0
6468.0,18,1,WALLET,0,HIGH,824,0
70.19,3,0,UPI,0,MEDIUM,811,0
271.81,3,1,NETBANKING,0,MEDIUM,599,0
797.35,16,0,UPI,0,HIGH,515,0
15658.39,0,0,WALLET,0,MEDIUM,662,0
880.03,3,1,NETBANKING,0,MEDIUM,535,0
14056.53,5,1,CARD,0,LOW,92,0
835.65,21,1,WALLET,0,LOW,500,0
41.56,2,0,CARD,0,LOW,802,0
10897.53,15,0,CARD,0,MEDIUM,13,0
246.09,12,0,NETBANKING,0,LOW,738,0
16583.18,13,0,WALLET,0,LOW,169,0
541.16,7,0,CARD,0,MEDIUM,94,0
231.49,15,0,NETBANKING,0,MEDIUM,628,0
206.24,16,1,UPI,0,MEDIUM,771,0
281.17,20,1,UPI,0,LOW,270,0
691.27,0,0,CARD,0,MEDIUM,380,0
600.37,8,1,UPI,0,LOW,581,0
7758.31,10,0,UPI,0,LOW,393,0
861.23,18,0,CARD,0,MEDIUM,273,0
14202.27,14,1,NETBANKING,0,LOW,843,0
15395.23,13,0,WALLET,1,LOW,812,0
92074.46,6,1,WALLET,0,LOW,264,0
508.97,14,1,CARD,0,MEDIUM,380,0
650.8,14,0,UPI,0,LOW,64,0
750.39,17,1,WALLET,0,LOW,26,0
543.79,20,0,WALLET,0,LOW,310,0
275.29,12,0,WALLET,0,LOW,6,0
980.69,14,1,NETBANKING,0,LOW,486,0
220.44,22,1,UPI,0,LOW,226,0
371.17,23,0,NETBANKING,0,MEDIUM,923,0
3074.08,9,0,UPI,0,LOW,603,0
13677.22,23,0,UPI,0,LOW,426,0
638.52,15,0,WALLET,0,LOW,415,0
497.45,15,1,CARD,0,LOW,74,0
8526.43,21,1,CARD,0,MEDIUM,614,0
711.28,20,1,CARD,0,LOW,483,0
922.03,8,0,NETBANKING,0,MEDIUM,653,0
3490.15,19,0,NETBANKING,0,MEDIUM,677,0
896.45,14,0,WALLET,0,MEDIUM,106,0
18453.56,12,1,CARD,0,LOW,875,0
9083.68,9,0,UPI,0,HIGH,181,0
447.9,23,1,NETBANKING,0,LOW,350,0
1431.94,19,1,CARD,0,LOW,273,0
541.23,20,1,NETBANKING,0,LOW,604,0
19635.25,10,0,WALLET,0,MEDIUM,685,0
636.68,22,1,WALLET,0,LOW,994,0
17090.15,20,1,CARD,1,MEDIUM,107,0
1521.55,5,0,UPI,0,LOW,287,0
486.06,22,1,CARD,0,LOW,336,0
143.38,19,0,CARD,0,HIGH,794,0
19433.01,11,0,WALLET,0,HIGH,849,0
15718.93,21,0,NETBANKING,0,LOW,997,0
13112.53,18,1,UPI,0,MEDIUM,321,0
76.1,20,0,NETBANKING,0,HIGH,282,0
10936.93,23,0,UPI,0,LOW,916,0
118.95,11,1,NETBANKING,0,LOW,917,0
9061.57,16,1,UPI,1,LOW,847,0
507.16,4,0,WALLET,0,MEDIUM,39,0
11069.25,0,0,WALLET,0,LOW,203,0
556.58,23,0,UPI,0,LOW,300,0
18995.74,23,1,UPI,0,MEDIUM,811,0
743.71,1,0,WALLET,0,MEDIUM,647,0
743.53,12,0,UPI,0,LOW,425,0
706.72,13,0,UPI,0,LOW,684,0
202.18,15,1,UPI,0,MEDIUM,560,0
5341.85,20,1,NETBANKING,1,LOW,329,0
597.49,19,0,CARD,0,MEDIUM,227,0
869.84,6,0,CARD,0,LOW,426,0
186278.81,3,1,WALLET,0,LOW,697,1
178.17,16,0,WALLET,0,MEDIUM,58,0
17.52,14,0,UPI,0,LOW,340,0
569.35,13,0,WALLET,0,LOW,189,0
15868.57,23,1,NETBANKING,0,MEDIUM,137,0
84.14,7,0,UPI,0,HIGH,528,0
39.26,22,1,WALLET,0,LOW,656,0
526.29,13,1,WALLET,1,MEDIUM,582,0
15564.16,3,0,CARD,0,LOW,105,0
243.11,16,0,NETBANKING,0,LOW,446,0
977.48,14,1,UPI,0,LOW,211,0
110.8,19,1,CARD,1,HIGH,367,1
341.71,18,0,CARD,0,MEDIUM,11,0
639.4,14,0,UPI,0,HIGH,775,0
90466.15,2,1,WALLET,0,LOW,50,0
545.22,21,1,WALLET,0,LOW,310,0
4991.61,3,1,UPI,0,MEDIUM,771,0
464.79,19,1,NETBANKING,0,MEDIUM,72,0
254.25,23,1,UPI,0,LOW,757,0
859.54,21,0,WALLET,0,LOW,974,0
986.67,15,0,WALLET,0,LOW,420,0
153.5,19,1,NETBANKING,0,LOW,459,0
775.29,5,1,WALLET,0,LOW,803,0
859.1,19,1,NETBANKING,0,LOW,587,0
17624.9,5,0,WALLET,0,LOW,232,0
315.67,2,1,CARD,1,LOW,517,0
11.2,12,0,WALLET,0,MEDIUM,555,0
615.8,0,1,WALLET,0,LOW,418,0
16031.66,8,1,NETBANKING,0,LOW,653,0
860.62,9,0,NETBANKING,0,LOW,244,0
686.59,2,1,WALLET,0,LOW,804,0
406.02,14,1,NETBANKING,0,LOW,510,0
18220.63,17,1,CARD,0,LOW,721,0
248.63,20,0,UPI,0,MEDIUM,348,0
186.89,18,0,UPI,0,HIGH,496,0
320.61,18,1,UPI,1,MEDIUM,778,0
593.76,21,0,CARD,0,LOW,215,0
3382.79,17,0,UPI,0,LOW,256,0
15855.69,9,0,WALLET,0,MEDIUM,558,0
420.5,5,0,WALLET,0,LOW,819,0
370.35,1,0,WALLET,0,LOW,156,0
613.11,5,0,WALLET,0,MEDIUM,268,0
308.29,23,0,NETBANKING,0,MEDIUM,340,0
654.34,2,1,WALLET,0,LOW,212,0
18537.82,5,0,UPI,1,HIGH,2,1
227.33,6,1,CARD,0,LOW,911,0
944.16,20,1,CARD,0,LOW,247,0
13954.55,23,1,CARD,0,MEDIUM,441,0
19811.45,17,1,UPI,0,LOW,101,0
976.09,18,0,NETBANKING,0,MEDIUM,783,0
142.26,16,1,WALLET,0,LOW,337,0
847.31,9,1,CARD,0,LOW,732,0
18689.34,22,0,WALLET,0,LOW,930,0
11852.14,23,1,CARD,0,LOW,113,0
179.81,2,1,UPI,0,MEDIUM,676,0
308.43,1,0,WALLET,0,MEDIUM,946,0
73459.67,9,0,CARD,0,LOW,545,0
4789.95,10,0,NETBANKING,0,MEDIUM,218,0
13349.53,7,1,NETBANKING,0,MEDIUM,711,0
416.62,0,1,UPI,0,MEDIUM,330,0
270.11,23,0,CARD,0,LOW,727,0
329.96,21,1,WALLET,0,LOW,409,0
12650.0,1,0,WALLET,0,MEDIUM,585,0
128.55,5,0,CARD,0,LOW,98,0
479.61,2,0,UPI,0,LOW,257,0
19373.56,3,1,CARD,0,LOW,730,0
42.83,10,1,WALLET,0,LOW,140,0
17236.38,12,0,NETBANKING,0,LOW,321,0
731.26,10,1,UPI,0,LOW,261,0
115.2,9,0,NETBANKING,0,MEDIUM,423,0
24.21,9,1,WALLET,0,LOW,454,0
243.46,6,1,UPI,0,LOW,750,0
184.67,7,1,NETBANKING,0,HIGH,207,0
500.63,8,1,WALLET,0,LOW,943,0
513.03,23,1,UPI,0,MEDIUM,414,0
764.96,6,0,UPI,1,LOW,412,0
12320.82,1,1,NETBANKING,0,LOW,813,0
4184.74,17,0,UPI,0,HIGH,732,0
712.47,18,1,CARD,0,MEDIUM,61,0
870.6,12,1,WALLET,0,LOW,118,0
314.98,18,1,CARD,0,LOW,384,0
19555.05,0,1,UPI,0,MEDIUM,628,0
986.73,13,1,UPI,0,MEDIUM,892,0
7058.67,13,0,WALLET,0,MEDIUM,670,0
805.85,10,1,WALLET,0,HIGH,264,0
3006.14,13,1,NETBANKING,0,MEDIUM,982,0
545.41,10,0,UPI,1,LOW,529,0
380.32,4,0,NETBANKING,0,LOW,716,0
938.42,16,0,UPI,0,LOW,6,0
17081.14,14,0,NETBANKING,1,LOW,929,0
16124.47,5,0,NETBANKING,0,MEDIUM,344,0
18420.3,6,0,NETBANKING,0,HIGH,373,0
5366.37,0,0,NETBANKING,0,LOW,944,0
555.07,20,0,UPI,0,LOW,988,0
750.05,1,1,WALLET,0,LOW,946,0
736.81,17,1,WALLET,1,LOW,540,0
7655.76,22,1,WALLET,0,LOW,890,0
927.83,14,1,NETBANKING,0,MEDIUM,438,0
6588.06,6,1,WALLET,1,LOW,72,0
821.09,22,1,WALLET,0,MEDIUM,561,0
16416.64,10,0,CARD,0,HIGH,410,0
640.72,0,0,NETBANKING,0,LOW,128,0
536.01,6,1,CARD,1,LOW,511,0
12264.82,15,1,NETBANKING,0,MEDIUM,806,0
997.71,10,1,NETBANKING,0,MEDIUM,751,0
175.61,8,1,CARD,0,HIGH,835,0
943.71,11,0,WALLET,0,MEDIUM,40,0
10563.25,3,0,WALLET,0,HIGH,553,0
13705.4,2,1,CARD,0,LOW,838,0
16.67,3,0,UPI,1,LOW,125,0
9797.52,23,1,CARD,0,LOW,254,0
18952.57,15,1,NETBANKING,0,MEDIUM,3,0
373.42,5,0,UPI,0,LOW,771,0
604.91,3,0,NETBANKING,0,MEDIUM,529,0
828.0,10,1,UPI,0,LOW,343,0
12670.72,18,0,WALLET,0,LOW,787,0
603.18,4,0,CARD,0,MEDIUM,487,0
663.13,18,1,UPI,0,LOW,313,0
610.65,2,0,CARD,0,MEDIUM,889,0
446.3,17,1,NETBANKING,0,MEDIUM,279,0
921.13,12,1,NETBANKING,0,LOW,857,0
490.26,13,0,UPI,0,MEDIUM,828,0
15660.6,8,1,CARD,0,MEDIUM,396,0
882.81,15,1,NETBANKING,0,LOW,309,0
677.23,19,0,NETBANKING,0,LOW,163,0
60.85,4,0,WALLET,0,MEDIUM,717,0
564.06,15,1,CARD,0,HIGH,64,0
18281.29,23,1,WALLET,0,MEDIUM,139,0
489.52,15,0,NETBANKING,0,LOW,312,0
449.89,18,0,CARD,0,HIGH,865,0
19129.67,10,1,CARD,0,HIGH,411,0
402.48,9,0,NETBANKING,0,LOW,502,0
221.6,16,1,NETBANKING,0,LOW,29,0
954.42,1,1,WALLET,1,MEDIUM,639,0
10532.06,3,1,NETBANKING,0,LOW,580,0
580.55,20,0,UPI,0,MEDIUM,232,0
10196.99,4,1,UPI,1,MEDIUM,683,0
719.39,14,1,WALLET,0,LOW,951,0
1621.27,13,0,WALLET,0,LOW,959,0
927.48,9,1,NETBANKING,0,LOW,581,0
364.19,2,0,UPI,0,LOW,151,0
1262.07,1,0,WALLET,0,LOW,366,0
270.25,12,1,UPI,0,LOW,313,0
918.16,8,0,CARD,0,HIGH,739,0
1525.63,17,1,UPI,0,MEDIUM,500,0
171.73,7,0,CARD,0,MEDIUM,871,0
808.19,1,1,NETBANKING,0,LOW,945,0
15015.07,10,1,CARD,1,LOW,972,0
13652.85,9,0,WALLET,1,HIGH,408,0
112.4,23,1,NETBANKING,0,LOW,183,0
756.03,7,0,WALLET,0,LOW,411,0
364.21,15,1,NETBANKING,0,MEDIUM,262,0
813.03,9,0,CARD,0,MEDIUM,621,0
204.18,6,0,NETBANKING,0,LOW,99,0
13481.72,11,0,UPI,0,MEDIUM,835,0
701.54,3,1,WALLET,0,MEDIUM,261,0
139.31,22,0,NETBANKING,0,LOW,915,0
79123.52,11,1,WALLET,0,LOW,196,0
327.33,23,1,WALLET,0,HIGH,675,0
510.66,1,1,WALLET,1,LOW,443,0
452.91,11,1,UPI,0,LOW,904,0
192.52,19,1,NETBANKING,0,LOW,691,0
415.4,15,0,UPI,0,LOW,95,0
853.2,14,0,UPI,1,MEDIUM,375,0
451.12,17,0,CARD,0,LOW,426,0
722.93,8,1,CARD,0,LOW,762,0
852.93,12,0,UPI,0,LOW,460,0
710.01,9,0,NETBANKING,0,MEDIUM,316,0
346.84,18,0,UPI,0,LOW,321,0
411.0,5,0,WALLET,0,MEDIUM,905,0
4488.57,15,0,WALLET,0,MEDIUM,878,0
7343.76,19,0,NETBANKING,0,LOW,444,0
91.94,13,1,CARD,1,LOW,433,0
181244.92,11,1,UPI,0,MEDIUM,373,0
14733.0,21,1,UPI,0,MEDIUM,516,0
573.36,4,1,CARD,0,MEDIUM,890,0
387.02,11,1,WALLET,0,MEDIUM,385,0
120.56,7,1,UPI,0,LOW,123,0
441.57,4,1,NETBANKING,0,LOW,962,0
77104.72,3,0,UPI,0,MEDIUM,119,0
198.38,16,1,NETBANKING,0,MEDIUM,258,0
650.24,12,0,WALLET,0,LOW,864,0
765.28,23,0,NETBANKING,1,MEDIUM,1,0
4412.69,13,1,NETBANKING,0,LOW,227,0
858.47,11,1,WALLET,0,MEDIUM,875,0
757.88,5,0,NETBANKING,0,LOW,615,0
774.05,4,1,CARD,1,MEDIUM,720,0
313.62,12,1,UPI,0,MEDIUM,212,0
332.25,0,1,CARD,0,LOW,14,0
664.62,9,1,UPI,0,LOW,508,0
970.07,18,1,NETBANKING,0,LOW,746,0
954.96,11,1,WALLET,0,MEDIUM,597,0
32704.59,9,0,WALLET,0,MEDIUM,828,0
155.64,16,1,CARD,1,LOW,565,0
990.56,20,0,WALLET,0,LOW,554,0
425.79,15,1,CARD,1,HIGH,198,1
58.39,6,0,NETBANKING,0,HIGH,855,0
104709.45,12,0,CARD,0,LOW,932,1
534.17,12,0,WALLET,0,LOW,919,0
975.27,8,0,CARD,0,LOW,150,0
761.44,17,1,UPI,0,LOW,363,0
15306.55,20,0,WALLET,1,LOW,499,0
741.36,7,0,UPI,0,MEDIUM,155,0
12297.68,21,1,NETBANKING,0,LOW,51,0
450.46,3,1,CARD,0,LOW,201,0
952.54,18,1,UPI,0,MEDIUM,697,0
12527.51,23,0,UPI,1,MEDIUM,33,0
316.99,20,0,CARD,0,LOW,729,0
576.96,4,0,CARD,1,LOW,598,0
121.43,11,0,WALLET,0,LOW,241,0
88.82,19,1,WALLET,0,LOW,209,0
881.43,15,1,WALLET,0,LOW,705,0
515.55,16,1,WALLET,0,LOW,726,0
32.97,9,0,UPI,0,LOW,133,0
606.18,5,1,NETBANKING,1,LOW,675,0
2886.03,3,1,UPI,0,MEDIUM,418,0
826.69,22,1,CARD,0,LOW,446,0
493.85,23,0,WALLET,0,MEDIUM,110,0
19863.89,12,0,WALLET,0,MEDIUM,174,0
11116.51,0,0,WALLET,0,LOW,419,0
979.99,16,0,NETBANKING,0,LOW,91,0
32233.19,5,1,WALLET,0,HIGH,783,0
10234.43,22,1,UPI,0,LOW,758,0
14135.32,20,0,CARD,0,LOW,469,0
2666.87,20,1,NETBANKING,0,MEDIUM,602,0
17441.42,20,0,UPI,0,LOW,813,0
110.62,1,0,NETBANKING,0,LOW,462,0
138.54,1,0,CARD,0,LOW,205,0
16342.7,15,0,NETBANKING,1,LOW,909,0
313.56,7,0,CARD,0,MEDIUM,974,0
153.52,22,1,UPI,0,LOW,148,0
365.71,19,0,NETBANKING,0,LOW,177,0
213.13,8,0,CARD,0,LOW,519,0
18241.36,22,0,WALLET,0,LOW,347,0
507.33,4,1,UPI,0,LOW,184,0
5407.2,22,0,NETBANKING,0,MEDIUM,898,0
855.33,2,1,CARD,0,LOW,919,0
317.51,19,1,UPI,0,LOW,350,0
656.59,14,1,CARD,0,LOW,991,0
6355.1,21,1,WALLET,0,MEDIUM,29,0
226.38,9,1,UPI,0,MEDIUM,945,0
262.71,0,1,UPI,0,MEDIUM,118,0
18783.9,17,1,WALLET,0,HIGH,852,0
932.92,21,0,CARD,0,LOW,43,0
887.15,18,1,NETBANKING,0,HIGH,219,0
544.13,7,1,CARD,0,LOW,870,0
12397.06,9,1,WALLET,0,LOW,737,0
7147.18,8,1,UPI,0,LOW,247,0
865.75,4,0,UPI,0,LOW,375,0
11054.46,16,0,UPI,0,LOW,944,0
168120.63,23,1,WALLET,0,LOW,344,0
542.9,16,0,CARD,1,HIGH,105,0
115773.92,11,0,NETBANKING,0,MEDIUM,649,0
8680.74,17,0,NETBANKING,0,MEDIUM,71,0
144.67,20,1,CARD,0,MEDIUM,813,0
93.0,12,0,NETBANKING,0,LOW,28,0
14202.96,22,0,NETBANKING,0,LOW,844,0
838.61,15,1,NETBANKING,0,LOW,401,0
787.41,18,0,UPI,0,MEDIUM,582,0
11.45,0,0,CARD,0,LOW,892,0
607.53,17,0,UPI,0,LOW,696,0
43.16,13,1,WALLET,0,LOW,248,0
405.16,3,0,UPI,0,MEDIUM,618,0
812.92,8,0,WALLET,0,HIGH,8,0
702.56,14,1,WALLET,0,MEDIUM,895,0
834.38,16,1,UPI,0,LOW,290,0
527.82,14,0,CARD,0,LOW,384,0
3448.96,1,0,UPI,0,MEDIUM,949,0
106.77,21,1,UPI,0,LOW,131,0
5902.24,14,1,WALLET,0,LOW,732,0
7050.0,4,0,UPI,0,LOW,261,0
463.82,21,0,NETBANKING,0,LOW,638,0
19041.83,18,1,UPI,0,LOW,547,0
603.33,14,0,CARD,0,MEDIUM,984,0
799.43,13,0,WALLET,0,LOW,335,0
530.9,15,1,NETBANKING,0,MEDIUM,122,0
655.68,1,1,UPI,0,MEDIUM,707,0
917.93,0,0,WALLET,0,MEDIUM,755,0
901.25,11,0,WALLET,0,MEDIUM,429,0
724.79,16,1,CARD,0,HIGH,551,0
722.26,8,1,WALLET,1,LOW,61,0
55.16,1,1,WALLET,0,LOW,350,0
197.41,8,0,UPI,0,LOW,351,0
715.21,17,0,NETBANKING,0,LOW,675,0
208.68,15,0,WALLET,0,MEDIUM,895,0
994.17,18,0,NETBANKING,0,MEDIUM,390,0
13636.56,1,1,NETBANKING,0,LOW,33,0
211.73,20,1,CARD,0,LOW,664,0
87.62,19,1,WALLET,0,LOW,172,0
259.03,8,0,CARD,0,LOW,146,0
545.18,5,1,UPI,0,LOW,814,0
840.75,17,0,NETBANKING,0,LOW,31,0
159.31,9,1,CARD,0,MEDIUM,585,0
5529.86,14,0,WALLET,0,LOW,200,0
937.0,18,0,WALLET,0,LOW,875,0
756.61,15,1,WALLET,0,MEDIUM,298,0
825.35,8,1,UPI,0,LOW,883,0
485.49,20,0,NETBANKING,0,MEDIUM,439,0
8662.82,7,0,UPI,1,LOW,787,0
401.44,4,0,NETBANKING,0,LOW,373,0
230.69,14,1,WALLET,0,LOW,464,0
844.01,8,0,CARD,0,LOW,532,0
673.22,21,1,WALLET,0,LOW,944,0
9656.5,1,1,UPI,0,LOW,535,0
419.63,16,0,CARD,0,MEDIUM,14,0
18710.55,19,1,WALLET,0,LOW,785,0
948.73,5,0,UPI,0,MEDIUM,219,0
4222.36,0,0,WALLET,0,MEDIUM,596,0
135.1,12,1,UPI,0,MEDIUM,380,0
319.66,6,1,NETBANKING,0,LOW,234,0
614.48,4,1,UPI,0,LOW,620,0
16515.34,22,1,UPI,0,LOW,862,0
209.26,21,1,WALLET,0,LOW,959,0
149.88,13,1,UPI,0,MEDIUM,572,0
130.14,5,0,CARD,0,LOW,254,0
131.12,22,1,UPI,0,MEDIUM,98,0
389.81,18,1,WALLET,0,MEDIUM,869,0
1924.85,23,0,WALLET,0,LOW,773,0
19947.41,2,1,NETBANKING,0,LOW,702,0
516.49,9,1,UPI,0,LOW,475,0
11665.83,0,1,NETBANKING,0,HIGH,909,0
10405.22,15,1,CARD,1,LOW,89,0
729.3,8,1,UPI,0,LOW,660,0
733.8,13,0,UPI,0,LOW,7,0
23.59,1,0,NETBANKING,0,LOW,969,0
808.46,12,1,UPI,0,MEDIUM,51,0
30.65,8,0,UPI,0,MEDIUM,441,0
227.87,15,1,CARD,0,HIGH,567,0
522.71,19,0,NETBANKING,0,MEDIUM,901,0
724.84,20,1,CARD,0,MEDIUM,786,0
692.9,18,0,NETBANKING,0,LOW,534,0
181.05,20,1,UPI,0,LOW,424,0
76.53,17,0,UPI,0,LOW,251,0
352.76,1,0,NETBANKING,0,LOW,407,0
112.19,16,1,NETBANKING,0,LOW,386,0
407.73,8,1,UPI,0,MEDIUM,625,0
16126.48,16,1,NETBANKING,0,MEDIUM,12,0
158.04,13,0,UPI,0,LOW,456,0
9336.82,10,0,WALLET,0,LOW,605,0
199.33,9,1,UPI,0,MEDIUM,930,0
849.0,21,0,NETBANKING,0,MEDIUM,947,0
323.57,5,1,CARD,0,MEDIUM,832,0
986.69,3,0,WALLET,1,MEDIUM,144,0
531.29,1,1,WALLET,0,MEDIUM,576,0
416.98,20,1,CARD,0,LOW,111,0
19.69,15,0,CARD,0,MEDIUM,773,0
201.62,3,0,WALLET,0,LOW,869,0
102.53,23,0,WALLET,0,HIGH,647,0
382.57,14,0,UPI,0,MEDIUM,799,0
80.14,23,0,CARD,0,LOW,137,0
490.81,20,0,UPI,1,LOW,824,0
337.73,20,1,WALLET,0,LOW,22,0
749.97,4,1,CARD,0,LOW,704,0
13051.57,20,0,UPI,0,HIGH,431,0
3309.72,12,0,CARD,0,LOW,424,0
9854.59,5,1,UPI,0,LOW,484,0
520.98,17,0,NETBANKING,0,LOW,589,0
291.1,16,1,NETBANKING,0,LOW,72,0
240.51,11,0,UPI,0,MEDIUM,245,0
568.44,20,1,WALLET,0,LOW,77,0
7778.93,19,1,CARD,0,LOW,712,0
12477.22,12,1,UPI,0,LOW,905,0
653.7,16,1,NETBANKING,0,MEDIUM,96,0
459.74,22,1,UPI,0,LOW,906,0
886.74,6,0,WALLET,0,LOW,37,0
369.4,8,0,WALLET,0,LOW,282,0
401.0,14,0,NETBANKING,1,MEDIUM,610,0
835.05,4,0,WALLET,0,LOW,479,0
890.82,1,1,WALLET,0,LOW,827,0
218.43,22,1,NETBANKING,0,LOW,185,0
95.33,15,0,CARD,0,MEDIUM,104,0
43231.68,14,0,WALLET,0,LOW,223,0
535.67,5,0,NETBANKING,0,LOW,717,0
644.48,21,0,UPI,0,MEDIUM,594,0
45.91,12,1,CARD,0,LOW,255,0
428.34,3,1,NETBANKING,0,LOW,447,0
405.3,22,0,UPI,0,MEDIUM,874,0
400.29,13,0,WALLET,0,MEDIUM,279,0
724.61,17,0,WALLET,0,MEDIUM,438,0
265.58,17,0,WALLET,0,MEDIUM,71,0
987.66,21,0,UPI,0,LOW,160,0
28436.41,11,0,UPI,0,MEDIUM,351,0
767.33,12,0,CARD,1,MEDIUM,607,0
16050.88,8,1,NETBANKING,0,LOW,102,0
10176.39,23,0,CARD,1,LOW,961,0
15345.89,23,0,NETBANKING,0,LOW,25,0
6268.47,4,0,NETBANKING,0,LOW,676,0
857.21,1,1,CARD,0,MEDIUM,511,0
492.77,3,0,NETBANKING,1,LOW,826,1
936.64,21,0,UPI,1,LOW,379,0
7331.8,6,0,NETBANKING,0,LOW,761,0
10.07,15,0,WALLET,0,LOW,957,0
30672.52,19,0,WALLET,0,LOW,325,0
449.76,0,1,UPI,0,LOW,868,0
791.45,10,0,WALLET,0,MEDIUM,590,0
755.12,14,0,WALLET,0,LOW,658,0
560.1,13,1,NETBANKING,0,LOW,190,0
56.7,16,1,UPI,0,MEDIUM,686,0
3965.04,2,0,UPI,0,LOW,545,0
14817.95,17,1,UPI,0,HIGH,819,0
126.12,21,0,UPI,0,MEDIUM,484,0
129.97,20,0,NETBANKING,0,HIGH,303,0
778.43,9,0,CARD,0,MEDIUM,130,0
391.97,4,1,CARD,0,LOW,173,0
502.21,4,0,CARD,0,LOW,486,0
714.77,17,1,CARD,0,LOW,190,0
6490.53,10,1,UPI,0,MEDIUM,184,0
840.09,13,0,CARD,0,MEDIUM,740,0
4090.68,5,1,WALLET,0,LOW,722,0
10216.17,3,0,CARD,0,LOW,334,0
10416.09,20,1,WALLET,0,LOW,887,0
773.04,18,0,WALLET,0,LOW,561,0
3365.42,5,1,NETBANKING,0,MEDIUM,629,0
929.05,17,0,UPI,0,LOW,421,0
389.2,3,0,CARD,0,HIGH,964,0
22.37,5,1,CARD,0,LOW,241,0
478.35,13,0,WALLET,0,LOW,303,0
7866.15,2,1,CARD,0,LOW,773,0
762.3,14,1,UPI,0,LOW,184,0
952.33,0,1,CARD,0,LOW,378,0
157.54,4,0,UPI,0,MEDIUM,40,0
307.1,19,1,NETBANKING,0,LOW,341,0
19377.28,13,1,NETBANKING,0,LOW,721,0
918.82,2,0,UPI,0,LOW,444,0
60.57,11,1,WALLET,0,LOW,931,0
317.01,18,1,WALLET,0,HIGH,690,0
786.51,8,0,CARD,0,LOW,471,0
736.65,14,0,WALLET,0,MEDIUM,747,0
609.77,11,1,UPI,0,MEDIUM,549,0
312.66,0,0,NETBANKING,0,LOW,701,0
17559.39,20,0,WALLET,0,MEDIUM,359,0
132.76,13,1,CARD,0,LOW,154,0
94.76,11,0,UPI,0,LOW,651,0
189.68,13,1,NETBANKING,0,MEDIUM,470,0
242.26,10,1,CARD,0,MEDIUM,79,0
13696.68,11,1,CARD,1,MEDIUM,780,0
368.31,19,0,WALLET,0,MEDIUM,682,0
482.73,21,0,WALLET,0,LOW,940,0
882.27,1,1,WALLET,0,LOW,905,0
559.19,7,0,WALLET,0,MEDIUM,84,0
548.95,0,1,WALLET,0,MEDIUM,447,0
7132.13,7,1,NETBANKING,0,MEDIUM,745,0
831.22,6,0,CARD,0,LOW,572,0
475.98,6,1,NETBANKING,0,MEDIUM,234,0
164.07,21,1,CARD,0,LOW,374,0
950.68,5,1,NETBANKING,0,HIGH,434,0
988.51,21,0,WALLET,0,LOW,265,0
22.72,5,0,WALLET,0,LOW,781,0
259.9,1,0,NETBANKING,0,LOW,869,0
820.19,7,0,CARD,0,LOW,874,0
913.75,23,1,UPI,0,LOW,235,0
285.78,22,1,UPI,0,LOW,561,0
13991.9,2,1,CARD,0,LOW,367,0
828.56,6,1,UPI,0,MEDIUM,336,0
924.77,5,0,WALLET,0,LOW,500,0
220.93,8,0,CARD,1,LOW,978,0
537.05,6,1,UPI,0,LOW,62,0
537.74,10,1,UPI,0,LOW,549,0
852.06,16,1,CARD,1,LOW,529,0
515.7,21,1,NETBANKING,0,MEDIUM,907,0
842.35,0,0,WALLET,0,LOW,715,0
842.27,5,1,UPI,0,LOW,653,0
857.89,6,0,WALLET,0,MEDIUM,817,0
344.96,14,1,CARD,0,LOW,157,0
531.8,3,1,WALLET,1,HIGH,755,1
155.04,6,1,WALLET,0,LOW,974,0
159.31,8,1,UPI,0,LOW,990,0
378.35,0,1,WALLET,0,LOW,178,0
369.69,7,1,WALLET,0,MEDIUM,505,0
943.91,22,0,WALLET,0,LOW,937,0
603.49,23,0,CARD,0,LOW,14,0
17903.09,13,0,UPI,0,LOW,247,0
15368.71,11,1,WALLET,0,LOW,472,0
18959.06,10,0,WALLET,0,LOW,699,0
168.37,18,0,WALLET,0,LOW,633,0
12757.7,3,1,UPI,0,LOW,107,0
451.55,1,1,WALLET,0,MEDIUM,788,0
459.35,9,1,NETBANKING,0,LOW,809,0
565.2,9,0,CARD,0,LOW,755,0
999.84,17,0,WALLET,0,MEDIUM,387,0
1671.88,2,1,UPI,0,LOW,133,0
9755.46,11,0,CARD,0,LOW,250,0
7738.45,15,1,WALLET,0,LOW,62,0
15.6,13,1,CARD,0,MEDIUM,754,0
125.07,5,1,WALLET,0,LOW,195,0
633.46,22,1,NETBANKING,0,MEDIUM,845,0
269.73,17,0,UPI,0,LOW,606,0
15245.88,8,1,NETBANKING,0,LOW,360,0
17815.59,8,1,WALLET,0,LOW,840,0
16628.86,18,0,UPI,0,LOW,427,0
10542.11,3,0,WALLET,0,MEDIUM,47,0
759.85,22,0,WALLET,0,LOW,889,0
855.89,9,0,NETBANKING,0,MEDIUM,287,0
2409.73,4,1,UPI,0,LOW,657,0
194.51,4,0,WALLET,0,HIGH,358,0
10698.0,4,1,NETBANKING,0,LOW,244,0
129.17,5,1,CARD,0,LOW,103,0
560.89,17,1,NETBANKING,0,HIGH,529,0
17533.8,17,0,CARD,0,LOW,145,0
70.16,14,1,UPI,0,HIGH,243,0
10001.05,7,0,UPI,0,LOW,353,0
9284.1,0,0,NETBANKING,0,LOW,570,0
472.43,6,1,WALLET,0,LOW,888,0
209.35,22,1,NETBANKING,0,MEDIUM,580,0
908.57,3,0,CARD,0,LOW,460,0
479.7,17,1,WALLET,0,LOW,249,0
722.57,4,0,NETBANKING,1,MEDIUM,185,0
810.87,10,1,UPI,0,LOW,64,0
101.49,11,1,NETBANKING,0,LOW,850,0
19717.93,15,1,WALLET,0,LOW,626,0
2674.7,21,0,NETBANKING,0,LOW,134,0
478.21,4,1,WALLET,1,MEDIUM,321,0
65.8,13,0,CARD,0,LOW,173,0
16509.21,5,1,CARD,0,MEDIUM,796,0
944.07,18,0,UPI,0,LOW,550,0
271.27,13,0,CARD,0,MEDIUM,195,0
385.28,23,1,NETBANKING,1,LOW,483,0
19094.54,9,1,CARD,0,HIGH,389,0
103463.2,1,1,UPI,0,HIGH,58,1
641.6,6,0,UPI,0,LOW,457,0
703.72,13,0,UPI,0,MEDIUM,510,0
900.55,15,1,CARD,0,HIGH,837,0
592.68,8,0,CARD,0,LOW,232,0
724.84,7,0,UPI,0,LOW,701,0
405.25,22,1,NETBANKING,0,LOW,426,0
307.68,10,1,UPI,0,LOW,416,0
655.74,10,1,WALLET,1,LOW,682,0
7501.14,5,0,CARD,0,MEDIUM,366,0
760.34,10,0,WALLET,0,HIGH,200,0
359.59,3,0,CARD,0,LOW,477,0
176.68,0,1,NETBANKING,0,LOW,955,0
947.74,6,0,UPI,0,MEDIUM,597,0
8396.44,1,0,WALLET,0,LOW,685,0
959.44,19,1,WALLET,0,HIGH,711,0
6887.84,20,1,CARD,0,LOW,65,0
8615.78,22,1,WALLET,0,LOW,69,0
681.73,6,1,CARD,0,LOW,758,0
350.87,2,1,CARD,0,HIGH,563,0
19005.81,23,0,WALLET,0,LOW,606,0
466.2,21,0,CARD,0,MEDIUM,436,0
563.63,6,0,NETBANKING,0,HIGH,135,0
888.03,10,1,NETBANKING,0,LOW,413,0
10264.58,6,0,WALLET,0,LOW,670,0
193343.23,2,0,CARD,0,LOW,360,1
619.84,15,0,UPI,0,LOW,629,0
570.67,15,0,CARD,0,MEDIUM,914,0
236.56,13,1,UPI,0,LOW,849,0
190.59,2,0,UPI,0,MEDIUM,926,0
781.26,0,0,CARD,0,LOW,826,0
6412.94,8,1,WALLET,0,LOW,837,0
1544.76,4,1,NETBANKING,0,MEDIUM,589,0
861.93,1,1,WALLET,0,LOW,973,0
70.09,13,1,UPI,0,MEDIUM,480,0
114.13,23,1,UPI,0,LOW,908,0
709.11,0,1,CARD,0,MEDIUM,858,0
17666.05,13,0,NETBANKING,0,LOW,254,0
44.21,14,0,NETBANKING,0,LOW,455,0
3939.48,2,0,CARD,0,HIGH,763,0
124.73,19,0,CARD,0,MEDIUM,971,0
246.92,10,0,WALLET,0,HIGH,387,0
2778.05,18,0,NETBANKING,1,MEDIUM,912,0
419.44,7,0,WALLET,0,MEDIUM,472,0
402.25,15,0,NETBANKING,0,LOW,963,0
535.02,16,1,WALLET,0,LOW,254,0
841.64,3,0,CARD,0,LOW,687,0
626.51,13,0,NETBANKING,0,LOW,873,0
826.98,7,1,UPI,0,HIGH,350,0
61.61,23,1,CARD,0,LOW,622,0
325.41,22,0,WALLET,0,LOW,489,0
157376.61,17,1,WALLET,0,LOW,151,0
717.24,21,1,CARD,0,MEDIUM,982,0
669.54,15,1,UPI,0,LOW,820,0
537.8,16,1,UPI,0,LOW,764,0
960.49,6,0,CARD,0,MEDIUM,264,0
10172.78,17,0,UPI,0,LOW,150,0
805.78,4,0,NETBANKING,0,MEDIUM,852,0
1197.38,13,0,UPI,0,LOW,774,0
215.56,15,1,UPI,1,LOW,156,0
391.56,17,0,UPI,0,LOW,140,0
733.11,22,1,NETBANKING,0,LOW,112,0
10930.14,22,0,WALLET,0,LOW,256,0
257.09,9,0,CARD,0,LOW,670,0
817.42,8,0,WALLET,0,LOW,559,0
825.81,17,0,CARD,0,LOW,555,0
420.04,6,0,NETBANKING,0,LOW,695,0
59.18,16,1,UPI,0,MEDIUM,510,0
537.8,7,0,UPI,0,LOW,808,0
476.02,14,0,CARD,0,LOW,758,0
3010.5,15,1,UPI,0,MEDIUM,484,0
185.33,16,1,NETBANKING,0,LOW,767,0
1643.86,2,0,CARD,0,HIGH,221,0
5087.0,12,1,UPI,0,MEDIUM,411,0
127.51,0,0,NETBANKING,0,LOW,499,0
853.66,22,1,CARD,0,MEDIUM,69,0
420.28,2,0,UPI,0,LOW,478,0
7244.67,11,0,WALLET,0,LOW,133,0
985.25,7,1,NETBANKING,0,HIGH,7,0
44.22,18,1,NETBANKING,1,LOW,173,0
361.4,12,0,CARD,0,MEDIUM,853,0
11703.99,17,0,NETBANKING,0,LOW,89,0
17069.17,16,0,CARD,0,LOW,642,0
95.82,13,0,UPI,0,LOW,672,0
233.54,8,1,WALLET,0,MEDIUM,512,0
5387.65,19,0,NETBANKING,0,MEDIUM,61,0
172.32,9,0,WALLET,0,LOW,201,0
6455.42,11,1,WALLET,1,LOW,623,0
666.43,8,1,UPI,0,MEDIUM,849,0
222.53,15,0,NETBANKING,0,LOW,839,0
65.42,18,1,CARD,0,MEDIUM,896,0
651.42,6,0,UPI,0,HIGH,879,0
581.99,16,0,UPI,0,HIGH,288,0
3431.13,8,0,NETBANKING,1,LOW,157,0
730.93,14,1,NETBANKING,0,MEDIUM,546,0
161.19,20,0,WALLET,1,LOW,395,0
973.66,22,1,WALLET,0,LOW,969,0
890.07,0,0,WALLET,0,LOW,47,0
113.99,13,1,UPI,0,HIGH,895,0
15539.09,11,1,NETBANKING,0,LOW,672,0
692.57,4,1,WALLET,0,LOW,447,0
104504.4,15,1,UPI,0,LOW,704,0
2189.71,5,1,WALLET,0,MEDIUM,711,0
322.17,9,0,WALLET,0,LOW,829,0
620.12,8,1,WALLET,0,LOW,461,0
433.98,6,1,NETBANKING,0,LOW,552,0
246.49,19,0,CARD,0,LOW,972,0
2970.04,4,0,CARD,0,LOW,271,0
16710.87,19,1,CARD,0,LOW,218,0
709.75,0,1,NETBANKING,0,LOW,648,0
635.57,21,0,UPI,0,MEDIUM,565,0
886.16,10,0,NETBANKING,0,LOW,382,0
210.56,18,0,UPI,0,LOW,270,0
11801.3,16,1,WALLET,0,MEDIUM,81,0
293.31,14,0,CARD,1,LOW,675,0
181.74,18,1,NETBANKING,0,LOW,187,0
247.48,1,0,WALLET,0,MEDIUM,959,0
822.36,11,0,NETBANKING,0,LOW,870,0
746.11,7,0,CARD,0,MEDIUM,454,0
199.84,13,0,CARD,0,MEDIUM,959,0
805.86,4,0,UPI,1,MEDIUM,228,0
893.56,20,0,UPI,0,LOW,166,0
211.97,2,1,UPI,0,MEDIUM,512,0
731.95,16,1,NETBANKING,0,LOW,117,0
14192.74,5,1,WALLET,1,MEDIUM,350,0
293.22,8,1,NETBANKING,0,HIGH,641,0
18284.97,19,1,CARD,0,LOW,513,0
16526.49,20,1,NETBANKING,0,LOW,586,0
340.62,23,1,NETBANKING,0,MEDIUM,779,0
759.49,1,0,NETBANKING,0,LOW,298,0
304.64,21,1,NETBANKING,0,LOW,603,0
109.71,0,1,WALLET,0,LOW,519,0
898.06,12,0,CARD,0,LOW,297,0
572.5,22,0,NETBANKING,0,LOW,936,0
647.46,15,1,CARD,1,LOW,121,0
128086.57,10,1,WALLET,0,LOW,970,0
802.48,18,0,CARD,0,LOW,47,0
2161.77,10,1,UPI,0,MEDIUM,625,0
71.02,10,0,CARD,0,LOW,899,0
15549.87,2,0,NETBANKING,0,LOW,183,0
947.53,14,0,CARD,0,LOW,73,0
966.93,14,0,NETBANKING,0,LOW,255,0
10071.38,7,0,NETBANKING,0,LOW,707,0
879.38,9,0,NETBANKING,1,MEDIUM,254,0
381.57,10,0,UPI,0,MEDIUM,105,0
10893.88,13,1,WALLET,0,MEDIUM,533,0
345.18,17,1,WALLET,0,LOW,908,0
417.02,5,0,NETBANKING,0,LOW,947,0
7933.02,4,1,WALLET,0,MEDIUM,497,0
642.57,19,0,NETBANKING,0,LOW,175,0
339.59,5,1,WALLET,0,LOW,367,0
303.99,14,0,CARD,0,MEDIUM,287,0
16714.45,10,1,UPI,0,LOW,493,0
322.06,3,0,NETBANKING,0,HIGH,622,0
12963.67,8,1,NETBANKING,0,LOW,255,0
619.08,8,1,UPI,0,MEDIUM,546,0
251.97,14,0,WALLET,0,LOW,594,0
844.45,11,1,WALLET,0,HIGH,814,0
255.85,20,1,UPI,0,LOW,680,0
123.35,19,1,UPI,0,LOW,885,0
944.75,13,1,WALLET,0,MEDIUM,585,0
398.31,9,1,CARD,0,MEDIUM,512,0
858.39,0,1,WALLET,0,HIGH,873,0
254.59,16,0,UPI,0,MEDIUM,258,0
385.7,1,1,CARD,0,HIGH,435,0
5731.07,18,1,UPI,0,LOW,441,0
151.02,14,1,UPI,0,LOW,331,0
680.23,0,1,CARD,0,LOW,40,0
806.19,14,0,CARD,0,LOW,604,0
175.32,13,0,UPI,0,LOW,363,0
304.99,15,0,CARD,0,LOW,823,0
15062.85,16,1,WALLET,0,LOW,863,0
3647.64,14,0,WALLET,0,MEDIUM,58,0
583.08,16,0,UPI,0,LOW,115,0
743.75,19,0,CARD,0,LOW,641,0
16223.08,4,1,UPI,1,MEDIUM,648,0
906.65,18,0,NETBANKING,0,HIGH,880,0
242.21,16,1,NETBANKING,0,LOW,223,0
869.79,17,0,UPI,0,MEDIUM,420,0
17301.02,16,0,WALLET,0,LOW,24,0
176.85,18,0,CARD,0,LOW,455,0
8811.93,13,1,UPI,0,MEDIUM,872,0
146663.18,11,1,CARD,0,LOW,224,1
453.97,18,1,UPI,1,LOW,437,0
11652.59,6,1,UPI,0,HIGH,800,0
491.92,9,1,WALLET,0,LOW,108,0
865.91,14,1,NETBANKING,0,MEDIUM,21,0
89.35,20,0,NETBANKING,0,MEDIUM,249,0
319.24,10,1,UPI,0,LOW,298,0
450.84,8,1,UPI,0,LOW,276,0
895.47,15,1,NETBANKING,0,LOW,810,0
834.7,23,0,UPI,0,LOW,652,0
814.32,13,1,NETBANKING,0,HIGH,521,0
283.88,10,0,WALLET,0,MEDIUM,972,0
345.31,8,1,WALLET,0,LOW,982,0
2379.04,21,1,UPI,0,LOW,355,0
756.13,4,0,UPI,0,LOW,763,0
169496.7,19,0,NETBANKING,0,LOW,804,0
66197.18,15,0,UPI,0,LOW,3,0
900.39,16,0,NETBANKING,0,MEDIUM,764,0
981.01,16,1,CARD,0,LOW,383,0
419.49,11,0,WALLET,0,MEDIUM,931,0
33.87,2,0,CARD,0,HIGH,383,0
753.19,5,1,CARD,0,LOW,673,0
18244.19,13,1,UPI,0,MEDIUM,566,0
7697.51,5,1,WALLET,0,LOW,883,0
13821.15,21,1,UPI,1,MEDIUM,973,0
6671.01,15,1,CARD,1,LOW,231,0
18484.33,1,0,NETBANKING,0,MEDIUM,350,0
44.51,2,1,WALLET,1,LOW,669,0
11773.41,14,0,NETBANKING,0,LOW,987,0
14075.87,15,1,CARD,1,MEDIUM,929,0
138.32,9,1,UPI,0,LOW,87,0
20.38,3,0,WALLET,0,LOW,497,0
592.78,4,1,CARD,0,LOW,577,0
57.19,5,1,WALLET,0,LOW,927,0
639.06,9,0,UPI,0,MEDIUM,9,0
6012.7,23,1,NETBANKING,1,LOW,30,0
555.2,6,1,CARD,0,LOW,979,0
436.22,16,1,UPI,0,MEDIUM,823,0
112502.91,5,0,WALLET,0,LOW,352,1
16044.44,17,0,UPI,0,LOW,260,0
841.02,16,0,NETBANKING,0,LOW,985,0
807.8,22,0,UPI,0,MEDIUM,930,0
584.67,6,1,UPI,0,MEDIUM,541,0
490.65,7,1,UPI,0,LOW,587,0
138.85,16,0,NETBANKING,0,MEDIUM,973,0
101149.59,19,0,NETBANKING,0,HIGH,154,1
98203.47,4,1,NETBANKING,0,MEDIUM,785,0
711.35,19,1,UPI,0,MEDIUM,80,0
863.78,16,1,CARD,0,MEDIUM,577,0
448.49,17,0,WALLET,1,LOW,494,0
528.35,14,1,CARD,0,MEDIUM,627,0
28.31,13,1,UPI,0,LOW,906,0
68.25,3,0,CARD,0,LOW,554,0
16735.83,9,1,NETBANKING,0,MEDIUM,360,0
970.49,14,0,CARD,0,MEDIUM,264,0
470.41,0,0,UPI,0,LOW,467,0
439.15,11,1,UPI,0,LOW,289,0
825.74,8,1,UPI,0,MEDIUM,759,0
958.11,4,1,CARD,0,LOW,846,0
987.97,8,1,WALLET,0,LOW,497,0
270.94,17,0,UPI,0,MEDIUM,842,0
437.61,0,0,NETBANKING,0,MEDIUM,110,0
988.9,1,1,WALLET,1,LOW,173,0
62398.45,12,1,WALLET,0,LOW,437,0
6756.88,6,0,UPI,0,LOW,107,0
899.88,2,1,CARD,0,LOW,407,0
13257.44,23,0,UPI,0,LOW,255,0
922.83,8,1,UPI,0,LOW,172,0
870.4,10,0,CARD,0,LOW,978,0
414.25,6,0,UPI,0,LOW,136,0
330.74,8,0,CARD,0,LOW,46,0
320.08,7,1,NETBANKING,0,LOW,751,0
4698.43,8,0,NETBANKING,0,LOW,312,0
596.86,10,0,NETBANKING,0,LOW,857,0
998.44,4,1,WALLET,0,LOW,864,0
950.75,13,1,WALLET,0,MEDIUM,533,0
911.3,7,1,UPI,1,LOW,22,0
7593.19,10,0,WALLET,0,HIGH,889,0
3425.45,23,0,CARD,0,LOW,9,0
723.85,0,0,UPI,0,LOW,795,0
631.66,5,1,NETBANKING,0,HIGH,374,0
547.69,7,1,NETBANKING,0,LOW,73,0
17328.62,23,1,WALLET,0,HIGH,954,0
5284.97,12,1,UPI,1,LOW,347,0
698.77,12,0,NETBANKING,0,LOW,858,0
486.91,17,0,NETBANKING,0,MEDIUM,208,0
16953.34,3,1,NETBANKING,0,MEDIUM,13,0
4186.84,15,1,WALLET,0,LOW,408,0
29.48,12,1,WALLET,0,MEDIUM,695,0
93.99,4,0,NETBANKING,0,LOW,666,0
49.13,15,1,UPI,1,LOW,175,0
306.79,11,1,NETBANKING,1,LOW,979,0
31.12,19,0,CARD,0,HIGH,362,0
615.44,17,1,UPI,0,LOW,442,0
633.17,4,1,UPI,0,LOW,97,0
619.26,13,1,WALLET,0,MEDIUM,93,0
16276.55,13,1,WALLET,0,LOW,929,0
77.53,6,0,NETBANKING,0,MEDIUM,705,0
68753.81,12,1,UPI,0,HIGH,130,0
2691.51,6,1,NETBANKING,0,HIGH,264,0
480.46,14,1,NETBANKING,0,MEDIUM,923,0
664.76,9,1,UPI,0,MEDIUM,510,0
11394.62,12,0,NETBANKING,0,HIGH,738,0
753.0,22,0,CARD,0,MEDIUM,816,0
239.58,22,1,UPI,0,LOW,103,0
426.6,20,0,WALLET,0,MEDIUM,919,0
624.78,22,1,UPI,0,MEDIUM,533,0
88.13,7,1,CARD,1,LOW,320,0
71022.69,20,1,CARD,0,LOW,757,0
49.71,1,0,UPI,0,MEDIUM,402,0
220.92,23,0,WALLET,0,LOW,223,0
541.89,23,1,UPI,0,HIGH,408,0
524.97,16,0,CARD,0,MEDIUM,247,0
2592.1,10,1,NETBANKING,0,LOW,397,0
3913.18,2,0,NETBANKING,0,MEDIUM,718,0
911.92,20,0,NETBANKING,0,MEDIUM,955,0
2820.92,4,0,WALLET,0,LOW,323,0
365.81,13,1,WALLET,0,MEDIUM,364,0
585.75,8,1,NETBANKING,0,LOW,957,0
483.61,23,1,CARD,0,HIGH,399,0
639.31,5,1,UPI,0,LOW,501,0
7041.03,5,1,UPI,1,LOW,760,0
740.56,5,0,WALLET,0,MEDIUM,172,0
16812.44,2,0,UPI,0,HIGH,706,0
657.17,4,1,UPI,0,MEDIUM,525,0
750.0,17,0,UPI,0,LOW,59,0
11643.47,13,0,CARD,0,LOW,538,0
53.78,19,0,WALLET,0,LOW,758,0
780.2,1,0,UPI,0,MEDIUM,896,0
205.53,2,1,WALLET,0,LOW,231,0
167916.72,6,0,NETBANKING,0,HIGH,765,1
100.63,22,0,CARD,1,LOW,96,0
889.69,8,1,WALLET,0,MEDIUM,73,0
832.8,1,0,NETBANKING,0,LOW,433,0
4796.2,17,0,UPI,0,LOW,726,0
12710.7,2,1,CARD,0,LOW,749,0
897.72,10,0,CARD,0,LOW,661,0
757.23,13,1,NETBANKING,0,MEDIUM,491,0
153.7,6,0,CARD,0,HIGH,521,0
20.52,19,1,UPI,0,MEDIUM,294,0
557.33,8,0,WALLET,1,MEDIUM,330,0
439.54,1,1,NETBANKING,0,MEDIUM,429,0
753.58,12,1,CARD,0,LOW,22,0
754.94,20,0,UPI,0,LOW,174,0
958.93,19,1,CARD,0,LOW,888,0
12484.88,17,0,NETBANKING,0,LOW,177,0
6334.71,13,0,CARD,0,MEDIUM,814,0
608.16,19,1,CARD,0,LOW,350,0
425.49,4,1,WALLET,0,HIGH,254,0
893.56,2,1,UPI,0,LOW,526,0
157.73,15,1,CARD,0,HIGH,56,0
918.57,17,0,UPI,0,MEDIUM,637,0
661.27,8,0,UPI,0,HIGH,253,0
47.88,16,0,NETBANKING,0,LOW,805,0
643.68,5,1,NETBANKING,0,LOW,234,0
14456.3,23,0,NETBANKING,1,HIGH,381,1
181.34,15,1,UPI,0,MEDIUM,990,0
13656.9,11,1,WALLET,0,LOW,210,0
278.05,0,1,CARD,0,LOW,67,0
966.83,5,0,WALLET,0,LOW,524,0
668.7,5,0,UPI,0,MEDIUM,813,0
891.89,19,0,NETBANKING,0,MEDIUM,297,0
2407.33,8,0,WALLET,0,LOW,473,0
607.96,10,0,NETBANKING,0,HIGH,573,0
161.27,23,0,NETBANKING,0,LOW,291,0
827.7,1,0,NETBANKING,0,MEDIUM,502,0
18296.31,19,0,NETBANKING,0,MEDIUM,33,0
10262.03,11,0,UPI,0,LOW,649,0
414.42,8,0,CARD,0,MEDIUM,877,0
11143.98,5,0,CARD,0,LOW,420,0
43.76,4,1,CARD,0,LOW,420,0
464.97,3,0,UPI,0,LOW,197,0
828.65,7,0,WALLET,1,LOW,272,0
462.74,4,0,WALLET,0,MEDIUM,123,0
17752.09,19,0,WALLET,1,LOW,389,0
14459.91,23,0,UPI,0,LOW,678,0
9273.62,22,1,UPI,0,LOW,567,0
871.74,9,0,CARD,0,LOW,440,0
40.72,6,0,UPI,0,LOW,458,0
5675.73,13,0,UPI,0,LOW,9,0
1896.14,17,1,CARD,1,LOW,680,0
267.03,0,0,NETBANKING,0,MEDIUM,576,0
863.14,6,0,NETBANKING,0,MEDIUM,805,0
1867.93,10,0,NETBANKING,1,LOW,290,0
402.34,15,0,UPI,0,LOW,17,0
69.98,14,0,WALLET,0,LOW,737,0
365.82,19,0,NETBANKING,0,MEDIUM,389,0
898.65,5,0,CARD,0,MEDIUM,5,0
237.46,19,1,WALLET,0,LOW,313,0
611.72,22,0,UPI,0,MEDIUM,939,0
5021.41,3,1,UPI,0,LOW,18,0
196.53,5,1,CARD,0,LOW,664,0
144.22,10,1,WALLET,0,LOW,998,0
658.29,15,1,UPI,0,HIGH,226,0
562.86,11,0,CARD,0,MEDIUM,512,0
429.08,1,1,NETBANKING,0,LOW,225,0
153027.63,2,0,UPI,0,LOW,691,1
1697.89,18,1,CARD,0,LOW,720,0
339.28,10,0,UPI,0,LOW,421,0
5109.66,17,1,UPI,0,MEDIUM,135,0
986.36,20,1,UPI,0,LOW,664,0
1020.24,18,1,UPI,0,LOW,652,0
160.59,19,1,CARD,0,LOW,887,0
76.03,13,1,CARD,0,LOW,773,0
6485.0,5,1,CARD,0,MEDIUM,702,0
85001.11,10,0,CARD,0,LOW,664,0
9009.55,9,0,WALLET,0,MEDIUM,454,0
230.53,20,1,CARD,1,HIGH,303,1
87.86,9,1,CARD,0,LOW,523,0
361.33,8,1,WALLET,0,MEDIUM,16,0
821.1,5,0,NETBANKING,1,HIGH,137,1
575.09,19,0,CARD,0,LOW,417,0
128982.41,5,1,NETBANKING,0,LOW,882,1
3450.7,11,1,NETBANKING,1,LOW,461,0
436.81,2,1,WALLET,1,HIGH,487,1
1215.62,12,1,UPI,0,LOW,658,0
311.24,5,1,UPI,1,LOW,143,0
238.72,14,1,CARD,0,MEDIUM,292,0
907.97,8,0,CARD,0,LOW,270,0
12762.04,19,0,NETBANKING,0,LOW,388,0
274.8,20,1,NETBANKING,0,MEDIUM,962,0
7240.99,17,1,UPI,0,LOW,758,0
182.11,9,1,NETBANKING,0,LOW,872,0
156.31,3,0,CARD,0,LOW,66,0
969.86,11,0,CARD,1,LOW,245,0
924.36,5,1,WALLET,0,MEDIUM,444,0
864.1,19,0,CARD,0,LOW,134,0
336.63,19,0,CARD,0,MEDIUM,429,0
187.57,10,0,UPI,0,LOW,375,0
564.11,6,1,CARD,0,LOW,542,0
15992.46,2,1,WALLET,0,LOW,946,0
2458.07,16,0,NETBANKING,0,MEDIUM,397,0
236.3,19,0,CARD,1,LOW,407,0
896.43,21,0,WALLET,0,LOW,59,0
211.52,4,0,NETBANKING,0,LOW,382,0
561.66,10,1,NETBANKING,0,LOW,80,0
6689.77,22,1,NETBANKING,0,LOW,582,0
286.41,13,1,NETBANKING,0,LOW,154,0
300.79,4,0,NETBANKING,0,LOW,995,0
419.85,2,1,WALLET,0,MEDIUM,277,0
916.56,9,1,UPI,0,LOW,528,0
250.37,2,1,NETBANKING,0,MEDIUM,345,0
292.14,0,1,UPI,0,HIGH,336,0
509.55,0,1,UPI,0,MEDIUM,200,0
801.5,3,1,UPI,0,MEDIUM,442,0
280.97,8,0,CARD,0,MEDIUM,989,0
12340.95,14,0,CARD,0,LOW,736,0
13800.06,18,1,WALLET,0,LOW,680,0
80439.69,3,0,CARD,0,LOW,369,1
599.72,23,0,NETBANKING,0,LOW,638,0
14307.85,2,0,CARD,0,LOW,968,0
729.36,12,1,WALLET,0,LOW,129,0
362.3,18,0,CARD,0,LOW,24,0
15942.4,5,0,CARD,0,LOW,417,0
738.01,3,0,NETBANKING,0,LOW,647,0
15154.17,12,1,NETBANKING,0,LOW,70,0
95.77,8,1,WALLET,0,MEDIUM,561,0
291.2,19,1,UPI,0,LOW,741,0
17567.27,6,0,NETBANKING,1,MEDIUM,193,0
7878.06,17,1,CARD,0,LOW,160,0
293.76,16,0,UPI,0,LOW,760,0
590.01,12,0,NETBANKING,0,LOW,529,0
895.64,5,1,CARD,1,LOW,191,0
202.49,7,0,WALLET,0,LOW,651,0
7271.37,9,0,NETBANKING,0,MEDIUM,423,0
19179.86,16,1,CARD,1,LOW,42,0
118.92,22,0,CARD,0,HIGH,723,0
735.37,20,1,WALLET,1,MEDIUM,294,0
518.65,15,1,UPI,0,LOW,157,0
17773.03,16,1,UPI,1,LOW,111,0
11592.0,13,1,WALLET,0,MEDIUM,833,0
442.8,17,0,WALLET,0,LOW,20,0
535.97,7,0,WALLET,0,HIGH,32,0
722.72,6,1,WALLET,0,LOW,592,0
7163.72,17,1,WALLET,0,MEDIUM,415,0
71286.14,15,0,WALLET,0,LOW,52,0
324.09,2,0,NETBANKING,0,LOW,813,0
8414.41,10,0,CARD,0,LOW,952,0
182.95,19,0,UPI,0,MEDIUM,190,0
235.75,1,1,WALLET,0,LOW,281,0
11216.78,9,1,CARD,0,MEDIUM,473,0
357.61,8,0,NETBANKING,0,LOW,956,0
428.89,6,1,NETBANKING,0,LOW,739,0
10540.02,15,1,NETBANKING,0,LOW,702,0
53.97,6,1,CARD,0,LOW,677,0
461.39,11,0,UPI,0,LOW,342,0
666.9,21,0,CARD,0,LOW,550,0
33.36,14,1,NETBANKING,0,HIGH,5,0
1766.21,19,0,NETBANKING,0,LOW,904,0
14087.1,6,1,UPI,0,MEDIUM,886,0
715.88,8,1,WALLET,0,MEDIUM,985,0
13593.56,17,0,WALLET,0,LOW,479,0
978.36,4,0,NETBANKING,1,LOW,309,1
362.45,3,1,CARD,0,LOW,425,0
135953.76,5,0,UPI,0,LOW,522,1
692.5,15,1,WALLET,0,LOW,429,0
17426.54,0,0,NETBANKING,0,MEDIUM,359,0
969.3,19,1,NETBANKING,0,LOW,888,0
676.48,19,1,CARD,0,LOW,999,0
118544.74,12,0,WALLET,0,LOW,283,0
752.03,16,1,CARD,0,LOW,511,0
17043.05,11,0,WALLET,0,LOW,598,0
411.7,18,0,WALLET,0,HIGH,975,0
148.53,14,1,UPI,0,LOW,678,0
13203.35,17,0,CARD,0,MEDIUM,591,0
394.17,3,1,WALLET,0,LOW,175,0
556.31,0,1,UPI,0,LOW,918,0
567.53,20,0,UPI,0,LOW,865,0
704.99,18,1,UPI,0,LOW,829,0
183567.75,2,0,WALLET,1,LOW,671,1
666.44,22,1,WALLET,0,LOW,75,0
722.22,6,0,WALLET,0,MEDIUM,879,0
14176.06,0,0,CARD,0,MEDIUM,801,0
831.25,7,1,CARD,0,LOW,654,0
692.44,11,0,UPI,1,MEDIUM,300,0
682.97,14,0,UPI,0,LOW,268,0
624.51,5,0,WALLET,0,LOW,511,0
1098.45,17,0,WALLET,0,MEDIUM,488,0
839.7,16,1,CARD,0,LOW,299,0
271.4,1,1,UPI,0,LOW,121,0
946.67,15,0,NETBANKING,0,MEDIUM,864,0
5506.56,11,1,WALLET,0,MEDIUM,75,0
928.76,15,0,CARD,0,MEDIUM,912,0
13521.85,15,0,NETBANKING,0,MEDIUM,181,0
10277.81,17,0,WALLET,0,LOW,50,0
883.81,1,1,NETBANKING,0,LOW,161,0
104.57,6,0,NETBANKING,0,LOW,692,0
19395.18,3,1,WALLET,0,MEDIUM,317,0
2923.29,23,1,NETBANKING,0,LOW,940,0
185.09,3,1,CARD,0,LOW,467,0
505.08,6,0,WALLET,0,LOW,282,0
575.03,6,0,WALLET,0,MEDIUM,2,0
869.66,8,0,UPI,0,LOW,158,0
235.6,2,0,UPI,0,LOW,134,0
70.26,11,1,UPI,0,LOW,620,0
776.56,17,1,WALLET,0,LOW,627,0
5394.89,3,0,CARD,0,LOW,688,0
139.51,8,0,WALLET,0,LOW,10,0
1222.37,13,1,UPI,0,HIGH,409,0
216.93,16,0,CARD,0,LOW,980,0
2000.05,1,0,NETBANKING,0,LOW,350,0
190.18,14,1,UPI,0,LOW,258,0
889.06,2,1,WALLET,0,LOW,934,0
64.49,0,0,WALLET,0,LOW,95,0
878.07,3,0,CARD,0,LOW,878,0
521.18,13,1,WALLET,0,MEDIUM,265,0
10668.8,12,0,CARD,0,LOW,963,0
42544.24,2,0,UPI,0,HIGH,368,0
997.32,16,0,UPI,0,LOW,732,0
39.05,15,1,CARD,1,LOW,254,0
125807.16,5,0,UPI,0,LOW,40,1
822.91,18,0,CARD,0,LOW,489,0
91.54,22,0,WALLET,1,LOW,147,0
926.72,10,1,UPI,0,HIGH,128,0
676.26,23,0,WALLET,0,LOW,482,0
638.28,16,1,NETBANKING,0,LOW,587,0
377.75,7,0,CARD,0,LOW,669,0
1674.85,12,0,NETBANKING,0,LOW,642,0
7342.92,20,1,WALLET,0,MEDIUM,861,0
527.1,12,1,UPI,1,LOW,122,0
365.77,1,0,NETBANKING,0,LOW,458,0
224.87,10,1,WALLET,0,LOW,967,0
903.74,14,0,WALLET,0,MEDIUM,190,0
274.13,8,0,NETBANKING,0,LOW,602,0
10613.75,20,1,UPI,0,HIGH,937,0
949.04,17,0,CARD,0,MEDIUM,273,0
4909.71,13,1,WALLET,1,LOW,623,0
725.12,22,0,UPI,0,LOW,845,0
19983.3,9,1,NETBANKING,0,LOW,784,0
820.59,13,0,CARD,0,MEDIUM,674,0
34.25,22,0,NETBANKING,0,LOW,411,0
752.61,5,1,UPI,0,MEDIUM,135,0
322.57,15,1,NETBANKING,0,LOW,408,0
140198.25,8,1,CARD,1,HIGH,478,1
15292.63,15,0,NETBANKING,1,LOW,998,0
544.63,21,1,CARD,0,LOW,795,0
596.28,19,0,CARD,0,LOW,530,0
980.13,0,1,NETBANKING,0,MEDIUM,139,0
829.11,13,1,CARD,0,LOW,426,0
431.4,18,1,WALLET,0,MEDIUM,784,0
329.93,14,0,NETBANKING,0,MEDIUM,638,0
784.75,11,0,CARD,0,LOW,915,0
1461.48,15,1,CARD,0,MEDIUM,791,0
584.31,13,0,UPI,0,LOW,122,0
522.41,6,0,WALLET,1,LOW,307,0
4012.66,8,0,NETBANKING,0,LOW,534,0
21489.06,4,1,WALLET,0,LOW,878,0
359.13,1,1,WALLET,0,LOW,632,0
230.72,19,0,UPI,1,LOW,995,0
14955.89,20,0,UPI,0,LOW,374,0
16269.78,23,0,CARD,0,LOW,877,0
520.43,6,1,WALLET,0,LOW,315,0
6085.88,5,0,WALLET,0,MEDIUM,371,0
1349.07,21,1,NETBANKING,0,LOW,514,0
1556.52,8,0,UPI,0,MEDIUM,352,0
7514.11,2,0,CARD,0,MEDIUM,423,0
19367.38,9,1,UPI,0,LOW,383,0
722.62,8,1,UPI,0,LOW,197,0
496.73,21,1,NETBANKING,0,LOW,648,0
621.88,5,1,WALLET,1,LOW,344,0
19005.78,11,1,UPI,1,HIGH,826,1
149.81,17,0,UPI,1,LOW,386,0
325.18,20,1,WALLET,0,LOW,17,0
798.61,8,0,CARD,1,MEDIUM,924,0
9812.47,1,1,UPI,1,MEDIUM,23,1
444.12,6,1,WALLET,0,MEDIUM,487,0
8627.86,9,0,WALLET,1,LOW,438,0
1372.78,19,1,UPI,0,LOW,954,0
523.02,10,0,UPI,0,LOW,104,0
820.36,23,0,NETBANKING,0,LOW,960,0
915.12,20,1,NETBANKING,0,LOW,833,0
906.5,1,1,UPI,0,LOW,355,0
123.45,20,1,NETBANKING,0,LOW,276,0
219.43,15,0,CARD,0,HIGH,602,0
3420.8,20,0,WALLET,0,MEDIUM,44,0
3600.24,10,0,CARD,0,LOW,57,0
58.63,18,1,WALLET,0,MEDIUM,548,0
14320.91,21,0,UPI,0,MEDIUM,52,0
858.46,22,0,NETBANKING,0,HIGH,741,0
634.8,11,1,NETBANKING,0,LOW,954,0
578.1,0,0,UPI,0,LOW,511,0
9089.93,18,0,CARD,0,LOW,592,0
937.45,9,1,CARD,0,MEDIUM,3,0
418.05,11,0,CARD,0,LOW,693,0
310.36,20,1,NETBANKING,1,LOW,522,0
924.58,2,1,NETBANKING,0,LOW,50,0
48464.85,10,0,NETBANKING,0,MEDIUM,187,0
728.77,20,1,WALLET,0,LOW,6,0
16759.67,20,1,CARD,0,MEDIUM,494,0
976.42,16,0,NETBANKING,0,LOW,267,0
676.85,9,0,CARD,0,LOW,120,0
593.41,17,1,NETBANKING,0,MEDIUM,247,0
10458.67,0,0,UPI,0,MEDIUM,838,0
980.42,0,0,NETBANKING,0,LOW,597,0
125.75,11,1,CARD,0,LOW,967,0
58.98,22,0,CARD,0,LOW,658,0
732.77,18,0,UPI,0,LOW,429,0
4218.83,14,0,UPI,0,MEDIUM,945,0
716.34,9,1,WALLET,0,MEDIUM,740,0
130902.6,21,1,UPI,0,LOW,504,0
848.93,19,0,UPI,0,LOW,548,0
918.72,8,0,CARD,0,MEDIUM,525,0
208.72,19,1,NETBANKING,0,MEDIUM,500,0
479.65,4,0,UPI,0,MEDIUM,679,0
16758.28,15,1,CARD,0,LOW,665,0
749.72,7,1,WALLET,0,LOW,386,0
7278.42,1,1,UPI,1,LOW,80,0
708.24,12,1,WALLET,1,MEDIUM,601,0
1844.96,12,0,WALLET,0,MEDIUM,281,0
3480.14,21,1,CARD,1,MEDIUM,204,0
853.05,4,1,CARD,0,LOW,783,0
16.69,7,0,CARD,0,LOW,83,0
131957.08,1,1,WALLET,0,LOW,979,1
269.14,0,1,CARD,1,LOW,871,0
18791.45,23,0,WALLET,0,LOW,230,0
30.65,13,1,WALLET,0,LOW,852,0
19679.19,9,1,CARD,0,LOW,468,0
78.02,10,1,NETBANKING,1,LOW,922,0
43.39,1,0,CARD,0,LOW,377,0
424.55,19,0,UPI,0,HIGH,568,0
982.84,16,0,UPI,0,LOW,772,0
729.13,3,0,CARD,0,LOW,725,0
608.72,15,0,WALLET,0,LOW,503,0
140.31,2,1,UPI,0,LOW,93,0
668.49,9,0,CARD,0,LOW,103,0
736.44,17,0,CARD,0,MEDIUM,403,0
420.11,7,1,NETBANKING,0,MEDIUM,755,0
14797.45,16,0,UPI,0,HIGH,297,0
700.81,6,0,CARD,0,LOW,841,0
385.59,0,0,CARD,0,LOW,993,0
14778.01,21,1,NETBANKING,0,LOW,230,0
109882.09,9,1,UPI,0,LOW,356,0
18963.97,9,0,UPI,0,MEDIUM,126,0
773.75,10,0,NETBANKING,0,LOW,422,0
947.29,17,1,CARD,0,MEDIUM,437,0
297.62,7,1,UPI,0,LOW,117,0
22.81,13,0,WALLET,0,LOW,114,0
641.02,7,0,NETBANKING,1,MEDIUM,39,0
8983.25,21,1,NETBANKING,0,LOW,97,0
8892.57,6,1,CARD,0,LOW,931,0
14748.92,3,0,CARD,0,LOW,959,0
887.55,16,0,WALLET,0,LOW,174,0
495.77,10,1,NETBANKING,0,LOW,715,0
803.34,21,1,CARD,0,LOW,40,0
89510.75,21,1,NETBANKING,1,LOW,833,1
42.29,9,0,NETBANKING,0,LOW,778,0
404.48,8,0,NETBANKING,0,LOW,696,0
716.12,3,0,WALLET,0,LOW,942,0
687.99,19,1,NETBANKING,1,LOW,407,0
746.37,1,0,UPI,1,LOW,304,0
10856.92,1,0,CARD,0,HIGH,705,0
137841.74,21,1,WALLET,0,MEDIUM,33,0
18603.45,10,1,UPI,0,MEDIUM,519,0
697.02,14,0,UPI,0,MEDIUM,644,0
5688.18,17,1,WALLET,0,MEDIUM,669,0
18303.29,12,1,NETBANKING,0,MEDIUM,684,0
856.2,8,1,UPI,0,HIGH,387,0
616.48,11,1,WALLET,0,LOW,550,0
932.62,7,1,NETBANKING,0,MEDIUM,671,0
776.32,23,0,CARD,0,LOW,585,0
964.27,10,1,UPI,0,LOW,588,0
257.14,5,1,CARD,1,LOW,111,0
824.21,14,0,CARD,0,LOW,249,0
450.62,17,0,WALLET,0,LOW,361,0
964.25,17,1,WALLET,0,LOW,415,0
933.91,14,0,WALLET,0,MEDIUM,493,0
148.22,0,1,UPI,0,MEDIUM,595,0
4524.92,0,1,CARD,0,LOW,547,0
2752.59,3,1,NETBANKING,1,MEDIUM,31,0
11083.0,22,0,CARD,0,LOW,741,0
82.43,1,1,CARD,1,MEDIUM,676,0
91249.74,6,0,WALLET,1,MEDIUM,837,1
619.39,11,1,NETBANKING,0,MEDIUM,623,0
973.84,3,0,WALLET,0,LOW,451,0
792.57,18,1,UPI,0,LOW,922,0
211.85,17,1,WALLET,0,MEDIUM,677,0
4113.83,1,1,WALLET,0,LOW,711,0
746.91,6,0,WALLET,0,MEDIUM,454,0
12292.38,9,1,UPI,0,LOW,72,0
12855.15,3,0,UPI,0,LOW,848,0
693.4,21,0,UPI,0,LOW,171,0
10299.7,0,0,CARD,0,LOW,883,0
13832.45,0,0,WALLET,0,MEDIUM,42,0
63121.89,1,0,UPI,0,LOW,385,0
755.53,1,0,UPI,0,HIGH,626,0
6382.07,17,1,NETBANKING,0,MEDIUM,809,0
139.73,14,1,UPI,0,LOW,172,0
553.33,3,1,WALLET,0,HIGH,346,0
704.94,22,0,NETBANKING,0,LOW,190,0
3635.7,23,1,NETBANKING,0,LOW,150,0
69.62,7,1,NETBANKING,1,LOW,574,0
664.78,15,1,CARD,0,LOW,2,0
501.53,9,0,NETBANKING,0,LOW,554,0
356.67,20,0,WALLET,1,LOW,475,0
127.06,22,0,NETBANKING,1,LOW,953,0
375.81,17,0,UPI,0,HIGH,89,0
240.27,7,1,CARD,0,LOW,638,0
610.49,4,0,WALLET,0,LOW,471,0
306.96,8,1,CARD,0,LOW,743,0
279.02,3,0,UPI,0,LOW,256,0
312.47,4,1,CARD,0,MEDIUM,34,0
321.67,7,1,NETBANKING,0,LOW,825,0
505.55,7,1,NETBANKING,0,LOW,317,0
136.2,19,1,CARD,0,LOW,501,0
401.12,23,0,NETBANKING,1,LOW,988,0
450.9,9,1,UPI,0,MEDIUM,862,0
916.3,8,1,CARD,1,LOW,19,1
994.73,21,0,UPI,1,LOW,455,0
441.53,5,0,WALLET,0,LOW,238,0
2347.34,20,0,NETBANKING,0,LOW,807,0
1291.65,5,1,WALLET,0,MEDIUM,305,0
198.79,4,0,WALLET,0,LOW,128,0
12856.85,19,1,NETBANKING,0,HIGH,324,0
858.45,0,0,NETBANKING,0,MEDIUM,327,0
469.68,11,0,NETBANKING,0,LOW,776,0
459.52,6,0,UPI,1,LOW,74,0
631.5,6,0,CARD,0,MEDIUM,828,0
294.7,8,0,UPI,0,LOW,166,0
460.09,17,0,NETBANKING,0,LOW,524,0
58.57,14,0,WALLET,0,LOW,542,0
119.38,19,0,UPI,0,LOW,949,0
290.19,18,0,UPI,0,LOW,361,0
652.54,17,1,WALLET,0,LOW,612,0
473.54,22,1,UPI,0,LOW,504,0
387.89,9,1,UPI,0,LOW,739,0
143.6,4,1,UPI,0,MEDIUM,806,0
236.72,21,1,NETBANKING,0,LOW,802,0
951.77,18,1,NETBANKING,1,LOW,517,0
811.75,18,1,CARD,0,HIGH,169,0
701.66,11,1,WALLET,0,MEDIUM,178,0
528.8,20,1,CARD,0,LOW,753,0
80832.55,21,0,UPI,0,LOW,272,0
947.07,8,1,CARD,0,LOW,369,0
798.28,17,1,UPI,0,MEDIUM,880,0
209.34,1,0,UPI,0,HIGH,576,0
166.65,8,1,CARD,0,LOW,811,0
19247.81,2,1,UPI,0,LOW,12,0
17327.8,21,1,UPI,0,MEDIUM,265,0
179.39,3,1,UPI,0,LOW,256,0
763.47,5,1,CARD,0,MEDIUM,97,0
233.62,11,1,UPI,0,MEDIUM,963,0
189.53,14,0,NETBANKING,0,MEDIUM,972,0
551.11,3,1,CARD,0,MEDIUM,689,0
2076.94,9,1,WALLET,0,LOW,252,0
15908.69,21,0,CARD,0,MEDIUM,465,0
733.9,13,0,CARD,0,LOW,852,0
797.83,6,0,NETBANKING,0,LOW,283,0
684.79,11,1,WALLET,0,LOW,255,0
19886.52,6,0,UPI,0,MEDIUM,928,0
761.78,13,1,WALLET,0,HIGH,25,0
3072.86,5,1,UPI,1,LOW,211,1
13812.47,18,1,CARD,0,LOW,926,0
444.61,22,1,UPI,0,LOW,886,0
40.71,22,1,CARD,0,LOW,598,0
850.26,23,1,UPI,0,LOW,114,0
534.32,11,1,WALLET,1,MEDIUM,446,0
218.97,14,1,UPI,0,HIGH,808,0
753.0,1,1,CARD,0,LOW,68,0
635.42,14,0,UPI,0,LOW,994,0
980.73,15,0,WALLET,0,LOW,564,0
403.05,14,0,UPI,0,LOW,967,0
402.95,18,1,UPI,0,MEDIUM,820,0
730.89,11,1,CARD,0,LOW,195,0
17780.17,13,1,CARD,1,LOW,880,0
264.47,7,1,WALLET,0,LOW,762,0
931.01,19,0,WALLET,0,LOW,461,0
994.82,5,1,NETBANKING,0,LOW,711,0
848.86,23,1,UPI,0,MEDIUM,719,0
163.68,8,0,NETBANKING,1,LOW,172,0
748.97,20,1,UPI,0,HIGH,459,0
230.7,3,0,CARD,0,LOW,659,0
13937.72,16,0,CARD,0,LOW,745,0
629.43,3,1,UPI,0,LOW,527,0
803.73,15,1,UPI,0,LOW,830,0
543.38,10,1,NETBANKING,0,HIGH,527,0
977.58,11,0,NETBANKING,0,LOW,919,0
771.79,20,0,CARD,0,LOW,238,0
283.7,17,0,WALLET,1,LOW,919,0
19778.77,9,0,CARD,0,LOW,573,0
120.1,17,0,WALLET,0,MEDIUM,361,0
5482.58,14,1,NETBANKING,0,LOW,686,0
714.01,20,1,NETBANKING,1,HIGH,149,1
683.68,0,1,NETBANKING,0,MEDIUM,670,0
137497.24,5,0,UPI,0,LOW,140,1
339.33,17,1,NETBANKING,0,LOW,184,0
329.68,16,0,CARD,0,HIGH,531,0
664.88,19,0,CARD,0,MEDIUM,372,0
715.55,19,1,CARD,0,LOW,630,0
36.63,5,0,CARD,0,LOW,469,0
392.11,21,0,NETBANKING,0,MEDIUM,788,0
375.6,16,1,WALLET,0,LOW,652,0
914.63,11,1,CARD,0,HIGH,566,0
63.87,23,1,UPI,0,MEDIUM,777,0
5912.94,1,0,CARD,0,HIGH,137,0
6903.52,15,0,WALLET,0,LOW,561,0
398.42,6,0,CARD,0,LOW,587,0
19996.6,18,0,CARD,0,MEDIUM,290,0
823.07,16,1,UPI,0,LOW,281,0
19904.11,13,0,CARD,1,LOW,818,0
610.11,3,0,NETBANKING,0,LOW,859,0
697.78,18,0,WALLET,0,HIGH,220,0
874.61,11,1,NETBANKING,0,LOW,790,0
788.22,17,0,CARD,0,MEDIUM,824,0
4564.09,20,0,WALLET,0,MEDIUM,62,0
11256.69,17,1,WALLET,1,MEDIUM,793,0
417.59,23,1,WALLET,0,MEDIUM,165,0
13495.69,17,0,CARD,0,LOW,72,0
210.98,9,0,WALLET,0,LOW,52,0
11062.73,18,0,UPI,0,LOW,7,0
813.01,6,1,WALLET,0,LOW,701,0
679.76,4,1,CARD,0,LOW,6,0
631.51,19,0,WALLET,0,LOW,641,0
135229.74,14,1,CARD,0,LOW,622,1
791.71,19,0,UPI,0,LOW,112,0
192371.18,3,1,UPI,0,LOW,577,1
85.59,2,1,WALLET,0,MEDIUM,719,0
18131.43,15,0,WALLET,0,LOW,333,0
11417.3,4,1,WALLET,0,LOW,993,0
6250.11,23,0,NETBANKING,0,MEDIUM,124,0
916.91,5,1,WALLET,0,LOW,419,0
483.77,14,0,WALLET,1,HIGH,527,1
918.86,8,1,NETBANKING,0,LOW,671,0
245.83,1,1,CARD,1,LOW,329,0
771.09,4,1,CARD,0,MEDIUM,704,0
433.87,23,1,NETBANKING,0,MEDIUM,821,0
56.69,6,0,NETBANKING,1,LOW,606,0
376.12,16,0,UPI,0,MEDIUM,491,0
83758.72,3,1,WALLET,0,LOW,835,0
163674.54,13,1,WALLET,0,LOW,324,0
2685.79,22,1,WALLET,1,LOW,710,0
2948.24,11,1,CARD,0,MEDIUM,708,0
710.77,23,0,CARD,0,LOW,58,0
35.04,18,0,CARD,0,MEDIUM,80,0
880.26,8,0,NETBANKING,0,MEDIUM,203,0
741.12,2,0,NETBANKING,0,LOW,54,0
501.02,11,0,CARD,0,LOW,707,0
173.37,2,1,NETBANKING,0,HIGH,959,0
516.16,23,0,UPI,0,MEDIUM,440,0
8530.66,16,0,CARD,0,LOW,264,0
6533.51,13,0,CARD,0,LOW,796,0
965.0,9,0,NETBANKING,0,HIGH,745,0
196.56,12,0,WALLET,0,LOW,413,0
546.16,21,1,CARD,0,LOW,757,0
922.45,12,0,CARD,0,MEDIUM,848,0
66.08,9,0,UPI,0,HIGH,364,0
152.71,18,0,WALLET,0,LOW,769,0
2865.57,20,0,CARD,0,LOW,835,0
159923.92,1,0,NETBANKING,0,LOW,870,1
13449.05,9,1,UPI,0,HIGH,711,0
2036.73,15,1,NETBANKING,1,MEDIUM,967,0
522.17,13,0,UPI,0,LOW,534,0
750.22,12,1,CARD,0,HIGH,852,0
504.58,1,1,NETBANKING,0,LOW,484,0
126.18,22,0,CARD,0,HIGH,710,0
1509.21,4,1,UPI,1,LOW,155,0
134260.53,15,0,CARD,0,MEDIUM,842,1
123816.92,1,0,NETBANKING,0,MEDIUM,208,1
617.42,17,1,CARD,0,MEDIUM,426,0
492.76,9,1,WALLET,0,LOW,564,0
405.66,19,1,NETBANKING,0,LOW,444,0
628.59,2,1,UPI,0,LOW,169,0
192302.64,16,0,UPI,0,MEDIUM,783,0
3337.86,4,0,CARD,1,LOW,772,0
4082.28,13,1,WALLET,0,MEDIUM,431,0
226.74,9,1,WALLET,0,MEDIUM,119,0
423.78,0,1,UPI,0,LOW,37,0
12370.67,3,1,CARD,0,LOW,623,0
320.13,21,1,WALLET,0,LOW,985,0
870.46,22,0,CARD,0,LOW,557,0
10118.73,9,0,UPI,0,LOW,705,0
443.25,12,1,UPI,0,MEDIUM,502,0
289.23,8,0,WALLET,0,MEDIUM,97,0
754.61,20,0,UPI,0,LOW,927,0
701.06,15,0,UPI,0,MEDIUM,814,0
778.22,5,0,NETBANKING,0,LOW,404,0
168.43,18,1,UPI,0,LOW,770,0
554.21,0,1,CARD,0,LOW,177,0
131.29,18,1,WALLET,0,MEDIUM,91,0
15.05,12,1,WALLET,0,LOW,969,0
12891.23,18,0,NETBANKING,0,MEDIUM,319,0
14373.43,8,1,WALLET,0,LOW,617,0
910.64,19,1,WALLET,0,MEDIUM,639,0
478.92,22,0,WALLET,0,LOW,248,0
127.69,19,1,CARD,0,MEDIUM,193,0
5042.33,16,1,UPI,0,LOW,72,0
431.63,3,1,UPI,1,LOW,431,0
7087.57,5,1,CARD,0,LOW,919,0
139.71,9,0,WALLET,0,HIGH,182,0
242.26,8,0,NETBANKING,0,MEDIUM,715,0
12756.62,8,1,CARD,0,LOW,905,0
101.92,12,0,WALLET,0,LOW,692,0
14433.64,18,0,NETBANKING,0,MEDIUM,763,0
501.24,15,0,CARD,1,HIGH,359,0
19706.68,23,1,WALLET,0,LOW,281,0
680.5,22,0,UPI,0,LOW,767,0
5160.98,18,0,UPI,0,LOW,49,0
1074.19,15,0,WALLET,1,LOW,931,0
607.95,9,1,CARD,1,LOW,900,0
649.03,3,0,WALLET,0,MEDIUM,935,0
7259.03,10,0,NETBANKING,0,LOW,644,0
33047.84,17,1,UPI,0,LOW,360,0
516.69,1,0,NETBANKING,0,MEDIUM,711,0
643.43,16,1,WALLET,0,LOW,709,0
255.51,1,1,WALLET,0,LOW,19,0
225.18,18,0,CARD,0,LOW,78,0
402.06,15,1,CARD,0,HIGH,205,0
193.81,12,1,NETBANKING,0,LOW,6,0
73458.99,0,1,WALLET,0,LOW,510,0
562.1,6,0,CARD,0,LOW,629,0
948.65,6,0,UPI,0,LOW,377,0
865.94,21,0,WALLET,0,MEDIUM,902,0
17380.09,18,1,WALLET,0,LOW,118,0
406.7,8,0,WALLET,0,LOW,765,0
12781.88,17,0,WALLET,0,MEDIUM,861,0
16989.11,2,0,NETBANKING,0,LOW,706,0
12629.73,7,1,UPI,0,LOW,275,0
817.13,20,0,UPI,0,MEDIUM,327,0
414.54,1,0,UPI,0,LOW,60,0
279.85,16,1,CARD,1,HIGH,813,1
411.73,0,1,UPI,0,LOW,887,0
15350.04,22,0,NETBANKING,0,MEDIUM,383,0
3092.63,3,1,WALLET,0,LOW,965,0
717.21,16,0,UPI,0,LOW,843,0
689.57,16,1,CARD,0,LOW,155,0
48918.39,6,1,CARD,0,MEDIUM,45,0
5228.89,23,1,UPI,1,LOW,481,0
1760.25,22,1,CARD,0,MEDIUM,77,0
10182.16,10,0,NETBANKING,0,MEDIUM,130,0
133.08,16,0,NETBANKING,0,LOW,600,0
975.03,20,0,NETBANKING,0,LOW,191,0
16580.97,20,0,CARD,0,LOW,493,0
232.8,20,1,UPI,0,LOW,551,0
926.38,2,1,CARD,0,LOW,447,0
19196.58,5,1,WALLET,0,LOW,285,0
462.66,7,0,NETBANKING,1,LOW,612,0
591.75,1,0,WALLET,0,LOW,729,0
415.69,15,0,WALLET,0,HIGH,971,0
632.08,12,0,UPI,0,LOW,820,0
218.31,4,0,NETBANKING,0,LOW,350,0
903.3,0,1,WALLET,0,MEDIUM,989,0
931.46,12,1,NETBANKING,0,LOW,77,0
891.74,9,0,NETBANKING,0,LOW,824,0
656.93,15,0,UPI,0,LOW,38,0
647.92,4,0,WALLET,0,HIGH,277,0
310.55,21,0,CARD,0,LOW,385,0
545.47,1,0,CARD,0,MEDIUM,919,0
16.05,2,0,NETBANKING,0,LOW,105,0
570.45,18,1,CARD,0,LOW,604,0
3971.9,19,0,UPI,0,MEDIUM,663,0
82.11,14,1,NETBANKING,0,HIGH,121,0
35.48,5,1,UPI,0,LOW,804,0
780.92,1,0,UPI,0,LOW,711,0
921.22,3,0,NETBANKING,0,MEDIUM,326,0
482.38,15,0,WALLET,0,HIGH,730,0
233.77,0,0,NETBANKING,1,LOW,538,0
947.26,0,0,NETBANKING,0,LOW,664,0
886.62,4,0,CARD,0,LOW,667,0
498.85,9,0,CARD,0,LOW,189,0
115.78,8,1,WALLET,0,LOW,333,0
322.85,15,1,CARD,0,LOW,843,0
461.61,16,1,CARD,0,LOW,1000,0
795.71,14,0,NETBANKING,0,LOW,588,0
538.13,17,1,WALLET,0,LOW,91,0
314.5,22,0,WALLET,0,LOW,230,0
864.33,17,0,CARD,1,LOW,5,1
714.9,23,1,NETBANKING,0,LOW,652,0
6884.43,3,0,WALLET,0,HIGH,175,0
159.79,15,1,UPI,1,MEDIUM,370,0
467.5,18,0,CARD,0,LOW,568,0
9235.9,15,0,UPI,0,LOW,848,0
4892.12,11,1,NETBANKING,1,LOW,564,0
665.3,21,0,NETBANKING,0,MEDIUM,221,0
31.33,19,0,NETBANKING,0,LOW,319,0
123.07,21,0,WALLET,0,HIGH,975,0
491.28,12,1,WALLET,0,HIGH,782,0
306.24,22,1,UPI,0,HIGH,296,0
262.52,5,1,CARD,0,HIGH,569,0
15906.07,18,0,UPI,0,LOW,246,0
555.23,12,0,UPI,0,HIGH,29,0
8212.59,2,1,WALLET,0,MEDIUM,365,0
68180.26,2,1,NETBANKING,0,LOW,956,0
764.75,2,1,WALLET,0,HIGH,458,0
210.74,7,1,CARD,0,LOW,81,0
493.55,10,1,CARD,0,MEDIUM,935,0
330.72,0,0,CARD,0,LOW,677,0
57.33,3,0,NETBANKING,0,LOW,341,0
14245.14,7,0,NETBANKING,0,LOW,852,0
276.54,14,1,UPI,0,LOW,841,0
795.29,1,1,NETBANKING,0,HIGH,971,0
152.97,0,0,WALLET,0,MEDIUM,560,0
554.26,14,1,NETBANKING,0,LOW,471,0
930.0,1,0,CARD,0,LOW,656,0
433.26,15,0,CARD,0,LOW,715,0
44.17,15,0,WALLET,0,MEDIUM,712,0
2898.97,5,0,NETBANKING,0,LOW,838,0
958.93,13,0,CARD,0,LOW,109,0
486.51,3,1,UPI,0,LOW,868,0
172101.75,16,1,NETBANKING,0,LOW,751,0
363.64,19,1,WALLET,0,LOW,987,0
547.61,12,1,WALLET,0,MEDIUM,194,0
569.23,6,0,UPI,0,LOW,780,0
648.73,21,1,WALLET,0,LOW,901,0
98170.14,0,1,UPI,0,LOW,549,0
630.71,4,1,CARD,0,LOW,230,0
773.65,16,1,CARD,0,LOW,778,0
187022.82,11,0,WALLET,0,MEDIUM,223,0
18203.02,0,1,NETBANKING,0,LOW,649,0
523.77,8,0,UPI,0,LOW,280,0
740.29,5,1,UPI,0,LOW,662,0
213.93,0,1,NETBANKING,0,HIGH,442,0
7618.64,22,1,UPI,0,LOW,120,0
115.43,22,0,WALLET,0,LOW,268,0
937.61,20,1,WALLET,0,LOW,643,0
556.25,9,0,UPI,0,LOW,836,0
509.59,3,1,UPI,0,MEDIUM,790,0
11015.19,17,0,WALLET,0,LOW,110,0
688.03,7,0,CARD,0,LOW,127,0
472.08,4,0,UPI,0,LOW,16,0
741.43,16,1,CARD,0,LOW,916,0
34.76,8,0,CARD,0,LOW,759,0
13008.12,6,0,UPI,0,LOW,653,0
7155.58,21,1,CARD,0,LOW,362,0
215.75,6,1,UPI,0,LOW,124,0
18147.71,12,0,CARD,0,MEDIUM,267,0
78.95,17,0,NETBANKING,0,LOW,785,0
870.67,14,1,UPI,0,LOW,775,0
666.09,9,1,WALLET,0,MEDIUM,272,0
5187.25,17,1,WALLET,0,LOW,267,0
257.91,3,1,CARD,0,MEDIUM,842,0
781.32,3,0,CARD,1,HIGH,632,1
119110.17,6,0,WALLET,0,MEDIUM,420,0
664.16,10,0,NETBANKING,0,LOW,364,0
7082.99,4,0,UPI,0,LOW,325,0
7730.76,8,1,UPI,1,MEDIUM,949,0
17650.98,10,0,WALLET,0,HIGH,470,0
6267.67,13,1,NETBANKING,0,LOW,820,0
935.91,12,1,NETBANKING,0,MEDIUM,435,0
841.02,2,0,CARD,0,LOW,156,0
747.86,8,0,WALLET,0,MEDIUM,74,0
823.33,13,1,WALLET,0,LOW,79,0
435.8,7,1,CARD,0,LOW,164,0
265.14,3,0,WALLET,0,LOW,100,0
9906.51,20,1,CARD,0,LOW,141,0
538.83,13,0,CARD,0,LOW,349,0
68295.69,23,0,NETBANKING,0,LOW,411,0
392.99,13,1,UPI,0,LOW,19,0
8997.61,0,0,CARD,0,LOW,2,0
9653.38,22,1,NETBANKING,0,LOW,275,0
134.84,13,0,WALLET,0,MEDIUM,279,0
285.71,4,0,UPI,0,LOW,904,0
18153.76,5,0,NETBANKING,0,LOW,490,0
3922.54,4,0,UPI,0,LOW,712,0
6979.53,20,1,UPI,0,MEDIUM,57,0
